ID,transaction_amount,account_tenure_years,num_prior_fraud_flags,country_risk_score,is_international,merchant_category,hour_of_day,channel,is_fraud
10367,239.36793898692366,1.9618948272051628,0,2,0,clothing,9,web,0
10368,149.44647302155875,8.014908341,0,6,0,electronics,18,mobile,0
10369,138.22835843709535,1.1826993990893595,0,9,1,travel,20,branch,1
10370,138.23022943318006,3.9436047897151956,0,4,0,grocery,10,mobile,0
10371,464.9714412230651,0.9913288550080441,0,3,0,clothing,11,web,1
10372,286.6706230964222,2.133934260780778,0,9,0,travel,9,branch,1
10373,113.1078001740899,13.394280181503353,0,2,0,grocery,6,branch,1
10374,246.98144734312132,0.789651483,0,9,0,clothing,23,mobile,0
10375,199.8960264064647,5.003811617914973,0,2,0,grocery,7,mobile,1
10376,21.59149434905854,4.4941487416039045,1,3,0,luxury,10,branch,1
10377,67.12422826877062,0.6433638043394342,0,7,1,grocery,17,mobile,0
10378,210.61656373481634,1.9724703811102364,0,2,0,luxury,15,mobile,0
10379,436.51768674835284,4.138898805092391,0,1,0,luxury,0,web,0
10380,139.1852184959146,1.0362194241137013,0,9,1,grocery,5,branch,0
10381,105.80274390543036,8.062805332352259,0,6,0,luxury,16,web,1
10382,181.40075414721656,17.905780377339234,0,9,0,clothing,21,web,1
10383,100.52844807180976,1.208825556,1,3,0,luxury,12,branch,1
10384,131.77413811391884,1.0345794545311118,0,3,0,electronics,22,branch,0
10385,164.93024789402645,3.034251785491034,0,3,0,clothing,9,web,1
10386,64.01373048438835,6.886975925355955,0,2,1,clothing,9,branch,0
10387,297.00600942131393,1.6536480571555257,0,6,1,clothing,0,web,1
10388,53.51814462790401,0.10040086339781301,0,3,0,electronics,6,web,1
10389,47.27934438346734,3.8959292778830235,0,5,0,electronics,19,mobile,0
10390,193.39504178881347,15.686544600786894,0,5,0,electronics,8,web,0
10391,281.33538079790503,2.4819586060834427,0,3,0,electronics,10,branch,1
10392,189.78355743570705,2.7247959616318536,0,3,0,electronics,19,web,0
10393,152.1779177084601,17.353013369956273,0,1,0,travel,1,web,0
10394,130.73814349834743,5.930789049874469,0,6,0,travel,0,branch,0
10395,113.99098306866505,6.35006311,0,3,0,electronics,22,branch,1
10396,343.7799300519449,4.135702031877204,0,1,0,clothing,11,mobile,1
10397,212.10439393899222,18.366844015678826,0,9,0,luxury,6,branch,1
10398,121.73188136586542,5.837665742007713,1,1,0,luxury,18,web,1
10399,93.66065293115572,11.27053448765512,0,5,0,travel,4,branch,0
10400,258.7618956707874,6.009522485963173,0,5,0,electronics,11,branch,0
10401,338.34416734022176,6.642313117051978,0,2,0,grocery,13,mobile,0
10402,318.1209781802889,1.7153462003784816,0,1,0,luxury,6,web,1
10403,80.10470482,1.8082845094974267,0,6,0,luxury,7,mobile,1
10404,129.84978012876243,7.638935943313055,0,7,1,clothing,13,mobile,1
10405,112.14349675200985,1.759903390398407,1,9,0,luxury,11,web,1
10406,143.82881157859885,4.136480342423351,0,8,0,travel,8,branch,1
10407,295.10885233632564,1.434094298347145,0,3,0,electronics,9,web,0
10408,410.22624572072107,8.490891575065923,0,9,0,electronics,9,mobile,1
10409,217.84871403084986,0.5854864548209006,0,1,0,luxury,0,mobile,0
10410,96.48446230922173,8.843535339733302,0,6,0,grocery,21,web,1
10411,162.0841964888904,4.615693132724475,0,2,0,travel,5,mobile,0
10412,461.25395350735846,1.0345645117465523,0,9,0,l,13,branch,1
10413,178.1588601553853,3.9048167939156024,0,9,0,travel,22,branch,0
10414,130.96847025755773,1.6599035511549283,0,8,0,grocery,8,web,1
10415,139.88526118012786,1.9538727342334394,0,7,0,travel,22,web,0
10416,217.1513364048012,2.1656825843253165,0,6,0,travel,22,branch,0
10417,82.56317345052628,0.3270638330797551,0,2,0,travel,11,web,0
10418,109.91971181233626,21.329824295962837,0,4,0,electronics,18,b,1
10419,314.97723935742505,0.1602127558447292,1,7,0,grocery,19,branch,1
10420,212.8127615323064,5.43090252,0,6,1,electronics,21,branch,1
10421,179.516084,2.319930039568459,1,9,1,clothing,22,branch,1
10422,325.60135646790343,5.192437183709089,1,5,0,luxury,11,web,1
10423,91.46857837815253,2.2022105667875893,0,6,0,electronics,12,branch,0
10424,127.84349172309804,5.600466506086304,0,6,0,travel,2,branch,1
10425,207.8930304781394,6.532529372820298,0,8,0,clothing,10,mobile,1
10426,202.6914590597363,5.8648364169489255,0,8,0,grocery,1,mobile,0
10427,42.58455742984131,0.6049770943335147,0,6,1,grocery,17,mobile,0
10428,118.04614136051148,5.348568055110441,0,8,0,electronics,17,mobile,1
10429,146.69983703616063,1.6424338734834174,0,7,1,travel,23,web,0
10430,224.4605542031768,0.14612134945072602,0,1,0,travel,8,mobile,0
10431,202.17636415175994,2.679270119351547,1,5,0,grocery,0,mobile,1
10432,157.23929640013088,2.8417714377923344,1,5,0,travel,15,mobile,1
10433,21.410508190600062,3.1478030621086157,0,9,0,luxury,0,web,0
10434,163.26711944514605,6.100920253431413,0,7,0,electronics,20,branch,0
10435,174.56390277852233,1.8469472239173124,0,7,1,electronics,19,mobile,1
10436,729.7997789,1.8937301638609694,0,2,1,travel,23,branch,0
10437,143.04597726306332,0.312315415,0,8,0,grocery,4,mobile,1
10438,208.70595224639973,5.804905283,0,3,0,luxury,16,web,0
10439,362.0212758880965,4.194636027706973,0,9,0,luxury,7,web,0
10440,283.80726964723607,2.149494324856349,1,6,1,luxury,5,web,1
10441,421.2804580611479,6.107103672089202,0,9,0,clothing,0,branch,1
10442,43.291221940768644,3.854006000400974,0,9,0,travel,12,web,1
10443,68.70618941603256,3.167273279130964,0,7,0,luxury,17,branch,1
10444,103.72670444422269,3.5802834915725708,1,8,1,travel,3,web,1
10445,35.93171948522547,5.057791285,0,2,0,grocery,14,mobile,0
10446,175.67572936081476,5.394086609573998,0,5,1,grocery,13,mobile,0
10447,73.91777106,1.7051176241777488,0,3,0,grocery,15,mobile,0
10448,457.52087466820905,0.7584381977959282,0,1,0,clothing,4,mobile,0
10449,84.62008804452891,0.8517723317156073,0,6,0,grocery,0,branch,0
10450,128.45032178696397,5.099803469,0,9,0,travel,22,web,1
10451,295.2962159704253,10.312854700399761,0,2,0,electronics,3,branch,1
10452,52.91380569674935,2.633896704,0,9,0,electronics,16,branch,1
10453,33.358316490999115,0.9287581257677281,0,8,0,travel,5,mobile,0
10454,191.65717437776124,7.065296813151689,0,9,0,electronics,3,web,1
10455,202.5190485749753,8.933545452022233,0,5,0,luxury,6,branch,0
10456,289.3454639823831,10.625645231476806,0,2,0,electronics,0,branch,1
10457,243.53772200277479,4.667584125085228,0,6,0,clothing,9,branch,1
10458,208.02236705702893,9.856652199744204,0,7,0,grocery,12,branch,0
10459,93.38814169542263,0.077675021,0,3,0,electronics,8,web,1
10460,198.48449116369443,0.5671639435372023,0,6,0,electronics,13,mobile,1
10461,207.43742601607025,0.48572768399672445,0,6,0,clothing,0,mobile,1
10462,90.40842928085176,6.234483020995512,0,8,0,clothing,8,branch,1
10463,542.2075519778427,0.3606054940147458,0,1,0,electronics,5,web,1
10464,235.62735707681094,3.4295111680797308,0,4,0,luxury,9,web,1
10465,69.84617454703965,3.199993577375699,0,1,1,electronics,10,branch,0
10466,290.3277905202262,1.8604190044780922,0,8,1,luxury,6,web,1
10467,324.5395140403899,10.216711936940994,0,2,0,grocery,19,branch,1
10468,225.83783487614159,0.9342582221012691,0,8,0,travel,21,mobile,0
10469,136.9519838,2.1728950561441334,0,3,1,grocery,11,mobile,1
10470,87.06853460462098,7.439897087204884,0,8,0,electronics,21,mobile,0
10471,156.9097196352098,0.1544733897569499,0,6,1,electronics,11,branch,1
10472,214.7025945722302,5.588217191917744,2,1,1,luxury,13,branch,1
10473,168.3508449691649,8.474917086104238,0,7,0,c,9,mobile,1
10474,433.55272169876156,13.460970788886337,0,7,0,luxury,15,branch,1
10475,261.19128358470556,10.449344207178932,0,6,0,clothing,21,web,0
10476,78.69200543779318,1.9237859009079474,0,1,0,clothing,3,mobile,0
10477,63.11876548292238,4.413846303085106,0,5,1,clothing,22,web,1
10478,237.03511150172915,0.4022203622797178,1,1,1,clothing,13,web,1
10479,139.45025259693506,1.4911542689268644,0,1,1,electronics,1,branch,0
10480,276.8812146,0.494807271,0,6,0,travel,1,branch,1
10481,235.5305628586492,1.8930494719405861,1,8,1,travel,10,mobile,1
10482,157.44018794262604,10.404701860174546,0,1,1,grocery,10,branch,0
10483,79.50606810600569,2.1321683977740036,0,2,1,grocery,5,branch,0
10484,37.61997246865219,4.126518770566426,0,5,1,grocery,2,web,0
10485,195.86207416977896,2.840339453680581,0,8,0,luxury,22,branch,1
10486,52.02515336190322,3.070908565726125,0,4,0,grocery,8,mobile,0
10487,76.62041294056972,17.461968727146942,0,5,0,grocery,2,branch,0
10488,187.3106279986648,1.7559818102332265,0,5,0,grocery,0,mobile,0
10489,174.2948875519292,4.935235646982564,0,3,0,electronics,1,web,0
10490,58.37219565,2.724176161393242,0,6,0,grocery,14,web,0
10491,349.2326563523553,0.315477446,2,5,0,travel,10,web,1
10492,343.0858430448409,3.3601665922677784,1,2,0,electronics,7,mobile,1
10493,242.39142083758645,8.392421669053794,0,4,1,clothing,15,web,0
10494,242.18444540979806,0.519879422,0,4,0,luxury,22,web,1
10495,242.39347891307315,0.3606595767217483,0,7,0,electronics,16,branch,1
10496,322.65599468570633,0.8340022955589856,0,7,0,electronics,2,mobile,1
10497,265.69753608282485,7.228101499973706,0,9,0,travel,7,web,1
10498,85.47978107475362,6.4366884464578265,0,2,0,grocery,6,branch,0
10499,137.9248481,4.162250484,0,6,0,clothing,20,branch,0
10500,679.6532198224487,3.157687259122399,0,2,0,travel,2,web,0
10501,23.14843190712702,10.960848535352582,0,9,1,travel,6,mobile,1
10502,112.86297094694572,7.277103861188934,0,2,0,electronics,4,web,1
10503,350.4812556028296,8.355030946969356,1,6,1,clothing,0,branch,1
10504,90.32668262358366,8.390251639125069,1,8,1,travel,4,mobile,1
10505,270.6979288349223,5.146137636338024,0,6,1,luxury,2,branch,1
10506,172.61946383968552,3.0625813001962827,0,3,0,luxury,17,web,1
10507,95.90449170296422,10.00048164,0,5,0,travel,18,mobile,1
10508,18.101121712115862,13.018952143419426,0,4,0,electronics,9,web,0
10509,191.9152519935468,0.12046993071371832,0,1,0,luxury,3,web,0
10510,83.86093214828443,0.26465671979915345,0,5,0,electronics,12,web,1
10511,152.28873752748075,15.939708401068057,0,5,0,grocery,0,branch,0
10512,240.7300969925776,1.6228411533212377,0,7,0,grocery,3,mobile,0
10513,305.2812298347078,10.332407027140409,0,7,0,electronics,8,mobile,0
10514,112.56323557740238,2.4616152758462233,0,2,1,travel,16,branch,0
10515,95.75016153241677,0.634056161,0,4,0,grocery,10,mobile,1
10516,51.13060779282967,0.4193173218535363,0,1,0,grocery,6,mobile,1
10517,315.46290723964165,0.8510237084390336,0,5,1,luxury,23,web,0
10518,618.1725975508609,1.4376983787357962,1,5,1,travel,6,web,1
10519,338.64763831996675,3.3522178839848027,0,4,0,electronics,12,branch,0
10520,389.5601052642701,6.044891564468783,0,7,0,grocery,18,mobile,0
10521,90.98340955223158,21.48790411,0,6,0,travel,16,branch,1
10522,230.7801665055673,2.912563672,0,3,1,grocery,17,branch,0
10523,288.00694989607774,3.6509746818482873,2,2,0,luxury,12,branch,1
10524,66.31385974313213,3.6887952942043856,0,4,0,travel,16,branch,1
10525,478.7152146265962,3.8764994146566893,1,9,0,clothing,17,web,1
10526,41.82134336009833,3.6463662691589285,0,5,0,luxury,20,branch,0
10527,430.56570158957845,0.0440674,0,1,0,electronics,19,mobile,0
10528,41.52821276969208,0.008631557,0,3,0,travel,1,web,1
10529,69.35376599,0.5138544588508964,0,9,0,grocery,18,web,1
10530,233.72504931363375,0.535457862,0,7,0,travel,14,branch,1
10531,175.84146382719462,6.102152612597336,0,3,0,electronics,8,web,0
10532,121.7076633177011,1.1465377521420976,0,1,1,travel,13,web,0
10533,466.7143805,11.25537909,0,4,1,grocery,18,web,1
10534,52.49726881020579,13.197730315521445,0,9,0,luxury,7,web,1
10535,147.82922005596598,18.626335204160267,0,7,0,luxury,11,web,1
10536,254.73950904989047,13.991075854332301,0,5,1,grocery,16,web,0
10537,205.63809102050317,1.5865041929628223,1,6,1,clothing,11,mobile,1
10538,98.50895712019594,3.5644728628839326,0,1,0,clothing,14,web,0
10539,101.57105839654368,0.9646176189726985,1,7,0,luxury,4,web,1
10540,302.1699922258773,8.204892005288679,0,5,0,electronics,1,branch,0
10541,311.8691319,10.965591828355901,0,7,0,travel,19,web,0
10542,209.56988328288566,9.528746865856132,0,5,0,grocery,17,web,0
10543,80.91719372,2.840216802976108,0,5,1,electronics,2,branch,1
10544,104.30338919116889,7.108030423174684,0,3,0,travel,4,mobile,1
10545,163.98281884635279,0.5133715757256438,1,5,0,luxury,1,mobile,1
10546,182.27705739182224,0.20538498212765166,0,8,0,grocery,8,web,0
10547,247.74361184780886,6.996622718292096,0,8,0,electronics,23,mobile,1
10548,141.90272226431796,2.770016487709192,0,2,0,travel,4,mobile,0
10549,297.5512232502221,27.073429846946844,1,1,0,luxury,16,mobile,1
10550,295.2947828674513,0.511571444,0,2,0,luxury,20,mobile,0
10551,398.39536830785244,9.676798856413916,0,7,0,travel,19,web,0
10552,169.39298292369577,3.269469508232668,0,3,0,clothing,14,web,1
10553,212.1168842026639,8.776661218,1,8,0,clothing,12,branch,1
10554,150.42352066140984,8.494824495595028,0,4,0,travel,8,web,0
10555,81.77946825,12.38421631396054,0,8,0,travel,1,web,1
10556,609.009622,1.7680411932079143,0,2,0,travel,22,mobile,0
10557,365.3416728,14.958636865622116,0,5,0,luxury,1,mobile,1
10558,291.18429284518834,0.8224099243163565,0,6,0,grocery,10,web,0
10559,165.09060926921902,0.42761938801975996,0,1,0,luxury,2,web,1
10560,75.59481042109604,2.824785916119725,0,1,0,luxury,2,mobile,0
10561,326.9093909553203,8.810701459827419,0,9,0,clothing,9,web,1
10562,148.3933790702838,3.2067707963011833,1,5,0,travel,23,web,1
10563,225.86163177223148,8.838848031,0,4,0,luxury,1,mobile,1
10564,103.96904520564732,6.540870068497203,1,1,0,luxury,0,mobile,0
10565,200.33417516449865,1.1749951665814526,0,3,0,travel,5,branch,0
10566,109.41320626202452,14.868056277006472,0,4,0,grocery,5,web,0
10567,112.95195197667027,0.3135338983606772,0,5,0,clothing,10,mobile,0
10568,198.45493782501765,11.427642316610978,0,5,0,electronics,15,mobile,0
10569,40.90654750939086,1.8152148053061865,0,8,0,luxury,0,web,1
10570,42.99690786081206,3.467216953773262,0,3,0,grocery,4,web,0
10571,90.05744379029214,2.743951859940697,1,7,0,electronics,9,mobile,1
10572,140.6015154551059,0.94271167,0,6,0,travel,20,web,1
10573,303.7192912886287,2.2169788266409296,0,6,1,electronics,22,branch,1
10574,146.85963163350033,1.071751851,0,9,1,travel,5,mobile,1
10575,164.28803742395084,1.1400674226932879,0,7,0,grocery,10,mobile,1
10576,132.1094543381419,1.0354704044480663,0,7,0,electronics,15,web,0
10577,211.89745297386517,3.357098508884089,0,1,0,clothing,19,mobile,1
10578,81.05795587267247,7.9957393724622605,0,1,1,grocery,12,web,1
10579,153.01639340010829,4.207888320295979,0,9,0,electronics,11,branch,1
10580,224.0924792572578,11.184295224549686,0,9,0,luxury,17,branch,1
10581,197.30308082326036,5.060491895,0,3,1,electronics,12,branch,1
10582,168.29762996425828,5.8452829231919345,0,8,0,electronics,4,mobile,0
10583,169.85098375463164,5.507189831593086,1,9,0,clothing,12,branch,1
10584,239.57903268117727,2.984270993716506,3,1,0,grocery,12,web,1
10585,627.8199196878948,5.845262105733773,1,3,1,luxury,18,web,1
10586,85.93368333521688,0.36128245546364557,0,6,1,grocery,18,branch,1
10587,639.3352326785056,9.825262519285973,0,4,0,grocery,12,branch,0
10588,82.57896113,7.521160271,1,8,0,luxury,10,web,1
10589,15.351349527898106,1.4067107828323238,0,9,0,luxury,15,branch,0
10590,107.58900094531585,7.3057890306371345,0,7,0,clothing,22,branch,0
10591,214.79492608353507,0.063615996,0,1,0,travel,13,branch,0
10592,545.1596815980205,1.224687699840324,0,2,0,clothing,9,web,0
10593,75.50641683521486,0.33677769896875553,0,1,0,luxury,1,web,1
10594,238.58080956027848,7.575798520507307,0,9,0,electronics,7,branch,1
10595,47.72399446499392,7.050357063977425,0,4,0,electronics,22,web,1
10596,532.5389688,8.400268280736721,0,8,0,grocery,7,branch,1
10597,370.00798110105524,0.022458831100386642,1,5,1,grocery,21,branch,1
10598,113.13758598568107,3.478078390757653,0,5,0,travel,20,branch,1
10599,409.66927910783164,6.101124070452429,0,5,0,travel,19,mobile,0
10600,152.31263773112067,0.8444673645081404,0,5,0,travel,13,mobile,1
10601,382.9820612669674,5.2461219089497515,0,3,0,travel,23,branch,0
10602,167.3445423,0.43929558642513583,0,6,0,electronics,13,mobile,0
10603,172.80570526777944,1.0003457250092644,0,1,0,luxury,17,branch,0
10604,115.05388793024278,3.2293795608788534,0,8,1,travel,14,mobile,1
10605,260.7008541476563,5.300302544289412,0,4,1,clothing,21,branch,0
10606,182.68412805663098,0.788354249,0,6,0,travel,15,mobile,1
10607,242.2925944821232,1.024206144262856,0,2,0,electronics,13,web,0
10608,36.70537384929725,1.1435850653461719,0,2,0,grocery,9,web,0
10609,392.0130740594516,1.3636441883846842,0,8,1,clothing,21,mobile,1
10610,457.82911593116245,1.2844961405190105,one,1,0,travel,20,branch,0
10611,182.05065888311682,2.513866558271527,0,8,1,electronics,1,mobile,1
10612,599.3706641904892,5.303543715449226,0,1,0,grocery,4,mobile,0
10613,511.5041656411146,2.8815499215385754,0,9,0,travel,2,web,1
10614,264.6391841532996,7.479963775575415,0,1,0,electronics,22,web,0
10615,413.1494632036259,6.3517830182437764,0,4,0,electronics,6,web,0
10616,344.0524248256498,0.6763898080803032,0,9,0,luxury,23,mobile,0
10617,27.112970090369302,0.25037346655317544,0,1,0,electronics,11,web,0
10618,134.24963189459464,10.516276826575632,0,9,0,travel,9,web,1
10619,277.52307735597367,0.41599001247260703,0,8,0,electronics,10,web,1
10620,477.7257298378545,0.8028346542586091,0,5,0,clothing,16,branch,1
10621,44.444391831435254,0.1119094590510753,0,6,0,electronics,3,branch,1
10622,29.298907198157803,4.948830207717638,0,5,0,electronics,5,mobile,1
10623,159.5978494256897,4.365803771884261,0,4,0,clothing,6,web,1
10624,16.88628454,21.677114842513838,0,4,0,travel,4,mobile,0
10625,155.42403442300184,10.898846882388378,0,8,0,grocery,5,mobile,1
10626,218.6154516970936,2.645314393073563,1,8,0,luxury,16,web,1
10627,72.39257955229913,2.322779204442316,0,9,0,grocery,13,mobile,1
10628,158.7050791969167,1.7609396588270034,0,3,0,travel,10,web,0
10629,322.8847676216387,0.8267730844721153,0,8,1,travel,4,web,1
10630,107.15540770010854,0.7429853122516407,0,3,0,clothing,1,branch,0
10631,83.83217977007256,0.7094523514767546,0,2,1,grocery,13,mobile,1
10632,153.2274390540714,0.6058392977501535,0,2,0,electronics,15,mobile,1
10633,65.55867037,1.375554063869193,0,9,1,clothing,1,web,1
10634,570.7409999532163,1.8312361357063658,0,4,0,clothing,16,branch,0
10635,171.26074805646155,16.29575170043851,0,5,0,luxury,15,branch,0
10636,91.67015072834019,4.319360210555403,0,2,0,clothing,8,mobile,0
10637,195.84570915616604,21.94859049680192,0,9,0,grocery,19,branch,1
10638,152.58169808050127,2.329794682877945,0,7,1,travel,19,mobile,1
10639,139.73624601945573,3.0590032247158816,0,3,0,luxury,8,mobile,1
10640,107.1319894697615,1.9620928710137924,0,6,0,electronics,4,branch,1
10641,102.833341,1.0098933968691974,0,7,0,grocery,3,web,1
10642,37.60351887421551,0.7725478498056392,0,6,0,electronics,6,mobile,1
10643,412.7340682772812,14.509315458154957,0,6,1,clothing,4,mobile,0
10644,252.73029103515654,21.641740020846694,0,8,0,grocery,23,mobile,1
10645,210.1646157,0.2297458746896544,0,8,0,luxury,2,mobile,0
10646,150.69200210010476,0.8146296187892048,0,5,0,luxury,7,branch,0
10647,71.23918757,2.754108653905905,0,4,0,electronics,15,branch,1
10648,86.8497732,1.0310233650927827,0,5,0,travel,5,branch,0
10649,42.22776239,2.261843364940269,0,9,0,luxury,8,branch,1
10650,96.35421393946335,0.6911196403216975,0,6,0,electronics,21,mobile,0
10651,62.40143537190992,3.048736020788356,0,3,0,travel,19,web,0
10652,493.1346537425508,1.5851741772999106,0,3,0,grocery,17,web,0
10653,308.36150025857717,2.168590372358756,1,1,0,luxury,10,branch,1
10654,176.85572935684723,0.49530561205558454,0,5,0,luxury,18,mobile,1
10655,78.36941735157662,2.794200887708457,0,6,1,electronics,6,branch,1
10656,65.41988835108519,20.449057548704594,0,8,0,luxury,9,web,0
10657,143.281893,1.993686802807482,0,9,0,electronics,4,branch,1
10658,317.10843276503704,10.454708067441496,0,7,1,luxury,6,mobile,1
10659,43.464019499648316,9.263893483710355,0,1,0,electronics,22,mobile,0
10660,250.4220385976046,15.188860285684969,0,7,0,luxury,5,mobile,1
10661,95.99005983168513,7.805846856,0,9,0,grocery,17,branch,1
10662,111.35713970662107,5.388122806,0,4,1,grocery,20,web,1
10663,173.00958790930991,9.710044392546392,0,7,0,electronics,14,mobile,1
10664,80.76137834193838,0.393293683,0,9,0,grocery,9,web,0
10665,137.68267196458797,3.1072094223132742,0,1,1,electronics,5,web,0
10666,74.81184392422972,22.66715014576645,0,9,0,electronics,23,branch,0
10667,102.74419068533743,7.339695034108904,0,4,0,clothing,0,branch,0
10668,284.4443802391387,16.36077360909463,0,8,0,grocery,9,web,0
10669,179.82212084571944,7.562335473387318,0,3,0,clothing,22,mobile,1
10670,283.7067825903314,10.39248863375228,0,2,0,clothing,14,mobile,0
10671,94.92331580322274,6.129893033308563,0,8,0,luxury,13,branch,1
10672,251.71637104867068,7.146051156702339,0,8,0,electronics,15,mobile,1
10673,32.480054748687834,3.7030602199572242,0,3,1,travel,4,web,0
10674,172.95179761951763,12.900772411412568,0,8,0,clothing,13,mobile,0
10675,263.4490505847476,8.715958381002311,0,6,0,luxury,15,branch,1
10676,31.02780554923627,9.285810719494037,0,9,0,grocery,13,web,0
10677,95.88343664020903,5.589114700817419,0,6,1,travel,6,web,1
10678,172.86100212218142,1.8161961165441198,1,8,0,electronics,18,mobile,1
10679,333.25606160959705,0.18140014206918162,0,2,0,luxury,3,mobile,1
10680,102.73291936139562,13.717490296105668,0,1,0,travel,17,web,0
10681,244.84714398130504,4.410900225076891,0,2,0,electronics,21,branch,0
10682,430.63748964738846,1.7701277915127942,0,4,0,electronics,20,branch,0
10683,252.81808391591616,0.8075096332058542,0,9,1,travel,14,mobile,1
10684,141.8038522,8.845779297645404,0,7,0,luxury,16,branch,1
10685,219.31970637553607,9.055329048570457,0,9,1,travel,0,web,1
10686,100.22034402965126,8.423716764,0,9,0,clothing,23,branch,1
10687,178.09714910453198,5.179352258790137,1,9,1,electronics,14,web,1
10688,147.36584473346787,2.278652977445473,0,8,0,grocery,15,mobile,0
10689,214.1605581040179,1.8125330381330613,0,6,0,travel,23,branch,0
10690,118.94787965328577,0.042957861016460264,0,7,0,travel,21,web,0
10691,222.95270953077235,8.967030882179516,0,2,0,electronics,10,mobile,0
10692,118.01135418175373,0.45746720036996213,0,1,0,e,8,web,0
10693,306.32015727284886,4.981474467,0,5,0,travel,16,branch,0
10694,128.0208378782068,3.506652330872603,0,8,0,grocery,14,web,1
10695,17.722289074051353,3.740016797989327,0,3,1,electronics,7,mobile,0
10696,67.45884716,13.066849641950357,0,7,0,electronics,17,mobile,1
10697,169.05579501052713,0.16062777572287493,0,5,0,clothing,7,branch,0
10698,490.2919928760329,7.422673088882201,0,8,0,luxury,2,mobile,0
10699,298.3097851771503,0.26728025397025923,0,6,0,clothing,21,branch,1
10700,13.166968193853057,0.1945025729755193,0,6,0,grocery,22,mobile,0
10701,39.38223821,2.8089957073270986,0,7,0,luxury,18,branch,1
10702,362.22295066324637,0.32576114358356884,1,7,0,travel,13,mobile,1
10703,262.4324494158063,7.782898059745108,0,4,0,grocery,1,branch,1
10704,665.2682800591422,3.770467140475518,0,8,0,grocery,0,web,1
10705,114.11909472848485,0.14734376217858774,0,6,0,clothing,4,web,1
10706,79.26586418251173,0.20671839496302788,0,8,0,luxury,16,branch,1
10707,176.07760393940634,4.742372201243071,0,7,1,grocery,0,mobile,0
10708,112.29392444249844,8.202368328859661,0,1,0,luxury,20,mobile,1
10709,339.6997182955537,2.879483933880518,0,4,0,travel,15,branch,1
10710,109.11379421312293,4.043695646782211,0,7,1,luxury,2,mobile,0
10711,134.19732202663462,8.042927730255336,0,9,0,clothing,9,branch,0
10712,69.55147035,4.714536324977373,0,2,0,clothing,18,web,0
10713,284.7389927444286,1.272914633556216,0,5,0,grocery,10,branch,1
10714,73.71216087325347,4.747325143803235,0,9,0,luxury,22,mobile,1
10715,225.94123425882094,4.948064705364798,0,9,1,clothing,2,mobile,1
10716,545.3374889568992,6.623306174308265,0,6,0,electronics,1,branch,1
10717,26.35151456286417,4.849435850164312,0,7,0,clothing,2,branch,1
10718,444.01616813481183,17.40804698703879,0,9,1,travel,14,branch,1
10719,205.48616504144866,1.0987983450185266,0,8,0,electronics,19,branch,1
10720,59.50072545213726,15.08893649381632,0,6,0,luxury,8,web,0
10721,181.19213708636795,3.864627428,0,6,1,grocery,14,mobile,1
10722,279.0173791969885,5.573039807670658,0,7,0,electronics,1,mobile,0
10723,84.02816405926549,0.5238123473499006,0,7,0,clothing,5,branch,1
10724,235.2430393225642,2.394825851898215,0,2,0,grocery,4,branch,0
10725,468.5557345045105,7.334901217965415,0,9,1,grocery,5,branch,1
10726,108.99710165974868,6.136395066697942,1,4,0,grocery,4,web,0
10727,68.77282117147695,0.20483600533925606,0,9,0,grocery,21,web,1
10728,150.9493469856976,3.9548394439958354,0,3,0,luxury,11,branch,0
10729,173.96472720273147,0.4621018579518338,0,5,0,luxury,3,mobile,0
10730,351.5929908106794,27.43098672773579,0,5,0,luxury,23,web,1
10731,147.08883376690173,11.379549724062565,0,7,1,clothing,22,mobile,0
10732,117.40763744886127,0.10653015238863037,0,4,0,luxury,13,web,0
10733,67.17540869,9.782566078678839,0,4,1,grocery,13,branch,1
10734,31.309122410342887,12.593119747545016,0,1,0,electronics,10,branch,0
10735,49.442042280393835,2.181283368754526,0,6,0,electronics,0,mobile,1
10736,49.14873816971529,6.355937271926672,0,4,0,electronics,20,branch,0
10737,135.34963697573423,2.917911294952937,1,5,1,electronics,22,mobile,1
10738,38.18292143067265,5.324424787196635,0,9,1,electronics,4,branch,1
10739,159.7550347718999,2.0799823762099185,1,4,1,travel,4,branch,1
10740,537.4544118730595,1.9471658209795715,0,1,0,electronics,11,mobile,1
10741,358.5124038047505,2.7620059070513054,0,9,0,electronics,4,branch,1
10742,134.30754987848775,0.7865903791432648,2,5,0,electronics,20,web,1
10743,768.5145974047892,8.893395885389868,0,7,0,clothing,12,branch,1
10744,174.4292234972594,2.1439084099635624,0,3,0,travel,10,mobile,1
10745,193.56951635747077,2.5553745567264974,0,4,0,electronics,20,branch,0
10746,148.71585100765802,11.224157659048355,0,9,0,luxury,0,web,0
10747,162.47389608408932,3.4320875192122005,1,1,0,clothing,11,branch,0
10748,105.89411858280843,3.9290972165038767,0,5,0,travel,5,branch,1
10749,135.86880498677257,15.674756166220991,0,8,0,luxury,10,web,1
10750,445.9911451851637,10.88974499504398,0,7,0,luxury,11,branch,1
10751,384.8439769601088,0.9284363255359855,0,4,0,clothing,5,branch,0
10752,16.719944403160696,3.2048142005813367,0,7,0,luxury,23,mobile,1
10753,42.99440081952753,17.753633581862104,0,1,0,grocery,4,mobile,0
10754,85.06756007927946,2.3289928006023835,0,6,0,clothing,17,mobile,1
10755,318.99549177549136,2.3226778996963455,0,9,0,clothing,15,mobile,1
10756,390.6169738718474,1.0847527864318203,0,3,0,grocery,12,web,0
10757,278.2727617660398,0.6070154175708056,1,4,0,clothing,6,mobile,0
10758,59.26955857498311,6.741233038767219,0,8,0,luxury,13,mobile,0
10759,107.70811003970498,7.349042257247513,0,5,0,luxury,0,branch,0
10760,238.16379589647445,17.370931697368594,1,5,0,luxury,20,web,1
10761,137.5261801936569,7.423246497421513,0,1,0,grocery,20,web,0
10762,122.80945810636854,1.3942889000339127,0,6,0,luxury,11,mobile,1
10763,124.2744232576045,0.204717188,0,2,0,grocery,2,branch,1
10764,365.6072812896932,21.14648803703449,0,1,0,grocery,17,web,1
10765,255.5598937547327,2.0809927463036972,0,6,0,grocery,10,web,0
10766,129.8132676804551,1.869625395803168,0,5,0,clothing,19,mobile,0
10767,212.41520048334922,11.819920590852824,0,5,0,travel,6,mobile,0
10768,51.70650810212314,4.3985875355725454,0,9,0,grocery,9,mobile,1
10769,107.8816360951011,1.2095373245896728,0,3,0,luxury,18,branch,0
10770,342.08554473974425,10.995462526370122,0,1,0,grocery,12,mobile,0
10771,35.655518270002226,25.073860485452563,0,8,0,electronics,13,web,1
10772,257.78230264263095,0.45333695755388376,0,5,1,clothing,14,web,1
10773,16.48306062751492,9.911633258633449,0,5,1,luxury,5,mobile,1
10774,495.6172151703479,2.475710427059957,0,8,1,clothing,6,web,1
10775,105.75160578707626,3.7124481743879363,1,8,0,clothing,12,branch,1
10776,223.68765976161015,12.314706858537603,0,2,1,electronics,15,mobile,0
10777,181.85260043607363,18.130311275843198,0,3,1,grocery,14,web,0
10778,186.8333022967259,1.520167899373184,0,1,1,luxury,17,web,1
10779,209.64542987244852,1.1966871547699887,0,3,1,travel,2,mobile,0
10780,29.02484785004552,0.41971621678021104,0,4,0,clothing,15,web,1
10781,189.71277762531545,4.125374757362633,0,7,0,travel,0,web,0
10782,144.02498218988254,0.068488916,0,9,0,travel,23,mobile,1
10783,106.2442000726616,2.654276913957605,0,5,0,grocery,0,branch,1
10784,85.02732673038051,0.3810802834506704,0,1,1,travel,18,web,0
10785,193.25024269838465,2.5978670628024685,0,2,0,luxury,5,branch,0
10786,69.57965825475256,0.2037568041660786,1,2,0,grocery,10,branch,0
10787,337.9626611649347,9.015637018,0,9,0,travel,23,branch,1
10788,235.42650636550982,1.1769600033371912,0,7,0,grocery,6,branch,1
10789,201.9531526011608,1.9897821721232534,1,2,0,luxury,2,branch,1
10790,328.44338078869015,10.20295050681965,0,1,0,clothing,5,web,0
10791,24.074259224539837,6.857345232599363,0,5,0,electronics,0,web,0
10792,50.04072411170179,1.2361462448430158,0,1,1,grocery,7,branch,0
10793,242.8264843719183,0.37307583500910063,0,9,0,electronics,13,mobile,1
10794,89.43371155512946,6.288165134982314,0,3,1,clothing,3,branch,1
10795,99.52913850421402,2.4772435399813624,0,2,0,luxury,3,mobile,1
10796,43.03891590973045,7.263880493255747,0,6,0,clothing,22,web,0
10797,69.76006209916552,2.946592138637042,0,3,0,electronics,22,mobile,0
10798,343.0523650817441,2.1232580854590024,1,5,0,luxury,15,web,1
10799,238.81024213086928,3.0001552861672187,0,8,1,travel,10,mobile,1
10800,191.68583713721245,6.902734262099876,0,2,1,travel,21,branch,0
10801,102.85022243131768,11.625190761479418,0,5,0,grocery,6,web,1
10802,182.9194898699561,0.25524134093185025,0,8,0,travel,0,mobile,0
10803,363.41979103966565,3.712858912595415,0,1,0,electronics,8,branch,1
10804,91.37140205273863,0.1669330545946356,0,4,0,travel,5,mobile,0
10805,162.19035556701022,3.1594095378978104,0,5,0,grocery,23,mobile,0
10806,515.7307289,10.826427816607104,0,3,0,luxury,12,mobile,0
10807,275.75122191504846,2.2438749306370767,0,2,0,travel,20,web,0
10808,104.08763935160034,13.474467241048089,0,3,0,grocery,11,web,1
10809,260.51998107657283,4.979490725,0,5,0,travel,22,branch,0
10810,35.03136941285811,13.602285025402743,0,7,0,travel,18,mobile,1
10811,157.24084705041562,7.076898860641645,0,2,0,electronics,16,mobile,0
10812,260.32217791368197,0.5459233512852381,0,7,1,grocery,22,web,1
10813,220.72601204826617,1.3143058286697984,0,6,0,grocery,20,web,1
10814,258.57317064435455,2.5057830533477836,1,7,0,clothing,0,mobile,1
10815,299.17017713746867,0.9322917999601944,0,7,0,clothing,8,mobile,0
10816,233.25252591627574,3.4151091248914094,0,9,0,grocery,21,mobile,0
10817,228.51002282560003,3.187315179563388,0,7,0,electronics,22,web,1
10818,194.94253828336198,15.647369644540145,0,6,1,travel,7,mobile,1
10819,62.43440057313221,2.843402720221609,0,8,1,luxury,1,mobile,1
10820,342.9502364465071,7.700184388005658,0,7,0,travel,17,web,0
10821,161.61209438493302,14.228855632292083,0,6,0,luxury,3,web,1
10822,271.0375205117311,10.477400613213517,0,4,0,electronics,0,web,0
10823,319.5142839373069,1.170186014501976,0,7,0,clothing,23,web,1
10824,108.5280654474075,3.4261916333252023,0,8,0,grocery,20,mobile,1
10825,116.6310179724414,2.136558448846862,0,8,0,electronics,11,web,1
10826,129.85418009338397,2.552950716945151,0,4,0,luxury,15,web,0
10827,387.02923935452645,2.2377428197264044,0,9,1,grocery,22,mobile,0
10828,75.79672674911532,8.7538327,0,3,0,luxury,17,branch,0
10829,431.95376437916747,3.008668872288005,0,9,0,travel,4,mobile,1
10830,193.3513571298666,3.708477358484315,0,3,0,travel,15,mobile,0
10831,203.57454007119048,20.21275372,0,7,0,travel,8,mobile,1
10832,309.9188933721302,0.3092667655055761,0,4,0,grocery,8,mobile,0
10833,177.5167708,3.3467396129063447,0,5,0,clothing,1,mobile,0
10834,345.5313557559907,7.437466782882648,0,3,1,clothing,13,mobile,0
10835,108.40748350404714,0.8194343717052126,0,2,1,luxury,10,mobile,1
10836,422.8522467,4.727717185506069,0,8,1,clothing,1,branch,1
10837,115.51462229180194,1.3686642805297335,0,7,0,clothing,15,mobile,1
10838,433.5161925686192,10.102246107523086,1,7,0,luxury,20,mobile,1
10839,118.09318079873181,1.9807902576870016,0,8,0,luxury,18,mobile,1
10840,132.87099283025137,1.9953988161733864,0,1,0,luxury,12,mobile,0
10841,67.73794471462334,4.558927957851262,0,8,0,grocery,16,mobile,0
10842,85.89633374148492,1.0140270780720793,0,5,0,luxury,0,branch,1
10843,162.22884862933196,1.6765849931496972,0,8,0,grocery,20,web,0
10844,198.7690699115133,2.6946840850210796,0,9,1,grocery,18,web,1
10845,328.7745442784054,2.181976744466279,1,2,0,grocery,15,mobile,1
10846,140.5390882694801,3.720910099702843,0,3,0,luxury,12,branch,0
10847,221.0705612644474,4.576957482399679,0,6,0,clothing,18,branch,0
10848,189.0923295628555,4.181249202744009,0,9,1,clothing,2,branch,1
10849,238.66807098369836,5.309015365618719,0,8,0,luxury,2,web,1
10850,97.14774527851088,1.8390370931998508,0,6,1,clothing,0,web,1
10851,107.08432224190494,0.6758134818435331,0,5,0,luxury,2,branch,0
10852,97.17953546,7.152433925622819,0,3,1,grocery,15,web,0
10853,372.11592116285686,9.511680581,0,4,0,travel,20,web,0
10854,425.5372276481495,1.4853381110834647,0,7,0,electronics,7,mobile,1
10855,103.3086292619451,2.6135798070767824,0,7,0,luxury,22,mobile,0
10856,105.05686742216669,3.451448504866366,0,3,0,grocery,15,mobile,0
10857,262.45865150561724,3.8106307187852635,0,4,1,travel,12,branch,0
10858,456.90630867467837,5.386556438468142,0,3,0,grocery,12,mobile,0
10859,522.6359626,0.21246712663969158,0,2,0,electronics,10,branch,1
10860,99.41283399067821,6.3912746739604485,0,6,0,clothing,3,mobile,0
10861,121.45783938440258,0.3198721052499218,0,7,0,clothing,3,branch,1
10862,206.36271609744222,3.1582717862069924,0,4,0,grocery,14,web,0
10863,213.6808967321293,8.791753126070937,0,5,0,electronics,3,branch,0
10864,144.85066083877697,3.000245531,0,8,1,grocery,7,web,1
10865,83.39004635412466,0.8072430934137018,0,9,1,clothing,23,mobile,1
10866,162.42646844257337,21.00981980483523,0,7,1,grocery,1,web,0
10867,522.2710113177191,11.00400060323893,0,1,0,travel,14,web,0
10868,108.37619710171718,7.377018957790202,0,3,0,electronics,22,mobile,1
10869,197.25908827028482,2.650990343,0,5,0,clothing,13,branch,0
10870,752.0290827719002,1.015759408514852,0,3,0,grocery,20,branch,0
10871,107.09664439064517,14.18605705,0,1,0,electronics,1,branch,0
10872,271.1072946843989,3.8001876749695107,1,2,1,grocery,2,mobile,0
10873,536.8209888806703,9.564738267217226,0,8,0,clothing,10,branch,1
10874,255.14015274902957,2.0934737186702717,0,7,0,electronics,6,web,1
10875,354.6836374670661,2.0420094592919322,0,3,1,clothing,15,mobile,0
10876,296.6147599080292,21.18201152219413,0,4,1,travel,21,branch,0
10877,241.10751682712842,3.6889766827014867,0,3,0,travel,21,web,1
10878,416.3564640858656,0.7581592462516727,0,4,0,luxury,6,web,0
10879,265.22542027154094,1.2402218337900504,0,8,0,electronics,21,branch,0
10880,146.0093736457544,3.2883623688391737,0,9,0,travel,10,mobile,1
10881,186.33387890734076,0.21699588848932816,0,7,1,luxury,1,web,0
10882,218.9366127693832,3.1044487479506184,0,9,0,electronics,7,web,1
10883,120.86943791068047,2.714513532266261,0,9,1,clothing,6,web,1
10884,192.5747664735923,7.555576493739132,1,7,1,grocery,5,web,1
10885,172.73376495986835,2.192074943490205,0,7,1,grocery,15,branch,1
10886,264.6582018950599,20.241723304546795,0,8,0,clothing,20,mobile,0
10887,630.9732403,0.9969515288382607,0,3,0,travel,10,web,0
10888,200.9795313383433,4.470037842,0,8,0,grocery,21,web,0
10889,464.5214189680339,0.4699014560369155,0,1,1,clothing,2,web,1
10890,258.1081746834735,6.6187388126043185,0,6,1,luxury,17,mobile,0
10891,191.9372091408843,26.25114968616743,0,2,0,luxury,8,web,0
10892,115.4205074035134,8.550122478,0,7,0,clothing,16,mobile,1
10893,193.00025045010204,4.056316191413499,0,3,0,electronics,1,mobile,0
10894,184.42908706809692,3.3154314287330013,0,5,0,travel,9,mobile,0
10895,91.63589571179122,9.009957025026301,0,2,0,travel,9,mobile,1
10896,104.42237125417573,13.742336755940503,0,1,0,clothing,16,branch,0
10897,220.26145157520097,22.644067840215143,0,5,0,grocery,7,branch,0
10898,461.4780263259032,2.525371203319998,1,9,0,travel,19,branch,1
10899,158.32163222647148,23.507015093510443,0,9,0,travel,5,web,1
10900,40.910112505454606,0.8475770463126964,0,7,0,luxury,10,mobile,0
10901,66.53443195744752,1.4621317165214232,0,9,0,luxury,4,mobile,1
10902,275.86040758204365,0.4661504095801696,0,4,0,luxury,23,branch,1
10903,49.998627726338086,1.5854755731109773,0,3,1,travel,9,branch,0
10904,306.5783667357428,7.303743847381839,0,4,1,travel,22,mobile,1
10905,265.4879271845947,9.584041271673133,0,7,1,travel,0,branch,1
10906,154.18818091061283,7.545534633225963,0,8,0,grocery,7,web,0
10907,92.34931956712785,4.985684557244926,0,2,0,grocery,3,web,0
10908,137.4227780911875,3.6073887659052097,0,5,1,grocery,6,web,0
10909,216.3734391911797,6.167081697555846,0,5,0,electronics,18,mobile,0
10910,51.681317461009044,2.4783186525030576,0,9,0,travel,14,branch,1
10911,431.1715310485566,9.203961386406275,0,3,0,travel,1,web,0
10912,214.94316569904584,5.653458276,0,6,0,clothing,16,web,1
10913,232.8607441652156,5.983408884482118,0,5,1,clothing,20,web,1
10914,264.17326785479304,3.838663952135079,0,2,1,electronics,15,web,1
10915,403.8842666424575,10.824081513405531,0,2,1,clothing,13,web,0
10916,193.34656700247177,1.4518599931677256,1,4,1,grocery,2,branch,1
10917,275.97735536568797,2.399442850341681,0,4,0,electronics,18,web,0
10918,93.70722910833351,7.517345726741431,0,7,0,electronics,7,web,1
10919,524.0374844181042,3.393745620459811,1,1,0,electronics,16,web,0
10920,183.7579314273596,11.000774938075775,0,6,0,luxury,17,mobile,1
10921,93.29806274,2.126293473411878,0,9,0,clothing,0,branch,1
10922,115.44579070655354,2.3048640016158792,0,2,1,travel,6,web,1
10923,22.385705248707392,10.979238151213789,0,5,0,luxury,3,branch,0
10924,114.82807225678575,3.121561262759425,0,4,0,grocery,2,web,0
10925,8.729925638013091,3.6296390538849717,0,4,0,luxury,18,mobile,0
10926,290.0877893006185,2.0230552296331963,0,8,0,grocery,9,mobile,1
10927,227.84774945370447,1.6194482474208616,0,6,0,travel,2,mobile,1
10928,70.40474346166971,5.334822681612396,0,7,1,travel,1,mobile,1
10929,160.58272460596962,0.6382616073499119,0,9,0,clothing,4,web,1
10930,166.20201334540184,10.571102543255053,0,3,0,luxury,16,branch,0
10931,57.39028081446755,7.552560855219107,0,2,0,travel,4,web,0
10932,139.7368688280975,1.0582262030918634,0,3,1,grocery,13,mobile,1
10933,170.1617642552844,5.9211768079372185,0,8,0,travel,15,mobile,0
10934,136.74943413116128,4.614473969905112,0,9,1,clothing,23,web,1
10935,93.21630961,1.0199841925754085,0,5,1,grocery,22,web,0
10936,67.91665891135925,1.5955438321319821,0,8,0,electronics,13,branch,0
10937,132.94696445721874,2.6295821275750724,0,7,1,clothing,18,branch,1
10938,103.26802462662097,6.007258844796581,0,9,1,clothing,12,branch,1
10939,252.05370478018247,5.090557167267172,1,4,0,electronics,11,branch,0
10940,420.4571937703785,3.7989446014445036,0,3,0,travel,15,mobile,0
10941,316.80249489930895,7.3139452863218875,0,9,1,clothing,22,mobile,1
10942,174.4840486500362,7.092801558,0,8,0,electronics,16,branch,0
10943,96.32161543913746,4.809830158439219,0,7,1,electronics,21,branch,1
10944,311.0060576177477,7.7320827873884745,0,1,0,clothing,19,mobile,0
10945,262.85026704649107,2.034305721410881,0,2,1,luxury,5,mobile,1
10946,401.15173563408473,10.653654320275558,0,9,0,clothing,13,mobile,1
10947,193.5003205838232,4.7713921429488915,0,5,0,luxury,15,branch,1
10948,506.2393555572168,8.640080146393506,0,1,1,travel,2,branch,0
10949,193.5447008082443,3.951365191244089,0,9,0,electronics,20,mobile,1
10950,95.92077843233479,1.2323055555744116,0,1,0,grocery,18,mobile,0
10951,111.67708129511864,3.9089098675548395,0,8,0,clothing,6,web,1
10952,243.68635806655772,2.319007819591044,1,5,0,grocery,4,web,1
10953,103.03166165846488,5.978354074310426,0,6,0,travel,19,mobile,0
10954,503.96274685686075,3.229350724244189,0,1,0,clothing,22,mobile,0
10955,229.5800628,9.042884613749184,0,2,0,grocery,22,web,1
10956,171.62119421076736,5.667144761719639,0,7,0,travel,9,branch,0
10957,182.6478563,5.768687203078066,0,2,0,luxury,8,mobile,1
10958,135.59867559056147,1.2241049258176246,0,5,0,travel,2,mobile,1
10959,30.731420703545375,20.754500439352903,0,9,0,clothing,9,mobile,1
10960,111.74623237260039,9.215533592,0,5,0,clothing,15,branch,1
10961,463.6356657698427,7.779601476753889,0,3,0,clothing,23,web,1
10962,197.35499916874105,2.003994248925862,0,6,0,travel,22,branch,1
10963,341.68726369265954,3.8353859503353664,0,7,0,clothing,8,branch,1
10964,348.30957304750876,0.7373008203966134,0,8,0,travel,1,mobile,1
10965,161.74451088013063,3.866105857,0,3,0,electronics,5,mobile,0
10966,265.86170153489184,0.7884720282182174,0,4,0,electronics,4,web,1
10967,34.75065093671449,4.026406750608711,0,4,1,electronics,2,branch,1
10968,439.19481850126203,5.230885025200214,0,2,0,grocery,6,web,1
10969,415.86521079753925,2.4730881560792133,0,7,0,electronics,14,branch,1
10970,238.92713429439408,3.451205818912235,0,4,0,electronics,20,mobile,0
10971,202.63534859406343,10.423411760822123,0,4,1,travel,5,web,1
10972,163.38936943238596,0.5746033695790959,0,8,0,travel,3,branch,1
10973,368.53550108468335,7.844669274243852,0,6,0,clothing,22,mobile,1
10974,287.4615960790161,0.9361954462854858,0,6,1,clothing,12,mobile,1
10975,124.11793205236062,0.18699338094022144,0,9,0,clothing,22,branch,0
10976,59.879591747903916,1.0263622421882912,0,4,0,travel,4,mobile,0
10977,49.17146549287276,7.2417678441868265,0,9,0,travel,14,branch,1
10978,365.9336547082129,2.5970289192452105,0,1,0,electronics,6,branch,0
10979,160.6823343229997,10.298999218863692,0,9,0,luxury,6,branch,1
10980,236.1494139580177,3.719124808202527,0,1,0,travel,9,branch,1
10981,176.78235092404393,0.11250812640730205,1,7,0,luxury,12,mobile,1
10982,49.84328842022304,6.3064845642023295,1,6,1,travel,23,branch,1
10983,35.65770141306972,0.5839777284825494,0,7,0,travel,10,branch,0
10984,117.28154731747642,7.7884898837488326,0,9,0,grocery,0,branch,0
10985,125.5862258781274,0.9202305136753688,1,4,0,luxury,19,mobile,1
10986,125.5215003,2.1190089036179844,0,9,1,grocery,10,web,0
10987,128.4966079178995,7.162140306214417,0,3,1,electronics,0,branch,1
10988,604.2322837,15.42078041703328,0,9,0,grocery,2,web,1
10989,338.19597623538067,2.321570830073953,0,1,0,grocery,7,web,0
10990,199.4339520626813,8.842174673288616,0,5,0,electronics,12,branch,0
10991,157.59282205878867,1.0584980774936643,1,5,0,luxury,6,web,1
10992,161.9073318078599,8.229984879872239,0,1,0,clothing,2,web,0
10993,280.27033758895675,5.357331380965303,0,1,1,travel,19,branch,1
10994,156.4618645023267,1.0705691314104895,0,3,0,luxury,1,mobile,1
10995,315.1599225,1.8012922161295328,0,9,1,electronics,17,web,1
10996,215.51928321769606,0.7064982296104526,0,7,0,grocery,4,branch,0
10997,607.7815083874699,2.4141639491777993,0,6,0,clothing,17,branch,0
10998,149.28742879696486,1.1385739245226747,0,9,0,grocery,15,web,0
10999,354.57241784813306,5.164093999588103,0,4,0,travel,6,web,0
11000,65.23597968039951,26.019678288705617,1,4,0,electronics,0,web,1
11001,98.41175190526835,0.060409278,1,3,0,clothing,8,branch,1
11002,556.0010576146702,3.8926519272957707,0,5,0,luxury,14,branch,1
11003,306.11546130678045,4.262668019751258,0,5,0,luxury,0,mobile,1
11004,239.19833952029887,12.279193607841272,0,7,0,electronics,16,mobile,1
11005,709.3220824503251,3.5261528048794046,0,7,0,electronics,8,branch,0
11006,159.33822735996745,3.9230395113158476,0,6,0,grocery,22,mobile,0
11007,354.00534864150876,3.190008190703697,0,4,0,clothing,14,web,0
11008,371.6780609,1.5660545874387741,0,7,0,travel,9,mobile,0
11009,478.98140227713475,0.2882998740267766,0,2,0,electronics,19,mobile,1
11010,58.15596783,2.626801056694661,0,9,0,clothing,2,branch,1
11011,158.52280903010094,0.2701244312689906,0,7,1,electronics,4,branch,1
11012,212.81447862869126,3.998013360380087,0,2,0,electronics,1,web,0
11013,473.8536456383721,1.8357454860625344,0,2,0,luxury,21,mobile,0
11014,232.3417732568858,3.813583965136762,0,6,0,clothing,5,branch,0
11015,372.2160436944249,0.7210667211724322,0,7,0,luxury,15,branch,1
11016,53.10970112563101,13.487774777326182,0,9,0,luxury,11,branch,1
11017,131.1272638680523,11.24622853502343,0,4,0,clothing,16,web,1
11018,414.8247592778232,1.053583608490649,0,8,0,luxury,11,web,1
11019,145.30677936741864,2.103738597622139,0,2,1,grocery,16,mobile,1
11020,168.68601413283412,4.753023547911304,0,6,0,travel,21,web,1
11021,468.89486228942286,0.5028943150433292,0,4,0,travel,6,mobile,0
11022,79.49285655736634,2.1891757089249166,0,8,0,grocery,23,mobile,1
11023,97.03772566074672,1.4458311117479719,0,9,0,electronics,15,mobile,1
11024,47.56396092250043,12.35600868598452,0,2,0,luxury,17,branch,0
11025,481.2248640591098,9.569996081188172,0,7,0,travel,7,branch,1
11026,333.9787115743169,4.335512059501852,0,7,0,clothing,17,branch,0
11027,328.2556116,3.673454853305402,1,8,0,electronics,1,web,1
11028,128.1499663545784,13.348413288690102,0,5,0,travel,8,branch,1
11029,43.939751771196214,13.472791856119839,0,3,0,luxury,22,mobile,0
11030,31.711331748392947,17.42237193987111,0,1,0,travel,23,web,0
11031,416.8590916477112,0.6698224840497945,0,4,0,luxury,15,web,0
11032,250.5812495287139,0.8750883408145621,0,3,0,electronics,16,branch,1
11033,285.09706239571824,5.646440567339872,0,2,0,grocery,9,branch,0
11034,205.66772889678737,3.898260446693217,0,6,0,luxury,21,branch,1
11035,87.04940774832724,0.093192641,0,7,1,luxury,0,branch,1
11036,132.9941858205381,0.3198935812319639,0,7,0,electronics,20,web,0
11037,68.84538232426672,10.949871820477037,1,8,0,electronics,17,web,1
11038,60.93490179,10.15786074128231,0,2,0,clothing,14,mobile,1
11039,315.5527295799142,2.2101599205911606,0,6,0,electronics,8,web,0
11040,35.01878004241496,11.084359400590921,0,6,0,travel,2,web,0
11041,69.28336264252287,4.5030106504620395,0,1,0,luxury,15,branch,1
11042,139.3161347207582,8.197054413,1,2,0,grocery,22,mobile,0
11043,180.64407609842513,2.788110755405286,0,9,0,electronics,14,web,1
11044,46.95462051355528,0.6017973503900191,0,8,1,luxury,1,branch,1
11045,230.24415157399787,2.8433954776844734,0,4,0,grocery,9,branch,0
11046,197.27731584153744,3.0559911284706103,1,6,0,clothing,3,mobile,1
11047,412.0883870333258,4.003040545379662,0,2,0,travel,18,web,1
11048,182.95901003970948,0.5579142431004385,0,5,0,clothing,16,web,1
11049,247.10530470119872,23.781048664334428,0,2,0,electronics,9,web,1
11050,91.47389243520023,1.3994744954237912,0,5,1,travel,21,web,0
11051,94.89873300321952,1.1066784545022426,1,7,0,clothing,20,mobile,1
11052,52.13665242527456,3.7412165761576883,0,7,0,luxury,5,branch,1
11053,92.26250437245763,3.8523897876645212,0,9,0,electronics,0,branch,0
11054,131.41505750044465,2.897492177327385,0,3,0,clothing,10,mobile,0
11055,385.2177833026465,7.389683597219511,1,4,0,travel,15,web,1
11056,80.41168821276496,3.635116773773733,0,9,0,travel,23,branch,1
11057,625.3124725445366,4.704139801731429,0,8,0,grocery,19,web,1
11058,262.60634785546387,6.432179709,0,7,0,travel,6,branch,0
11059,225.9988302376975,0.12671776754706204,0,8,1,travel,23,web,1
11060,172.3869261353149,4.227346462543512,0,9,0,electronics,2,mobile,0
11061,148.3999960525931,10.77921485420534,1,4,0,travel,13,web,1
11062,104.55760858160188,0.087708514,0,5,0,grocery,3,web,1
11063,44.997490349248345,2.5974998854489426,0,9,0,travel,8,mobile,0
11064,82.95328813709408,13.033842852881483,0,7,0,grocery,14,mobile,0
11065,480.4665533542293,2.1782382818266814,0,4,0,luxury,11,web,0
11066,251.4419151279887,3.0691743827564695,0,6,0,grocery,15,web,1
11067,477.6687023859302,19.96112257805204,0,1,0,electronics,22,web,0
11068,102.28577337741571,1.1114936598140526,0,1,0,clothing,18,branch,0
11069,66.98874445846825,0.3374085824547881,0,9,0,clothing,13,web,1
11070,171.10565984939717,9.809984936021767,0,8,0,luxury,3,branch,1
11071,85.71590896215186,10.142424485832484,0,1,0,electronics,22,branch,0
11072,198.70681768978352,3.194032101545517,0,2,0,luxury,5,branch,0
11073,35.68940244063253,3.609865154497913,0,4,0,luxury,21,mobile,1
11074,19.039868549978472,9.033544372711367,0,1,0,travel,10,mobile,0
11075,219.77125554198852,6.707742738103077,0,2,0,travel,3,branch,1
11076,489.2683062563243,1.5404376221269285,0,5,1,electronics,7,branch,1
11077,226.82541596035807,0.085188377,0,8,0,clothing,8,branch,1
11078,249.63664421364183,3.266750115351087,1,6,1,grocery,22,mobile,1
11079,176.6727407921899,9.791868905509087,0,6,0,travel,23,mobile,0
11080,189.50109439457984,11.30887997391252,1,4,0,electronics,1,mobile,1
11081,42.67071178461096,15.64359873649221,1,2,1,electronics,19,branch,1
11082,88.60203864,10.583152286353897,0,3,0,clothing,2,branch,0
11083,382.5948177597124,4.338021380864854,0,6,1,electronics,5,web,1
11084,129.06477758675464,2.940383928040215,0,6,0,electronics,1,web,0
11085,377.4519644784035,7.454938753092644,0,5,0,clothing,22,mobile,0
11086,185.6398630568825,6.731939307505642,0,6,0,travel,7,mobile,0
11087,192.7098509398154,3.8625044541160225,0,6,1,clothing,19,web,0
11088,129.86026433926367,0.45689015330035715,0,1,1,luxury,23,mobile,1
11089,275.8156523,13.023950356673454,0,6,0,travel,7,branch,1
11090,323.1978467590632,3.040378346567627,0,5,0,luxury,2,web,0
11091,84.39547637154101,2.2575487559516962,0,8,1,electronics,16,branch,1
11092,47.109723905507394,4.965418770409689,0,9,0,luxury,10,web,1
11093,24.240575702029894,5.601804847348173,0,6,0,clothing,2,web,0
11094,241.22598502524238,1.1829674696107015,0,4,1,clothing,11,mobile,1
11095,222.0333848223432,9.068149816623777,0,3,0,grocery,13,branch,0
11096,740.1304238390857,1.7120085619802106,0,1,0,electronics,0,branch,0
11097,177.4555648456041,1.0331773498730488,1,7,1,clothing,11,branch,1
11098,154.22326508261804,2.607746696211844,0,5,0,travel,17,branch,0
11099,203.6250020228679,6.557049240855941,0,4,0,clothing,23,mobile,1
11100,211.74283575578397,16.827922349765355,0,9,0,travel,3,branch,1
11101,145.08445830370704,8.284777622957186,0,7,0,electronics,22,mobile,1
11102,86.90040978161373,14.09616967,1,8,0,grocery,2,web,1
11103,170.3313752344857,0.7576378065104133,0,4,0,grocery,16,branch,0
11104,165.4921789566196,0.3691843461008605,0,8,1,luxury,12,mobile,1
11105,163.45653350322812,4.078888302014583,0,4,0,clothing,16,web,1
11106,296.1001478627298,1.7145469347528115,0,1,0,electronics,16,branch,1
11107,168.0067598825457,8.802902317707037,0,8,0,luxury,18,branch,1
11108,48.196492877794924,5.573523469248545,0,1,0,electronics,4,mobile,0
11109,99.71286434491947,17.655647267096477,0,3,0,electronics,7,web,0
11110,143.67529931794272,1.4704619114889734,0,7,1,luxury,23,web,1
11111,174.08763588943316,3.3255604536242807,0,3,1,electronics,1,web,0
11112,244.82855504224727,3.4781560903941666,0,8,0,luxury,8,web,1
11113,175.12961174018992,1.3667713361999636,1,5,0,clothing,6,branch,0
11114,19.600571583978347,4.459129744321294,0,3,1,luxury,15,web,1
11115,54.195915011555705,2.928518054544695,0,5,0,clothing,11,mobile,0
11116,256.73373858164274,2.9594694439606157,0,5,0,grocery,20,mobile,1
11117,140.60200886606665,2.252861416859152,0,8,0,luxury,4,branch,0
11118,186.6057133,0.08537146,0,9,0,grocery,23,mobile,1
11119,126.82673612752602,3.691719033745981,0,6,0,luxury,23,branch,1
11120,99.35667908520703,2.041704965271755,0,3,0,electronics,20,web,0
11121,130.58820662191292,0.006603704,0,2,1,grocery,21,branch,0
11122,188.26802309868307,1.840439896818168,0,3,0,travel,5,web,0
11123,167.06021553325138,1.633003932146003,0,9,0,travel,21,mobile,1
11124,321.7649217,2.499825345237281,0,7,0,travel,20,branch,1
11125,39.07161918018157,0.7069653000722986,0,9,0,grocery,16,web,0
11126,45.15537640869747,3.543170680171907,0,6,0,clothing,14,branch,1
11127,139.30098473183108,5.895431174977961,0,8,0,luxury,9,web,1
11128,246.79735956150003,4.973769685707207,0,9,0,electronics,2,branch,1
11129,285.1389011109828,8.141955665905286,0,3,1,electronics,6,branch,1
11130,102.76859246612146,3.007475581,0,7,0,grocery,1,branch,0
11131,6.043882729,3.660393673151894,0,9,0,travel,12,branch,1
11132,105.62531319109236,8.314244629058116,0,2,0,electronics,13,web,0
11133,222.53791028031048,2.790469976914873,0,7,0,electronics,3,web,0
11134,164.69797639176628,6.046591160171254,0,5,0,clothing,7,branch,0
11135,253.19653584875974,2.851130115933307,0,8,0,electronics,4,branch,1
11136,373.7845439505507,2.7041582995661333,0,4,0,electronics,11,mobile,0
11137,147.02687773574652,7.139867458739346,0,1,0,luxury,23,web,0
11138,115.73925361436737,0.9608711698022355,0,8,1,electronics,11,web,1
11139,76.54774486548787,2.0668763450777003,0,6,0,luxury,10,web,1
11140,44.88443460730651,1.2691239478153284,1,8,0,travel,1,web,1
11141,33.09054276804043,2.224486773312548,1,3,0,clothing,23,mobile,0
11142,94.35241746088307,1.3092583247245437,0,8,0,electronics,21,branch,1
11143,340.1907186040669,4.330432020131527,0,8,0,clothing,4,branch,1
11144,270.39980721253875,8.001667483902079,0,1,0,clothing,12,branch,0
11145,111.27960328058577,7.723240736599277,0,4,0,clothing,17,mobile,0
11146,629.1102951167047,2.2667235306657725,0,7,1,grocery,22,mobile,1
11147,100.06133838412777,22.441562733788768,0,1,0,luxury,16,branch,0
11148,397.53337378408224,4.505217380397109,0,3,0,clothing,5,mobile,0
11149,460.4572675875464,2.5491331294719832,0,3,0,travel,18,mobile,1
11150,233.3804882923843,9.025417584361136,0,6,0,electronics,21,mobile,0
11151,93.59092111,6.544334044874377,0,5,0,clothing,16,mobile,1
11152,123.81264414677948,6.916999507046617,0,7,0,clothing,16,branch,1
11153,191.66375612215137,1.091646726947162,0,3,0,electronics,17,mobile,1
11154,46.23151963586022,3.158607879195725,1,1,1,travel,14,branch,0
11155,70.06818994574141,9.896284699604191,0,3,1,clothing,22,web,1
11156,64.75326856,3.5062799173854566,0,8,1,clothing,19,mobile,1
11157,245.99150784510883,5.751413693287104,0,5,0,travel,3,web,0
11158,371.3859043750958,4.432855502082395,0,3,0,clothing,3,web,1
11159,277.7790746257515,9.237104747686416,0,8,0,travel,4,mobile,1
11160,331.1612310985135,1.6742935735716624,0,6,0,clothing,14,branch,1
11161,86.81263156159774,4.283925183659242,0,3,1,electronics,1,branch,0
11162,128.38323223994828,0.6575795140742036,1,5,0,travel,10,branch,1
11163,136.3362277754456,5.859315687968297,0,1,1,electronics,22,mobile,0
11164,232.72113633934052,6.5832414976242255,0,6,0,electronics,2,mobile,1
11165,96.62814764084999,0.2189095683365076,1,9,0,clothing,10,branch,1
11166,317.43811600981604,5.631833986186851,0,7,0,travel,2,branch,0
11167,452.10922585327484,2.678069604836035,0,8,0,grocery,10,web,0
11168,241.20028776816343,0.6624989166374119,0,6,0,electronics,1,web,0
11169,123.85170401301795,2.722838938123508,0,5,1,electronics,21,mobile,0
11170,80.10532711194988,1.0798028645102158,0,6,0,electronics,19,branch,0
11171,64.89784970339979,2.6855017731151376,0,7,0,clothing,19,branch,1
11172,19.88423610772796,2.425294185101792,0,9,1,clothing,14,mobile,1
11173,139.7036458943724,6.704533455056124,0,8,0,electronics,7,branch,1
11174,133.4235583834395,7.440872660300571,0,5,0,clothing,1,mobile,0
11175,304.26158559178543,4.670092908455226,0,7,0,clothing,22,web,1
11176,102.15562672366127,0.11474074145196297,0,8,0,clothing,17,branch,1
11177,146.00894417512666,13.369858558051801,0,1,0,luxury,21,branch,0
11178,205.87403020219836,5.795527497133914,0,8,1,travel,20,mobile,1
11179,238.4260129672568,0.17396897175938247,0,7,1,clothing,7,mobile,0
11180,280.6790563128858,8.541677324,0,2,1,luxury,21,mobile,0
11181,191.14576067035648,1.1173815003321554,0,2,0,luxury,11,mobile,1
11182,49.04853143919197,4.328239871355802,0,6,0,clothing,22,web,1
11183,223.77435337825355,3.142740524562182,0,3,0,luxury,5,mobile,1
11184,95.92623709511827,2.722246263045181,0,1,0,grocery,23,branch,0
11185,383.0870019,11.023378748100512,0,8,0,luxury,1,branch,0
11186,169.42792569360196,2.8755879126249484,0,7,1,travel,11,branch,1
11187,199.71987217638375,0.39166814841973563,0,4,0,luxury,22,branch,1
11188,778.6890426519233,14.653350124329998,0,1,0,clothing,20,web,0
11189,284.0666620563927,12.662207578966305,0,2,0,electronics,11,web,0
11190,220.87559140101578,5.766916372654993,0,9,0,grocery,12,web,1
11191,149.42346337903922,3.154548976266529,0,4,0,luxury,8,mobile,1
11192,53.30928421299706,0.4872895237658459,0,3,0,grocery,14,branch,0
11193,141.11203792588373,7.821082892,0,8,0,travel,10,branch,1
11194,79.21269581,0.3923916961443292,0,4,0,luxury,8,web,1
11195,488.5625073,0.3553375293480985,0,7,0,luxury,23,mobile,1
11196,222.98709707336482,3.8542880104023185,0,5,0,grocery,7,web,0
11197,373.7978124079204,0.8725303284301477,0,5,1,luxury,19,branch,0
11198,99.68805311083668,0.038801504,1,6,0,luxury,23,branch,1
11199,84.48500080596726,2.750548096571283,0,4,0,electronics,17,web,1
11200,265.14985705218714,0.7379616819911073,0,2,0,grocery,10,branch,0
11201,76.34124414580978,0.8748358254389922,0,6,0,clothing,4,web,0
11202,116.32986338332749,0.40014616530465985,0,5,0,clothing,3,web,1
11203,503.80637320448807,1.147655502470447,0,3,0,travel,20,web,1
11204,120.21438542044453,6.284832099209367,0,4,0,electronics,4,web,0
11205,42.429058964380005,8.275506664294634,0,3,0,grocery,20,branch,0
11206,27.033437165100533,3.0122713473072738,0,3,1,grocery,6,mobile,0
11207,37.105019257673334,3.5317073773001058,0,4,0,electronics,16,branch,0
11208,388.5770739589803,0.16600054696512626,0,2,0,electronics,17,web,0
11209,105.09150343082672,0.3591788006875038,0,4,0,travel,22,branch,1
11210,763.1051586322978,1.4891181273071152,0,2,1,clothing,0,mobile,1
11211,455.5433298523212,3.9251986634072806,0,8,0,grocery,15,branch,0
11212,582.9605098,6.726743927,0,5,0,electronics,8,web,0
11213,336.91036921119604,4.644386321669584,0,7,0,grocery,11,mobile,0
11214,255.46131652591072,2.4889535346838434,1,4,0,clothing,18,branch,1
11215,81.78121908135604,0.6296536010147704,0,6,0,grocery,10,mobile,1
11216,166.23140554335444,7.588243139,0,4,0,grocery,5,branch,1
11217,273.7039502313162,2.261101876769615,0,6,0,electronics,3,mobile,0
11218,322.91744853412723,6.660053985414588,0,1,0,electronics,15,web,0
11219,58.45441570210701,3.597238555,0,6,0,electronics,2,web,0
11220,142.89463419619233,6.709704476343719,0,6,0,clothing,7,mobile,0
11221,156.21888435640625,11.891371035301244,0,2,1,luxury,15,branch,0
11222,151.43803561336432,12.693405586315045,0,9,0,clothing,1,web,1
11223,66.32788548519672,3.829737670873494,0,6,0,electronics,12,branch,0
11224,538.9030980042431,3.582164655073326,1,7,0,travel,18,mobile,1
11225,139.10420092430135,1.5440414419446475,0,2,1,grocery,23,branch,0
11226,70.95396239,13.728747220676622,0,2,0,grocery,15,mobile,0
11227,547.5571604715215,3.061700753271892,0,2,0,grocery,18,branch,0
11228,455.82947503753246,0.6824860131137827,0,9,0,grocery,7,mobile,1
11229,185.52465673210426,2.834378389375684,0,3,0,travel,22,mobile,1
11230,113.45089703650213,0.6794036091955953,0,4,0,electronics,1,mobile,0
11231,33.92605123708244,3.491117057,0,1,0,luxury,0,mobile,0
11232,242.15366647029634,4.1194182970573765,0,1,0,grocery,16,branch,0
11233,106.9206175138887,2.0606042537243283,0,4,1,luxury,17,web,0
11234,163.13968360481198,0.37173561883355655,0,2,0,clothing,6,mobile,0
11235,516.1285989656662,14.367886101836264,0,8,0,clothing,8,mobile,1
11236,100.38351304605875,7.4218101932800495,0,4,0,grocery,22,web,0
11237,234.8056707217082,9.128062781239416,0,3,0,electronics,2,web,1
11238,286.41967506647694,2.285384852635844,0,3,0,travel,23,mobile,1
11239,380.5406674149642,7.152924947410748,0,6,0,grocery,23,mobile,1
11240,154.0683101346767,3.321563544360741,0,6,1,clothing,10,branch,1
11241,141.7310260031415,1.122494148984496,0,6,0,clothing,15,web,0
11242,139.10479681863868,0.6643630592395477,0,6,1,luxury,8,branch,1
11243,218.73416535044706,2.1159885472496427,0,8,0,travel,11,mobile,0
11244,443.1841332033803,0.7399027550177045,0,8,0,grocery,13,mobile,1
11245,134.05785117288417,31.795211279775636,0,9,0,electronics,3,mobile,1
11246,8.723404079002773,0.25219982042414496,0,1,0,luxury,3,mobile,0
11247,308.8297909820577,2.909313624990126,0,8,0,travel,10,web,1
11248,175.46558543855093,3.008253339473695,0,5,0,luxury,1,branch,1
11249,242.54125268990293,1.7878905339210835,0,3,0,electronics,23,web,0
11250,35.382989988373936,4.235590982552985,0,3,1,clothing,17,mobile,1
11251,107.27132731632136,0.8124594972657122,0,6,0,grocery,2,branch,1
11252,291.67184113174056,7.660356540601815,0,8,0,grocery,1,mobile,1
11253,51.51884074971631,2.0206878352615707,0,2,0,electronics,0,web,1
11254,234.42553554980213,4.474390509075605,0,9,1,grocery,4,mobile,1
11255,162.107585,6.2875577571240635,1,5,1,grocery,6,web,1
11256,88.68156108780595,10.993022941624815,0,5,0,luxury,19,web,0
11257,82.42109603142204,9.032967856007147,0,1,0,electronics,3,mobile,1
11258,66.91388439,4.686410435457851,0,6,0,luxury,2,mobile,1
11259,174.75698770090054,2.458328272689677,0,5,0,grocery,5,web,1
11260,190.49865273930686,3.4978857435948774,1,7,1,travel,11,branch,1
11261,123.63204755873222,7.320950731948271,0,7,0,travel,15,web,0
11262,63.03456754361088,10.500080470594412,1,4,0,luxury,7,branch,1
11263,229.61780533520772,0.5478575594441457,0,5,0,clothing,10,web,0
11264,312.7197218,2.4294965948014093,0,8,0,clothing,12,mobile,1
11265,260.0584774,7.483149456404275,0,2,0,electronics,13,web,1
11266,598.3856054897126,2.8251047705081427,0,1,0,travel,17,branch,1
11267,144.15232254860598,2.019040638790372,1,6,0,travel,21,branch,1
11268,414.62790241269676,2.6493855891646882,0,4,0,luxury,7,branch,0
11269,96.40875972949705,4.617140043559967,0,3,0,grocery,0,branch,0
11270,83.31726571228333,42.71625210202447,0,7,0,electronics,3,branch,1
11271,183.01023236287867,3.3961467138488355,0,8,0,luxury,16,web,0
11272,476.70084479065434,1.1690920960535771,0,4,0,clothing,19,mobile,0
11273,131.76116613346147,0.8887396107965972,0,6,0,grocery,21,mobile,0
11274,35.35336708719724,0.21636324271303264,0,2,0,electronics,5,web,0
11275,308.64760356522794,4.091480280486301,0,8,0,grocery,4,mobile,1
11276,156.8185291256818,3.9325892185934626,0,6,0,clothing,13,web,0
11277,208.28710898354944,1.1485372757475143,0,9,0,luxury,18,branch,1
11278,87.23151996908135,5.942620535869003,0,6,0,luxury,13,web,0
11279,181.72165593327568,6.756702954275843,0,6,0,travel,1,mobile,1
11280,41.40483905148243,1.4994359667454271,0,2,0,luxury,8,mobile,0
11281,544.3427811656852,2.1087329045845107,0,5,1,travel,6,mobile,1
11282,348.5981739579558,23.26743029556626,0,9,0,luxury,17,web,0
11283,175.58115074621213,2.3441373487686947,0,1,1,electronics,19,web,0
11284,302.77919209856356,7.152311229384986,0,4,0,clothing,10,web,0
11285,96.62531100381486,3.0140232010788943,0,3,0,grocery,7,mobile,0
11286,338.1292204330235,7.8835185492001365,0,1,0,clothing,21,web,1
11287,127.07553493391927,7.327190872,0,1,0,clothing,20,web,0
11288,119.79826531363898,5.509428580430268,0,1,0,travel,9,mobile,0
11289,71.26980241702124,9.647470287572542,0,1,0,travel,17,branch,0
11290,227.55233691468808,14.002348641764987,0,2,0,electronics,16,branch,0
11291,169.81297857157685,4.337304276419738,0,5,1,grocery,16,mobile,0
11292,423.5426034187414,1.3555599695957699,0,2,0,luxury,0,mobile,0
11293,63.69484232293201,2.5427158331383004,0,4,0,luxury,21,branch,0
11294,228.30118646839205,7.100408152077707,0,9,0,clothing,3,web,1
11295,371.7564592873115,5.261747794915629,0,3,0,electronics,10,mobile,1
11296,193.04215214783787,0.978847919,0,2,0,grocery,8,branch,0
11297,125.10427036205967,0.26299463254236993,0,4,0,luxury,8,web,1
11298,189.37457064522826,5.743661782124656,0,9,0,clothing,2,mobile,0
11299,401.19891459219093,1.4456090353913107,0,4,1,electronics,5,branch,1
11300,401.08704979803457,3.4624394270043806,1,5,0,grocery,5,web,1
11301,151.88403607100193,6.8668269583024575,1,4,1,clothing,9,web,1
11302,396.4404123,4.135299293966748,0,8,1,clothing,9,branch,0
11303,163.73180981929653,0.4348891592802596,0,4,0,electronics,16,web,0
11304,300.44914244543713,1.0263968313478036,0,2,0,electronics,14,branch,0
11305,247.68244220457763,1.2380021374110515,0,4,0,electronics,3,branch,0
11306,121.0342312,1.4911155298857488,0,2,0,electronics,21,web,0
11307,73.69381238255636,4.1666850797721295,0,9,0,grocery,9,branch,0
11308,378.35678033088857,3.505551811747774,0,8,0,electronics,7,branch,1
11309,450.3156111081247,1.1355071065699534,0,9,0,electronics,0,mobile,1
11310,224.41005611149453,0.34972471275522465,1,4,0,electronics,23,branch,0
11311,163.5625009218635,0.9402830811170958,0,1,1,grocery,21,web,1
11312,56.088953459665845,20.796435862916685,0,3,0,luxury,16,branch,1
11313,371.8211123980046,3.160702098053709,0,7,0,clothing,11,web,0
11314,205.97926314913383,10.100036552801592,0,1,0,travel,11,mobile,0
11315,135.42678217491834,9.444187453792539,0,8,0,clothing,12,web,0
11316,306.35359092482366,3.582279220243509,0,9,0,grocery,13,branch,1
11317,46.29450842217815,6.132586980695869,0,8,1,electronics,7,web,1
11318,68.00814418417616,1.0706217989653755,0,5,0,grocery,13,mobile,0
11319,93.58832007483463,5.830121951762289,0,9,1,luxury,6,mobile,1
11320,242.20463530267367,1.5899131929353558,2,4,0,travel,16,mobile,1
11321,190.94217717465943,8.920804957215534,0,9,0,luxury,10,web,0
11322,262.77150421353826,0.4371889746036805,0,1,0,electronics,0,web,0
11323,354.89647397232426,7.417081709700513,0,3,0,grocery,7,web,1
11324,269.44690461350234,0.5264520715116939,0,4,0,grocery,12,mobile,0
11325,551.9327049000129,10.651116388123194,0,1,1,electronics,23,web,1
11326,354.33710871827617,1.8134975486229492,0,6,0,electronics,16,mobile,0
11327,151.6035745728904,5.312270216254646,0,4,0,travel,23,mobile,1
11328,106.66851615503283,3.342295070339043,0,4,0,luxury,23,branch,1
11329,155.24995054329625,2.2809229299758464,0,1,0,electronics,11,branch,1
11330,276.05832441636164,5.184414325910389,0,5,0,electronics,15,mobile,1
11331,116.53029214677812,14.736899649997516,0,9,1,luxury,9,mobile,1
11332,281.39832761860964,0.21072761756850805,0,6,0,electronics,15,mobile,0
11333,259.4013602695539,12.557455891426754,0,8,0,travel,2,branch,0
11334,72.72191185825905,4.696282885885006,0,4,0,travel,0,mobile,0
11335,349.8526048026806,8.233474594605326,0,9,0,luxury,18,branch,1
11336,218.7220649856919,2.4215266918911467,0,7,0,clothing,23,branch,1
11337,534.4246049671113,3.191808216742295,0,7,1,travel,7,web,1
11338,164.17215601965037,10.15709652531039,0,8,0,grocery,15,web,0
11339,130.51030878162518,2.6794179242322125,0,2,0,grocery,14,web,0
11340,64.28892495069756,3.824930133708935,0,6,0,clothing,6,branch,1
11341,63.32777942361506,0.10200814103715009,0,7,0,travel,1,mobile,0
11342,321.91575958527613,0.8634286888814079,0,3,0,electronics,12,web,1
11343,499.4062706404126,5.131734998569918,1,8,0,clothing,4,branch,1
11344,153.54271608348603,6.311133814936774,0,1,0,electronics,9,mobile,0
11345,145.8080979851464,4.368562643371641,0,1,0,grocery,7,web,0
11346,175.87492511481182,0.7733959756087203,0,3,0,clothing,12,branch,1
11347,366.1630228315182,2.947589670621511,0,6,0,travel,18,web,0
11348,73.32406566570508,2.193259487874664,0,7,0,grocery,5,web,0
11349,199.37281867886713,3.422536500603325,0,2,0,travel,17,branch,1
11350,326.9251489508964,10.213775360211075,0,6,0,electronics,7,web,1
11351,240.08846041055594,7.477454204752572,0,5,0,travel,8,branch,0
11352,4.591897610956338,0.43863726504070366,0,6,0,clothing,16,branch,0
11353,270.39079645441734,11.050448800080817,0,1,0,electronics,3,web,1
11354,241.75683289252578,3.1910904543916176,0,7,0,clothing,21,mobile,0
11355,414.3393005558765,6.810197414503687,0,8,0,electronics,17,mobile,1
11356,473.4824603079005,0.7543425426217574,0,7,1,clothing,5,mobile,1
11357,400.5770806,5.554226929717211,1,9,0,grocery,10,branch,1
11358,176.59601345861796,1.3480715275409303,0,1,0,clothing,22,web,1
11359,33.60263411832149,2.8846570589329543,0,9,0,grocery,21,mobile,1
11360,144.97548983788252,0.085033336,0,3,0,luxury,9,web,0
11361,172.35932855064294,0.8220779759251046,0,2,0,travel,10,mobile,1
11362,495.2421349203154,0.48299776562470687,0,6,0,electronics,7,mobile,1
11363,88.01532484233996,1.3705014389440293,0,5,0,travel,20,web,0
11364,47.73581239615695,0.5269030794342965,0,4,1,grocery,2,web,0
11365,117.16034731138598,5.886817086513211,1,4,0,grocery,1,web,0
11366,92.30465612998067,0.14734952734237788,0,8,0,grocery,17,web,0
11367,43.05690827887823,4.8082779163590255,0,3,0,clothing,1,mobile,1
11368,156.16635459400229,0.7582314386659899,0,1,0,travel,11,web,0
11369,177.53774416053824,14.516809980416859,0,5,1,grocery,4,branch,1
11370,40.42930029957159,13.522338612481928,0,8,0,luxury,3,mobile,0
11371,129.85014071508812,1.2777081248525164,0,3,0,grocery,15,branch,0
11372,87.20089053487709,4.765049758760423,0,2,0,travel,13,mobile,0
11373,181.96186909841583,0.14202473622481934,0,1,0,grocery,1,mobile,1
11374,195.73312694679933,13.425713688947718,1,4,0,grocery,20,branch,1
11375,87.21657290175727,3.7010609044161042,1,2,0,electronics,6,mobile,0
11376,347.74565915128153,0.22092546397210577,0,8,0,grocery,20,branch,1
11377,169.43315599436923,2.0965525214810294,0,9,0,travel,10,mobile,1
11378,90.91984565597282,0.3998148060152056,0,1,0,electronics,23,web,0
11379,37.674215632034844,2.4956747947699034,0,2,0,electronics,11,mobile,0
11380,203.58580835441714,5.542197219282602,0,6,0,grocery,21,branch,0
11381,241.34720206409898,3.1733528666519657,0,7,0,grocery,4,web,1
11382,111.75863548947574,2.4202870102976037,0,2,1,luxury,23,web,0
11383,186.3449105816811,0.6343796360553384,0,8,0,travel,15,web,1
11384,473.4675368367003,1.4047839940567663,0,9,0,travel,21,web,1
11385,311.3282704344734,0.5275986846551421,0,8,1,clothing,6,mobile,1
11386,14.62788739590061,8.238262682397183,0,9,0,clothing,7,branch,1
11387,89.99672633254082,0.7265153413955499,0,6,0,travel,3,web,1
11388,150.2892572692588,4.523952648966756,0,7,0,grocery,3,branch,1
11389,176.78637801773772,2.098381149198177,0,6,1,electronics,5,branch,0
11390,189.40180061149968,1.2807773949013366,0,7,0,luxury,1,web,0
11391,230.4789740424996,5.100878898,1,3,1,grocery,8,branch,1
11392,154.2602317753488,3.0532510602672653,0,4,1,electronics,7,branch,0
11393,169.1120053485201,2.5553404931745556,0,9,0,travel,17,branch,1
11394,322.4825390737832,4.492892676457078,0,3,0,grocery,11,branch,1
11395,206.55015457008363,3.379165967,0,2,0,luxury,15,mobile,0
11396,58.32372128528745,1.8083240672218246,0,7,0,clothing,0,mobile,1
11397,181.07817517950235,4.094246938587626,0,6,0,electronics,19,mobile,0
11398,150.61718243873062,5.535721563713098,0,3,1,grocery,3,branch,1
11399,22.64714823390741,0.13527945242274247,0,6,0,luxury,13,mobile,1
11400,188.1675596407456,3.135596304146064,0,7,1,grocery,17,web,1
11401,66.08453065312251,0.29706922486325804,0,6,0,travel,4,branch,1
11402,325.76524825630054,1.0314654436462904,0,1,0,electronics,2,mobile,1
11403,228.12404910431542,4.110687174071322,0,1,0,travel,18,mobile,0
11404,55.18213661128028,10.056631445853938,0,9,0,travel,11,branch,1
11405,315.71824391958125,10.719609301264732,0,6,1,clothing,18,branch,1
11406,418.8109282562675,0.36255245247511636,0,2,0,travel,19,branch,1
11407,136.42505786647493,2.7159270494756123,0,1,0,luxury,10,web,0
11408,149.9218266638582,4.373423020388461,0,2,0,electronics,20,mobile,0
11409,294.7844405027306,0.7953884312793005,0,8,0,clothing,19,web,1
11410,398.1326461,7.250053392353389,1,5,0,grocery,8,mobile,1
11411,30.986913884228606,6.817486176462234,0,7,0,travel,19,branch,1
11412,61.771928513329165,11.682830499827352,0,7,0,grocery,22,mobile,1
11413,119.05747651196839,0.042611116,0,2,0,clothing,4,branch,0
11414,129.97859776619302,1.2210969994935013,0,4,0,grocery,9,mobile,0
11415,288.9424144,8.777717702066528,0,2,1,luxury,8,web,1
11416,399.51115550537367,5.552109504599079,0,7,0,clothing,12,mobile,1
11417,419.5793935802987,11.240004149624694,0,5,0,electronics,7,branch,0
11418,30.11435589661895,0.29439764158314125,0,1,0,electronics,21,web,0
11419,82.77540419812745,4.5436465296853505,1,2,0,electronics,12,web,1
11420,101.28370226423024,4.208776285579335,0,6,0,electronics,21,mobile,0
11421,82.47349612053189,0.18163149514556026,0,4,1,clothing,17,mobile,0
11422,227.62574573023304,3.6028187872265676,0,7,1,clothing,22,web,0
11423,247.60690971288875,4.701896623264539,0,2,0,clothing,8,mobile,1
11424,167.49715374567472,1.061594092292946,0,2,0,travel,8,branch,1
11425,155.51734542109526,1.5964112552140466,0,6,0,clothing,1,branch,0
11426,123.31672331925078,5.113082820636049,0,8,1,clothing,6,mobile,1
11427,135.4390258903917,3.158388203,0,1,0,clothing,4,web,0
11428,469.96135815387186,9.760122030325572,0,5,1,electronics,20,mobile,0
11429,273.80584454933916,2.095653538,0,1,1,luxury,5,web,0
11430,127.17855063610682,1.5507268580307143,0,6,1,electronics,12,web,1
11431,153.19426675849525,20.954037344602405,1,7,0,luxury,23,branch,1
11432,231.40582226181223,12.103227905501194,0,6,0,luxury,17,mobile,0
11433,55.16433333484494,0.1471066951949631,0,9,0,luxury,2,web,1
11434,185.8100109715938,7.364244455452411,0,3,0,electronics,9,web,0
11435,263.35422586952484,0.584550187,0,8,0,travel,22,web,1
11436,240.0473462798627,0.13934989889788657,0,3,0,grocery,2,web,0
11437,84.24839923186883,1.5989297629266983,0,7,0,travel,0,branch,0
11438,98.67743609250834,1.5690754498880635,0,5,0,electronics,5,branch,1
11439,19.482023864670804,8.555104591233361,0,1,0,luxury,22,branch,0
11440,283.06734244971864,6.2008892754923695,0,4,0,grocery,15,branch,0
11441,603.4206097879107,19.979585503333233,0,9,0,travel,16,branch,1
11442,73.92074746824167,6.215524545763442,0,8,0,clothing,15,mobile,1
11443,353.0321587089504,2.7086201131138763,0,3,1,travel,9,mobile,1
11444,568.8724444306831,6.002023570110058,0,2,0,electronics,6,branch,1
11445,113.52344412217663,37.611077380564524,1,9,0,grocery,7,web,1
11446,153.35954951409926,6.191818629695845,0,1,0,clothing,2,web,1
11447,201.6173113567208,7.170733301697566,0,9,1,grocery,4,mobile,1
11448,234.63031671877474,13.932628172168865,0,7,1,grocery,18,mobile,1
11449,209.68285589926475,0.6032239778177931,0,2,0,travel,6,mobile,1
11450,121.04566126143337,6.100244905966719,1,5,0,luxury,17,branch,1
11451,260.4785869671771,9.512537623837556,0,2,0,travel,21,web,0
11452,123.3590455808162,15.436891895720187,0,5,0,clothing,17,web,0
11453,220.24411988291587,1.184750179206998,0,7,0,electronics,5,mobile,0
11454,162.91732551804213,3.505181164555272,0,5,1,travel,4,mobile,1
11455,26.56680136147298,5.705848435099564,0,2,0,luxury,5,mobile,0
11456,388.4266880428469,1.421556994475052,0,5,0,luxury,5,mobile,1
11457,100.9878721927153,4.587367946499668,0,6,0,travel,21,branch,1
11458,414.5240160614105,1.4891925915457982,0,5,0,clothing,21,web,0
11459,343.5571012,2.0282532805930136,1,2,0,luxury,22,branch,0
11460,197.17979061100786,2.9126706866420897,0,6,0,luxury,10,web,0
11461,243.40157384901744,3.7665043655871355,0,6,1,clothing,16,branch,1
11462,264.61100777825544,2.983423521114001,0,2,0,clothing,8,web,1
11463,142.46642102742243,3.398149951883856,0,4,1,clothing,21,branch,0
11464,147.89022547340508,1.7733045551000868,0,7,1,clothing,15,web,1
11465,255.63808995521418,0.8656105727332369,0,1,0,travel,9,branch,0
11466,164.26302506095234,0.2425384013247436,1,1,0,travel,14,web,0
11467,121.37245619575823,1.0906477279537434,0,6,1,grocery,7,mobile,1
11468,85.47544230941811,4.360695133062255,0,7,0,grocery,13,web,0
11469,224.93343487023205,7.711594426226188,0,5,0,grocery,15,web,1
11470,98.14410509267267,0.9271173985889193,0,8,0,luxury,18,branch,1
11471,304.6319794009326,0.574559693,0,4,1,clothing,2,mobile,1
11472,322.4802160325438,6.917299122072387,0,3,0,travel,12,branch,0
11473,242.06843937169032,1.820356365467759,0,7,1,travel,8,web,1
11474,278.89529304683236,15.130899593914567,0,4,1,clothing,11,web,1
11475,242.5808893,6.264379360025175,0,1,0,grocery,4,web,1
11476,292.82539402866473,1.9782376474821453,0,8,0,luxury,20,web,1
11477,284.2416406647692,1.7092324952244433,1,5,0,travel,18,branch,1
11478,216.2801661863562,3.7085199156503124,0,8,0,electronics,6,mobile,1
11479,346.51249720480024,0.4122616622848423,0,8,0,luxury,6,web,0
11480,146.48873360453757,0.6259826225458474,0,5,0,luxury,18,branch,0
11481,87.81034991,0.9670614490689198,0,8,1,grocery,7,branch,1
11482,83.86916622381423,7.452135783,0,7,0,clothing,5,branch,1
11483,129.9865558548977,3.606265993,0,3,1,electronics,2,branch,1
11484,22.248049527967805,0.053116756414025953,0,4,0,grocery,21,branch,0
11485,195.74707791391134,5.596879758379321,0,7,1,clothing,0,web,1
11486,267.0837106140708,2.755549393120834,0,4,0,electronics,5,web,1
11487,319.37212175703246,3.575454614670457,0,6,1,travel,22,mobile,1
11488,33.35493160273106,1.204731949364785,0,2,0,electronics,19,mobile,0
11489,86.31799545865093,4.0123803366979915,0,2,0,grocery,19,mobile,0
11490,298.32296664527433,19.35278363287538,0,3,0,electronics,18,mobile,0
11491,142.87521498198598,0.3814076916833864,0,7,0,electronics,20,branch,1
11492,262.8933388355442,1.669798775390978,0,3,0,electronics,12,branch,0
11493,52.411080791407684,1.3919442285468029,0,3,1,travel,16,branch,1
11494,411.2670184,1.4287484418866452,0,4,0,clothing,21,branch,0
11495,48.366952210551176,2.3797572732346235,0,6,0,electronics,17,branch,0
11496,191.54605721140584,8.521759933957341,1,1,0,luxury,19,branch,1
11497,195.22525607714013,12.201121123586915,0,6,1,grocery,5,branch,1
11498,110.91266646372154,1.1295812550976303,0,8,0,luxury,10,branch,0
11499,236.0381881018005,3.914811745581188,0,8,0,clothing,5,mobile,0
11500,240.8097617225878,5.065370849228059,0,6,0,grocery,6,web,1
11501,222.63372108582286,3.688918396589304,1,6,1,clothing,0,mobile,1
11502,109.21630015980995,2.8464809098393404,0,3,0,grocery,21,branch,0
11503,92.10523499214437,1.0658145319493577,0,2,0,luxury,23,branch,0
11504,119.21557874146924,3.3492959084177016,0,7,0,luxury,7,branch,0
11505,81.44267563383558,2.5642619456011264,0,8,0,travel,13,web,1
11506,357.32313122640977,7.937485962984204,0,6,0,clothing,21,branch,0
11507,127.81833411568049,7.211242167,0,5,0,luxury,19,branch,0
11508,187.51522556234843,0.7193442378183413,0,4,0,grocery,0,mobile,1
11509,297.49079418247504,0.46342293754909203,0,1,0,electronics,4,mobile,0
11510,77.91393360525201,11.938206997037732,0,9,0,electronics,4,branch,1
11511,46.300485926043216,3.8340589054738543,0,4,0,electronics,13,web,0
11512,81.69619735084339,9.752636764664125,0,2,0,travel,6,web,0
11513,202.91306517399406,0.2995522125250139,0,4,0,luxury,16,mobile,1
11514,192.92906609786368,3.738181739690902,0,5,0,clothing,10,mobile,1
11515,222.3283434703009,3.8764142927522443,0,2,0,clothing,21,web,0
11516,153.6927981,9.855699947083055,0,7,0,travel,6,mobile,1
11517,8.462726372752064,0.513542389,0,3,0,grocery,0,branch,0
11518,149.92538510304797,1.3751164280932842,0,8,0,luxury,14,branch,1
11519,324.94660778678906,2.608913114247234,0,4,0,luxury,18,branch,0
11520,382.6032529,10.043665794964689,2,5,0,grocery,9,branch,1
11521,178.3763172737568,13.974851871574272,0,3,1,grocery,8,mobile,1
11522,193.45983715519725,24.61629588877973,0,5,1,luxury,12,branch,0
11523,259.4713553757843,15.994567823447777,0,9,0,luxury,23,branch,1
11524,375.4044537741217,0.029797391561000024,0,2,0,electronics,12,branch,0
11525,166.7348351537435,0.24441963545801523,0,7,0,clothing,5,branch,0
11526,256.95386654150826,0.7985368936995978,0,8,0,electronics,7,web,0
11527,105.2169840446896,2.145169131444126,1,3,1,electronics,11,branch,0
11528,53.526089023387016,8.857373937369244,0,4,0,clothing,1,mobile,0
11529,114.73322387348486,11.15859234,0,2,0,travel,15,branch,0
11530,433.29233961459755,1.0341025394013146,0,9,0,travel,11,web,0
11531,260.58904962219754,4.833503025330307,0,3,1,travel,22,branch,0
11532,58.63797728,12.466427375471278,1,9,0,travel,17,mobile,1
11533,269.0748608775946,3.115603752252843,0,7,0,grocery,2,mobile,1
11534,63.05359423574755,0.546527947,0,6,0,electronics,17,web,1
11535,220.1367327008494,3.0607275880132634,0,3,0,grocery,10,mobile,1
11536,75.22979953097433,2.3563814119310154,0,7,0,grocery,4,mobile,1
11537,55.44359101056639,4.309699286547004,1,3,0,clothing,12,mobile,1
11538,481.3970767050174,2.8871307638585586,0,6,0,travel,9,web,1
11539,127.74006457927744,0.08749065,1,8,0,luxury,20,web,1
11540,257.29527086149113,25.57809058350471,0,5,0,travel,21,web,0
11541,172.00531868423596,3.921273634100653,1,3,0,electronics,14,web,0
11542,67.87640129655512,3.208761633752428,0,6,1,grocery,5,web,1
11543,138.86220315996073,15.46312939702559,0,8,0,electronics,15,web,1
11544,68.43388568611027,0.8471867841126747,0,3,0,grocery,22,web,0
11545,712.4457925683398,1.0489012128528832,0,5,0,grocery,7,web,1
11546,289.86445731150053,8.251683639701712,0,9,0,grocery,19,web,1
11547,169.58385736519944,1.511144025134883,0,3,0,luxury,2,branch,1
11548,247.7472664105303,8.027904458842013,0,2,0,travel,4,web,1
11549,277.13133884533175,1.5840680792119954,0,8,0,grocery,14,branch,0
11550,277.6397978355053,0.16875417840230417,0,7,0,clothing,2,web,1
11551,269.4980404273834,3.638845550158627,0,9,0,grocery,14,web,1
11552,255.3390005769387,1.0950507413261057,0,4,0,travel,1,web,1
11553,180.16511296308067,7.090913006391244,0,3,0,travel,11,branch,0
11554,457.28951237882205,5.124945632955367,0,5,0,luxury,4,branch,1
11555,188.85490236203748,12.859037522981776,0,1,0,grocery,8,web,0
11556,173.32293738482997,7.639021368638328,0,5,0,clothing,21,web,0
11557,190.06149947730967,0.996988366,0,3,0,luxury,3,branch,0
11558,200.1863127571259,8.051147044543962,0,1,0,luxury,22,web,0
11559,33.649789745253145,5.132440252552294,0,3,0,grocery,20,web,0
11560,80.95691355,5.527454084381676,1,5,0,grocery,6,branch,1
11561,153.68876108262782,8.926786612972199,1,5,0,luxury,15,branch,1
11562,31.80580567567606,4.264515174211361,0,8,1,luxury,12,branch,1
11563,169.37766836429918,3.1368301061450787,0,1,0,luxury,1,web,1
11564,198.25934816710716,5.0618202501549785,0,7,0,electronics,1,branch,1
11565,51.172852783158554,1.7688061714277428,0,5,0,luxury,8,web,1
11566,99.08636431403173,1.0081159902760346,0,3,1,travel,14,mobile,0
11567,392.9195423377612,4.7932236380988975,0,4,0,clothing,3,mobile,1
11568,249.5291980245979,1.331875886229187,0,3,0,clothing,16,web,0
11569,239.61577848349802,0.4164467037327557,0,8,1,grocery,8,web,0
11570,361.4426363644283,0.002771691,0,4,0,luxury,14,branch,0
11571,82.37225625930691,4.686542854055855,0,3,0,clothing,0,web,0
11572,51.32499937745655,2.2482511289023117,0,2,1,clothing,1,web,0
11573,329.38656381120063,6.977906168,0,3,0,travel,8,branch,1
11574,157.0524600084335,2.351429531915711,1,7,1,travel,10,web,1
11575,80.42790208328299,3.327693610920786,0,6,0,electronics,18,mobile,0
11576,33.35046339721402,2.613520917,0,5,1,electronics,0,web,1
11577,191.6722972394551,5.257328673993927,1,8,0,clothing,18,branch,1
11578,143.31687081622343,2.2013633315698216,0,1,0,grocery,8,web,0
11579,124.64854763369331,16.58901456,0,3,1,clothing,1,web,1
11580,13.149704941644211,13.755857513029818,0,2,0,grocery,4,web,0
11581,453.3571741171675,9.420291725503047,0,2,0,clothing,16,mobile,0
11582,42.13976909654581,12.64744544,0,1,0,travel,0,branch,1
11583,134.55772085240326,2.9813701002274096,0,5,0,luxury,13,mobile,1
11584,117.16624722699933,3.843993682557319,0,5,1,clothing,11,mobile,1
11585,254.77994871108373,6.775773221800697,0,3,0,electronics,22,branch,0
11586,33.77344078,5.956038545328976,0,9,0,grocery,9,branch,0
11587,233.73624086758844,11.067315356831052,1,6,0,grocery,18,mobile,1
11588,192.3768284004372,6.299736547900267,0,6,1,clothing,14,mobile,0
11589,94.98023763402358,30.792812612760216,0,6,0,grocery,0,web,0
11590,227.91607885406347,2.1424339236549277,0,2,0,electronics,0,branch,0
11591,169.15087548795003,8.948739735661631,0,8,1,travel,10,mobile,1
11592,524.9822396869513,5.980598980887557,0,6,0,luxury,10,web,1
11593,143.21594195065015,5.878327082703758,1,3,0,luxury,4,mobile,1
11594,71.17357582492335,1.9714063662613652,0,9,0,grocery,2,mobile,1
11595,235.39543160038744,7.699601050012223,0,2,0,clothing,10,branch,1
11596,129.42987203999198,11.531762019413739,0,7,0,grocery,3,mobile,1
11597,166.5752042360363,1.2330107097309648,0,3,0,electronics,5,branch,0
11598,51.74827959657456,4.910775152221248,1,6,0,clothing,17,mobile,1
11599,257.52432548725653,2.4890109000036027,0,5,0,travel,6,web,1
11600,113.05120483704347,22.804866724910987,0,6,0,electronics,20,branch,1
11601,203.40169423252715,3.2584219889258588,0,8,0,travel,23,branch,1
11602,611.2587446961821,1.2959277394021453,0,3,0,clothing,3,web,1
11603,136.76659715488688,2.405182340789365,0,2,0,travel,13,branch,1
11604,282.3845665648949,5.304247657590815,0,8,0,electronics,7,web,0
11605,144.34839155696983,0.39569967129075767,0,1,0,electronics,19,branch,0
11606,96.10355839991756,4.626681603442425,0,2,1,grocery,10,branch,1
11607,402.05899437599754,13.384557352992692,0,1,0,clothing,13,branch,0
11608,23.173551490873894,9.497707494,0,5,0,luxury,20,branch,0
11609,333.5062837748078,0.3503612153767297,0,8,0,luxury,2,mobile,1
11610,19.767226691971533,25.095766401069564,0,2,0,travel,10,mobile,1
11611,310.4983821049935,5.998690976,0,4,1,luxury,3,mobile,1
11612,168.51611082505374,0.8853617360468934,0,4,0,luxury,8,branch,0
11613,71.35653490327137,0.062469064,0,7,0,electronics,4,mobile,1
11614,119.44765431868764,0.939380592,0,1,0,electronics,12,branch,0
11615,271.8985458414919,9.106227319789973,0,9,0,electronics,19,branch,1
11616,574.1840888263955,0.10938444266709552,1,3,0,luxury,3,web,1
11617,35.30513869508411,1.3273027385623415,1,6,0,travel,6,web,1
11618,75.47829154549082,7.079761105235861,0,5,0,clothing,1,web,0
11619,47.16085986241148,4.410781678646722,0,4,0,grocery,19,branch,0
11620,143.42414101645232,7.6332037095139595,0,9,0,travel,18,web,1
11621,316.21181725212426,6.855068611664132,0,9,0,electronics,6,web,0
11622,40.75029945,0.25963266958485637,0,1,0,travel,19,branch,0
11623,165.11085656416046,11.151853305941222,0,7,0,clothing,23,branch,1
11624,309.38363467962347,1.2875870700705916,0,9,0,electronics,20,mobile,1
11625,118.0341942583639,4.030375061670664,0,5,1,clothing,8,branch,0
11626,193.69269827762452,5.168171521715051,0,1,0,grocery,18,mobile,0
11627,382.5249577428154,0.923390923,0,8,0,travel,19,branch,0
11628,63.107873975607454,18.696919341057324,0,5,0,grocery,1,web,0
11629,26.35652273368568,3.348676510380926,1,6,0,luxury,20,branch,1
11630,211.4331504343157,0.29685386143313813,0,7,0,travel,15,mobile,0
11631,215.70137519123253,13.84394334022793,0,7,0,luxury,5,branch,1
11632,111.34695955271714,4.412682393817196,0,7,0,clothing,18,branch,1
11633,93.76741543,6.00643537,0,1,0,luxury,17,web,0
11634,171.11471867437797,3.7240531375877866,0,7,0,clothing,16,branch,1
11635,62.02008956225163,9.001114559979085,0,3,1,grocery,10,web,1
11636,62.11503431120068,0.1684740489992664,0,5,0,electronics,22,mobile,1
11637,270.65789035240573,1.5624589555545119,0,5,0,grocery,3,branch,0
11638,57.99942855874819,3.1710750697751333,0,8,0,luxury,23,mobile,1
11639,28.39979258802987,0.3984834260969863,0,7,0,clothing,7,branch,1
11640,93.60416549241357,6.119290553752893,0,7,0,luxury,23,web,1
11641,113.6140352794661,2.501600123761487,0,6,0,electronics,17,branch,0
11642,233.71816214968018,1.5918611052963392,0,7,0,travel,12,web,1
11643,100.8170517273292,0.01692284,0,7,0,travel,20,mobile,1
11644,425.9873096963106,6.361799149550667,0,5,0,travel,7,mobile,1
11645,177.92561273045857,8.973097040973826,0,5,1,luxury,9,web,1
11646,82.58159348132078,2.512969121612075,0,4,0,travel,17,branch,1
11647,226.72700718005387,4.153065539863341,0,4,0,clothing,17,web,1
11648,420.99408219603987,1.291824431804747,0,5,0,electronics,16,web,0
11649,265.5317596558865,4.8669204693283366,0,9,0,grocery,15,web,1
11650,38.18594983099196,0.061058594,0,6,0,clothing,5,web,0
11651,121.84824496031067,3.353445285,0,8,1,electronics,13,mobile,1
11652,201.09897981751553,5.167009554768345,0,9,0,grocery,4,web,0
11653,257.9054480627806,12.516887343333966,0,4,0,travel,14,web,1
11654,144.11714631969218,2.4009633452861574,1,7,0,grocery,12,mobile,0
11655,128.60164812133547,7.244897334728163,0,5,0,luxury,15,mobile,1
11656,522.4516925740529,4.552624803917357,0,4,0,luxury,15,mobile,0
11657,268.26615571453164,13.087308910411435,0,7,0,travel,16,branch,0
11658,227.23274031581826,2.5406269937806507,1,3,0,travel,23,branch,0
11659,104.48099756381792,1.9216649122350262,0,1,0,clothing,23,mobile,0
11660,61.161929356420885,10.908124380488628,0,7,0,clothing,4,web,1
11661,230.0882948689665,0.2524912179278619,0,9,0,luxury,10,web,1
11662,288.8075426820154,0.7331433316356806,0,2,0,electronics,14,mobile,0
11663,165.94526708714565,0.4299927299301303,0,7,0,clothing,2,mobile,1
11664,268.76602264151194,9.261050397,0,2,0,electronics,7,branch,0
11665,273.5512901079606,0.053320415588732385,0,3,0,luxury,2,mobile,0
11666,302.0740289932661,9.890101472,0,3,1,clothing,3,branch,1
11667,37.47530956351114,3.0007237202058334,0,4,1,electronics,13,mobile,1
11668,124.69282615847126,0.020167010475493182,0,6,0,electronics,22,web,0
11669,240.0179160645339,2.5678567592488233,0,3,0,clothing,22,mobile,0
11670,173.17535647765925,1.0338961573489656,0,9,0,travel,19,web,0
11671,274.14282521866835,4.896159147490404,0,2,0,grocery,5,mobile,0
11672,227.13534397496224,5.687162532929263,0,7,0,travel,23,branch,1
11673,14.58897565907863,3.342541826644103,0,6,0,grocery,22,mobile,0
11674,352.22217478108183,0.2068165666992186,1,2,1,electronics,3,web,1
11675,112.17688546623725,5.337440615128233,0,3,0,clothing,11,web,0
11676,78.25303618641908,9.22702871,0,6,0,luxury,1,web,0
11677,344.36896611022905,6.370622401380427,0,4,1,clothing,17,mobile,0
11678,259.6855461880984,8.858546685033984,1,1,0,travel,13,branch,1
11679,377.1951618075807,1.1189032933130587,0,1,0,grocery,7,branch,0
11680,202.72018100615082,10.986080171405275,0,3,1,clothing,7,branch,0
11681,123.39424601318095,1.9444667859713116,0,8,0,grocery,11,web,0
11682,185.8718376979195,0.067477349,0,4,0,travel,0,web,0
11683,65.96640270019276,9.270035764223977,0,1,0,travel,0,branch,0
11684,45.92776703388694,14.22117719,0,8,0,clothing,3,branch,1
11685,97.91335179281712,5.329150679,0,6,0,luxury,16,mobile,0
11686,453.4311408,1.3161613033483819,2,1,0,luxury,9,mobile,1
11687,106.62314603274612,1.4500536702877898,0,6,0,grocery,0,mobile,1
11688,29.138142555032882,3.142351533,0,1,0,clothing,10,branch,0
11689,147.33956969833554,11.405638765755405,0,3,1,electronics,20,branch,0
11690,105.43084886704375,0.810228479,0,2,0,travel,16,branch,1
11691,356.5441180070287,8.742743334915655,0,4,0,grocery,9,web,0
11692,432.3244468975095,1.7216346817652628,0,2,0,travel,5,branch,1
11693,118.78421023583061,8.266587712689264,0,5,1,grocery,3,mobile,1
11694,202.57752039961395,12.645621866473443,0,4,0,clothing,12,mobile,1
11695,215.1057307083291,2.7886591983548854,0,6,0,grocery,10,web,0
11696,160.46424641025234,2.2710502675809554,0,7,0,grocery,4,mobile,0
11697,138.65645695393053,8.103033230218092,0,2,1,electronics,13,mobile,1
11698,73.55730547540067,3.7696146942656714,0,2,1,grocery,1,web,1
11699,23.88590192982389,5.767175577349076,0,8,0,luxury,2,mobile,1
11700,73.16305016208163,4.875286208642326,1,9,0,grocery,2,web,1
11701,156.12526775416208,0.8296167996770858,0,5,0,grocery,10,mobile,0
11702,40.827605193741014,9.314892808127654,0,7,0,clothing,8,web,1
11703,194.88230027266783,1.0893816837130552,0,9,0,grocery,18,web,1
11704,175.7802266177142,13.462026915195807,0,1,0,electronics,9,branch,0
11705,105.58382373212478,1.4422204230275402,1,8,1,clothing,20,web,1
11706,133.99851309462844,6.6190580069454095,0,9,1,travel,5,mobile,1
11707,48.891664036464796,1.6749544262757867,0,9,0,luxury,21,branch,1
11708,298.3719910236172,1.9120551023238408,0,7,0,luxury,5,branch,0
11709,294.89552868463187,1.8553318329309196,0,3,0,travel,0,branch,1
11710,58.03333477725926,6.889493597306675,0,5,0,grocery,21,web,0
11711,59.692215139776714,4.068841275,0,2,0,electronics,0,web,0
11712,74.06212469074188,10.72587533224278,0,3,0,electronics,21,branch,1
11713,248.48064688558617,1.8363162941313924,0,7,0,electronics,21,web,1
11714,214.61659147899522,5.888156086333746,0,1,1,electronics,18,mobile,0
11715,341.7329768966574,6.990794327368696,0,3,1,grocery,2,mobile,0
11716,367.84811155505645,0.8213205691732839,0,5,1,travel,5,mobile,0
11717,36.84711261719414,2.559041843506658,0,4,0,travel,1,web,0
11718,242.26209898404827,3.2967972888666046,0,3,0,luxury,14,mobile,0
11719,358.0368246675329,2.1978562561850157,0,6,1,travel,11,mobile,1
11720,127.1507671514796,1.9438703779197835,0,6,0,electronics,20,web,0
11721,163.64454970990502,5.7985021500530385,0,4,0,grocery,9,web,0
11722,145.1557365259137,1.2158793100072405,0,9,1,clothing,18,mobile,1
11723,150.26327611383192,6.1788784065816955,0,6,0,clothing,20,branch,1
11724,297.6710899,13.670240924131797,0,9,1,electronics,12,branch,1
11725,509.9361925657438,4.164317113441019,0,2,0,luxury,2,web,1
11726,416.18893934921726,4.726464243489645,0,6,0,clothing,17,web,1
11727,109.8006419172314,0.35711859368273396,0,4,0,electronics,19,web,1
11728,203.04938325048076,9.993066000914434,0,2,0,grocery,4,branch,1
11729,84.57799711,1.6804960414237327,0,5,0,clothing,21,mobile,0
11730,92.46842778348935,4.773224255013984,1,3,0,electronics,12,branch,1
11731,158.1435477103408,19.342942870225478,0,6,0,clothing,13,web,0
11732,90.28753208119277,4.5255498580442515,0,8,1,grocery,14,branch,1
11733,102.43760089853993,6.449641648513339,0,4,0,travel,17,web,0
11734,199.52350348258173,2.946816099073657,0,4,0,travel,13,mobile,0
11735,239.85650979460078,0.3113233735149577,0,5,0,grocery,18,web,0
11736,235.3297809502386,7.987530637953665,0,6,1,grocery,2,mobile,0
11737,236.99862915033805,0.17812988440581445,0,7,0,travel,21,mobile,1
11738,52.50641801674859,6.030839874551796,0,6,1,grocery,0,branch,1
11739,86.27126903,0.11594178514330672,0,7,0,grocery,22,web,0
11740,171.61255279095028,9.913579514249392,0,9,0,grocery,23,branch,1
11741,347.1075237951144,0.8577154832843483,0,4,0,travel,6,web,0
11742,695.9995816799585,3.6105272188640503,0,1,0,travel,19,web,0
11743,209.04679201719145,4.545963717542499,0,9,0,clothing,6,web,0
11744,278.25285611517745,3.0582544864903483,0,7,0,travel,16,branch,1
11745,46.70095888801928,2.083364578,0,4,0,clothing,14,branch,0
11746,273.0810786706658,3.153813916106591,0,8,0,travel,12,web,1
11747,578.9308455876306,1.865588032353215,0,7,0,luxury,23,branch,0
11748,85.99105444,2.8823557611027395,0,2,1,clothing,14,web,0
11749,105.31008974995662,2.2229504590029228,0,1,0,grocery,2,branch,1
11750,304.09084098843954,4.175913999234993,0,9,0,luxury,16,branch,1
11751,169.96583034302637,1.3585460181742695,0,7,0,travel,15,mobile,0
11752,21.380876655743922,22.39557613675224,0,1,0,travel,21,branch,0
11753,110.7664398058906,3.4744430136003537,2,4,1,luxury,0,web,1
11754,431.1392713776467,1.079363226500714,0,5,0,electronics,23,branch,0
11755,133.18443737666666,3.2415072564904652,1,5,0,grocery,13,branch,1
11756,133.0958267239993,10.065091346192869,0,5,0,clothing,2,web,0
11757,290.94263072833303,0.11024037707906068,0,3,0,luxury,19,branch,1
11758,214.53440548803448,5.690209376243338,0,5,0,clothing,21,mobile,1
11759,127.4494498,3.9700092782832557,0,4,0,travel,3,mobile,0
11760,99.46333478,0.9289859151774872,0,5,0,electronics,23,mobile,1
11761,910.8814528614456,8.504380072965875,0,7,0,electronics,8,mobile,1
11762,384.5270485798324,2.3013329215156597,0,5,0,clothing,20,web,0
11763,236.93612732541249,1.739298341772459,0,8,0,travel,0,web,0
11764,247.7717637320709,8.804944634101288,1,8,0,electronics,23,mobile,1
11765,150.98955246999935,5.087812619272823,0,3,0,grocery,13,web,0
11766,212.68035475178255,11.426628665450412,0,5,0,travel,12,branch,1
11767,138.7251097935413,4.969690041640632,0,4,0,luxury,14,branch,0
11768,79.14305694418316,6.751117207813559,1,5,0,luxury,17,branch,1
11769,218.75214162836772,9.053057168281194,0,8,0,luxury,15,mobile,0
11770,129.37843423956772,0.2814743594038182,0,4,0,grocery,5,mobile,0
11771,226.99597102333112,7.481639086986859,0,5,0,travel,21,web,1
11772,257.9274758480978,4.755788943830867,0,7,0,clothing,15,web,0
11773,235.59469718847748,0.3602079088992457,0,3,0,clothing,10,web,0
11774,73.39667643094138,3.5522594543112183,0,6,0,travel,6,mobile,1
11775,118.38276801603043,0.43028504263308626,0,9,0,grocery,8,web,0
11776,131.39960622666567,6.658031011796034,1,4,0,travel,0,branch,1
11777,327.0504053,3.953818943508728,1,4,0,clothing,9,branch,1
11778,315.5799641863692,15.349428339636145,0,6,0,travel,7,branch,1
11779,90.81877295596621,1.0114094566455676,0,6,0,luxury,10,mobile,0
11780,51.27044102944824,4.657446390814416,0,3,1,travel,4,web,1
11781,717.2514439,1.1886352179908863,0,1,0,electronics,5,web,0
11782,229.0428518814468,4.76043139,0,3,0,travel,23,mobile,0
11783,44.57738010316255,6.412369797,0,8,0,clothing,23,mobile,1
11784,103.87016276821434,6.406147373712166,1,8,1,clothing,11,branch,1
11785,336.3576890312199,8.438997417703643,0,6,0,clothing,10,mobile,1
11786,607.8023279715065,9.605363811351605,0,7,0,luxury,6,branch,1
11787,543.6801513456635,0.40210241238780703,0,2,1,clothing,6,branch,0
11788,222.1952885732659,2.1023898748195187,0,9,0,electronics,11,web,1
11789,167.10282260635913,5.809718019616941,0,3,0,travel,11,branch,1
11790,67.04928531752701,3.451618724952657,0,2,0,grocery,0,web,0
11791,177.97537954914853,1.0577794093641506,0,5,0,clothing,23,branch,1
11792,75.74031875105976,4.022735820908919,0,1,0,travel,18,web,0
11793,119.33762715145713,2.6164790447169106,0,5,0,luxury,20,mobile,0
11794,303.8717644653278,2.4717953701830937,0,4,0,travel,3,web,0
11795,138.17512318868765,8.297179110859611,0,6,0,clothing,18,mobile,0
11796,130.89490474335386,2.617851920100842,0,5,1,clothing,20,web,1
11797,160.2689322319617,0.13405361159639553,0,9,0,clothing,18,mobile,1
11798,785.6043146665061,0.2990862270214405,0,5,0,electronics,10,mobile,0
11799,60.38356951690742,9.698190755309477,0,8,0,travel,8,mobile,1
11800,205.5853050568198,16.170050107915078,0,2,0,grocery,12,branch,0
11801,512.3988519093341,5.830324641930034,0,3,1,electronics,21,mobile,0
11802,159.90244994338988,2.2656798107329754,0,3,0,grocery,18,web,0
11803,379.78805253976776,13.951752935394353,0,3,0,clothing,4,mobile,0
11804,47.77931671777094,5.435441029246392,0,6,0,grocery,10,mobile,0
11805,141.81135785337088,9.300198483509124,0,7,0,grocery,23,web,0
11806,83.24844504893696,7.2590159170265505,0,7,0,electronics,2,mobile,0
11807,158.5994563110815,2.383242816177681,0,7,0,electronics,4,web,0
11808,161.1990946813173,3.2571690453385935,0,3,0,travel,12,mobile,0
11809,174.2701511896998,1.0297863898181971,0,1,1,grocery,13,web,0
11810,301.9452309,1.726655507,0,6,0,electronics,12,web,1
11811,12.335274342920727,7.528220496015967,1,3,0,travel,1,mobile,1
11812,99.97083352968697,11.22056177742667,0,3,0,grocery,1,mobile,0
11813,195.45835955016986,6.4451200322330235,0,3,0,grocery,17,mobile,0
11814,22.828350961257243,3.129066257248395,0,9,0,clothing,5,mobile,1
11815,260.1552589378801,0.4524102491907781,0,4,0,electronics,18,mobile,1
11816,98.35938479,0.2931690015469388,0,5,1,luxury,9,mobile,1
11817,143.96150715144714,2.344625572162731,0,3,1,electronics,20,branch,0
11818,311.3726983980903,3.1164427948787687,0,1,0,clothing,7,mobile,0
11819,391.3736974066737,4.696781316504345,0,4,0,travel,4,branch,0
11820,265.7205701892292,0.032553349,0,1,1,electronics,1,branch,0
11821,58.71183448746456,22.889181161285407,0,7,0,grocery,5,branch,1
11822,256.53846337375523,2.262303124911041,0,7,0,luxury,17,mobile,1
11823,268.69480927973484,9.422488701571197,0,4,0,travel,7,web,1
11824,232.94581336853798,3.8282313761921474,0,5,0,electronics,1,web,0
11825,434.11171795217217,0.6988365755147012,0,7,0,travel,22,web,0
11826,177.72455780402404,7.986695805314051,0,6,0,grocery,19,mobile,1
11827,423.1192799235343,6.1863912016706735,0,4,0,luxury,3,web,0
11828,421.41837541390703,3.7479113560272403,0,4,0,grocery,14,web,0
11829,273.97643301719614,3.613426755809552,0,2,0,luxury,23,mobile,0
11830,207.961144,0.45772421956624143,0,2,1,travel,19,mobile,1
11831,233.8999903430838,5.333373075016587,0,4,1,electronics,23,branch,0
11832,496.55245284703716,12.109386345330345,0,5,0,luxury,8,mobile,0
11833,346.8055085667238,0.4894144877492953,0,4,0,grocery,23,web,1
11834,65.74725704,1.5293079529255675,0,3,0,luxury,19,mobile,0
11835,223.49779410679707,11.629676673744724,0,2,0,travel,20,mobile,0
11836,79.43986277861245,1.6727777419496417,0,4,0,travel,5,web,1
11837,95.86086494091278,5.305768600032954,1,5,1,travel,8,web,1
11838,123.26423516242937,3.8266345334959855,1,1,0,electronics,12,mobile,0
11839,43.09621840754582,4.535758167279822,0,1,0,travel,4,mobile,0
11840,74.79727428387368,2.687464457832261,0,6,0,electronics,13,mobile,1
11841,449.80687716682127,1.7833137954484908,0,5,0,clothing,13,web,1
11842,95.34876884126183,0.24875374324582877,1,4,0,luxury,17,branch,0
11843,303.1159826278092,6.818379281128387,0,1,0,grocery,6,mobile,1
11844,189.84987925843276,6.853945205362997,0,7,0,electronics,5,mobile,0
11845,248.77981316358242,5.554321293501305,0,4,0,electronics,11,mobile,0
11846,256.26901182495993,5.1589819590338255,1,3,1,grocery,13,branch,1
11847,71.76737019243619,1.3966990449242704,1,7,0,luxury,18,mobile,1
11848,301.89598975295155,0.11299182085347972,0,2,0,travel,15,branch,1
11849,52.81419382518554,8.269964456618132,0,1,1,luxury,23,mobile,0
11850,91.92637063496412,3.377897358838201,0,4,0,electronics,18,web,0
11851,253.66344443193483,1.8324586471877093,0,8,0,travel,9,branch,0
11852,67.42576665130385,0.5375469295807206,0,6,0,clothing,10,web,1
11853,20.001193419255372,0.3238745635200182,0,9,0,grocery,3,mobile,0
11854,216.00410001724183,2.1452046465117256,0,1,0,luxury,19,web,0
11855,35.27940129366468,8.167041214318074,0,1,0,travel,1,branch,1
11856,270.6167783,12.549507124154815,0,5,0,grocery,8,mobile,0
11857,130.63475488291112,11.353076319098802,0,6,0,luxury,9,web,1
11858,213.77251419893324,12.62869539,0,8,0,electronics,7,branch,1
11859,210.90470492766516,11.914928743122609,0,3,0,electronics,3,branch,0
11860,284.7021065787213,3.7456758268064165,0,6,0,electronics,12,branch,0
11861,258.89910098750363,1.2385622922872432,0,3,0,clothing,5,web,1
11862,66.85338778082154,7.998591081390703,0,8,0,electronics,5,branch,0
11863,137.10013879981818,1.2021669063434668,1,4,0,electronics,1,mobile,1
11864,213.5899780238809,1.5544619787162866,0,2,0,electronics,8,mobile,0
11865,428.1622859251398,1.3280005627541958,0,9,0,travel,5,branch,0
11866,260.5651976819982,3.6178505383160964,0,8,0,grocery,4,branch,1
11867,403.83321147053965,1.941768053346007,0,6,0,clothing,1,mobile,0
11868,221.75682813492799,0.8371019610594889,1,3,0,luxury,13,mobile,0
11869,350.91155625794687,3.0181177519737434,1,2,0,clothing,9,branch,0
11870,200.96854913569246,10.353687213876562,0,4,0,grocery,14,mobile,0
11871,341.2687021501937,4.226283033568483,0,4,0,electronics,16,branch,0
11872,125.29118258974373,10.532444463851572,0,1,1,electronics,6,web,1
11873,460.94093959855746,1.0899852432799795,0,9,1,luxury,19,branch,1
11874,239.88596958323222,0.9134513658427402,0,8,0,clothing,10,branch,0
11875,43.42510972582855,4.285124878587103,0,7,0,clothing,12,web,1
11876,218.77808476985393,3.111849259,0,6,1,luxury,22,branch,0
11877,261.1635323,5.396587799402085,0,3,0,clothing,20,branch,1
11878,309.0608534225401,7.914632117130614,0,4,0,clothing,16,web,0
11879,567.6470595300776,6.957686318772779,0,2,1,clothing,4,mobile,0
11880,109.52992169451723,14.259127157828315,0,7,0,luxury,11,mobile,1
11881,570.1141626130689,2.5396192661950554,1,2,0,luxury,3,mobile,1
11882,167.14423126181342,1.155795086572746,1,1,0,grocery,0,mobile,1
11883,88.01417379207344,4.002689221738651,0,6,0,clothing,9,mobile,1
11884,111.5367650310559,0.5868456577079735,0,4,1,grocery,1,web,0
11885,250.40707158475354,1.7043674028293498,0,8,0,travel,12,web,0
11886,76.93174328460385,1.1652627639558408,0,1,0,travel,12,branch,0
11887,127.0364866157068,2.525574114019678,0,9,0,clothing,11,mobile,0
11888,214.88389781653422,0.5895084478648666,0,6,0,electronics,0,web,1
11889,458.59133025570003,0.1617985901551015,0,2,0,travel,9,web,1
11890,303.01034520917847,5.347122212470988,0,8,0,electronics,19,mobile,1
11891,172.34774016308396,4.711235747987696,0,5,0,grocery,23,web,1
11892,249.6049745081224,6.161157329247825,0,5,1,clothing,4,branch,1
11893,199.80272201353048,5.399734484,1,5,0,grocery,9,branch,0
11894,57.85774607295389,0.6068549046297357,0,7,0,grocery,6,mobile,0
11895,511.5409337754099,1.720055079344783,0,7,0,luxury,14,mobile,1
11896,463.3887723199491,0.6935904438268092,0,7,0,clothing,17,mobile,1
11897,157.30119167736243,9.25666853,0,2,0,luxury,19,branch,0
11898,114.89322584250039,6.869925269362316,0,8,0,grocery,3,web,1
11899,59.16829628155067,1.125270644768301,0,1,0,electronics,0,branch,0
11900,260.6767249421684,2.0875055590389833,0,2,0,clothing,7,mobile,0
11901,261.8645846830434,16.998241749789578,1,7,0,clothing,10,web,1
11902,82.90131111009973,4.508973517621068,0,4,0,travel,2,branch,1
11903,201.5331300879843,8.076163280417298,0,9,0,electronics,11,mobile,1
11904,296.58856499835855,1.5366425961512213,0,9,1,electronics,12,mobile,0
11905,108.49073736246544,1.1789466166678904,0,3,0,grocery,19,web,0
11906,142.56782114566266,7.660461782799265,0,3,0,grocery,17,branch,0
11907,141.47790404165121,5.789780910088487,0,9,1,grocery,11,web,1
11908,87.66930641263882,5.712474955833469,0,8,0,travel,9,web,1
11909,144.87100939267722,4.02189764,1,1,0,electronics,20,branch,1
11910,36.02673204038059,4.145731996265541,0,6,0,luxury,20,branch,1
11911,135.73337179680712,6.653305092724531,0,7,0,electronics,14,branch,0
11912,137.39310800762047,1.5735707182081704,1,8,1,luxury,2,web,1
11913,158.81942733575002,2.1752559523540227,0,2,1,clothing,23,web,0
11914,236.54060810868924,10.26445651753072,0,1,0,luxury,14,branch,0
11915,54.59331956867132,1.847101980548568,0,4,0,clothing,16,branch,0
11916,65.08836539977311,3.9517009440413746,0,1,1,grocery,15,web,0
11917,85.71401661871451,6.064049752441609,0,2,0,electronics,1,branch,0
11918,49.08939863058274,47.47858107420586,0,3,0,grocery,0,mobile,0
11919,255.89104649178626,2.8572265589212353,0,4,0,electronics,21,branch,1
11920,104.56411132054129,2.7938933625399196,0,6,1,luxury,3,mobile,0
11921,162.64074545435676,9.244455587376935,0,8,1,electronics,16,mobile,1
11922,79.37727689760894,8.186695561231232,0,9,1,luxury,6,web,1
11923,124.41635464450016,6.566630137035948,0,4,0,electronics,4,web,1
11924,208.63996523895673,3.110924531,0,1,0,clothing,22,web,1
11925,216.0271165941869,1.9573607403019146,0,5,0,luxury,3,branch,1
11926,67.74404872,4.691793268024088,0,5,0,grocery,19,web,0
11927,156.47632561300213,10.446380438699903,0,9,0,grocery,19,branch,0
11928,80.59376582402355,10.761242310289777,1,6,0,grocery,4,web,1
11929,152.04216042083928,0.574239927,0,5,0,grocery,7,mobile,0
11930,97.34445376508411,2.7961442973745436,0,5,0,clothing,19,web,0
11931,532.8466176250168,3.124844795239305,0,8,0,clothing,22,mobile,1
11932,295.41618013078414,18.99690302864401,0,1,0,travel,8,branch,1
11933,222.8500880303534,5.665987848,0,5,0,travel,5,web,1
11934,133.19327974375813,2.614882548950703,0,1,0,travel,3,web,0
11935,301.31773565069346,0.13201704151206445,0,7,0,travel,4,mobile,0
11936,159.99240919665505,4.166475328147781,0,7,0,electronics,7,web,1
11937,497.6620843166164,0.5050498298479085,1,8,0,luxury,19,branch,1
11938,322.14440850601756,8.992408787,0,7,0,grocery,12,mobile,0
11939,123.68715332074345,6.9821004802985955,0,9,0,electronics,3,branch,1
11940,460.8075156575967,3.085647365,0,8,1,clothing,6,branch,1
11941,133.7377081817407,2.8036763926461106,0,8,0,grocery,21,mobile,1
11942,553.1539429239286,11.381613228087824,0,3,0,luxury,0,branch,1
11943,477.03400664115617,1.7016066272689956,0,4,0,luxury,8,web,1
11944,207.8188716024413,1.4318810413635061,0,4,0,clothing,4,branch,0
11945,37.53411399028164,14.000616338204502,0,1,0,grocery,9,web,0
11946,196.24788399237497,8.283848916929657,0,6,0,travel,10,mobile,0
11947,61.350828742675546,8.591399993858332,0,2,1,grocery,17,web,0
11948,99.86298610454313,1.085768968136699,0,9,1,grocery,4,branch,0
11949,106.30512133312007,0.773314005,0,1,1,luxury,23,web,0
11950,60.850879678212166,0.13187157210557815,1,1,1,clothing,21,branch,1
11951,196.79050039044898,1.3527582571503287,0,6,0,grocery,23,web,1
11952,90.10244351884651,7.440317594138742,0,1,0,electronics,20,mobile,0
11953,138.64230726345977,1.372436989924828,0,3,0,electronics,3,mobile,1
11954,107.06343153667845,6.530088255117614,0,2,0,clothing,18,web,0
11955,237.26445182906124,1.4511483432209458,1,9,0,travel,15,mobile,1
11956,225.17869209161697,2.5150520277327044,0,5,1,grocery,1,web,0
11957,130.0032988672822,20.42067129950788,1,6,0,grocery,14,branch,1
11958,245.68446965593495,1.4039409914060677,0,2,0,luxury,8,web,0
11959,380.9991370059111,2.3609952053844956,1,8,0,grocery,16,branch,1
11960,16.342720954974478,1.7911463311115443,0,6,0,travel,1,web,0
11961,102.0122099964138,0.5805627066527015,0,8,0,grocery,21,branch,1
11962,72.64264669357021,3.3656850517646135,0,8,1,grocery,5,mobile,1
11963,94.46671289784699,2.3796309719731603,0,1,0,luxury,0,web,0
11964,12.533361986943298,5.935366802088891,0,7,0,electronics,7,mobile,1
11965,15.435643791883344,8.507616528449033,0,2,1,electronics,10,mobile,0
11966,110.11809065694378,3.9290511948702838,0,8,0,travel,19,branch,1
11967,107.54148479529894,0.16363063837575648,0,2,0,clothing,22,mobile,0
11968,417.8267975614057,4.823760676037488,0,4,0,clothing,14,branch,0
11969,185.57609053136215,0.28491953956346994,2,2,0,luxury,8,mobile,1
11970,241.2717962547131,4.790205416117097,0,7,1,grocery,1,mobile,1
11971,1361.0232684515386,5.776388608608277,0,5,0,luxury,6,web,1
11972,503.1947059181498,1.1017848597859374,0,9,0,electronics,16,web,1
11973,160.8598360897225,8.555862513054345,0,5,0,travel,2,branch,1
11974,117.67816102382918,12.100379507804854,0,8,0,clothing,3,mobile,0
11975,103.39437535326664,8.385559095166274,0,2,0,grocery,2,mobile,1
11976,212.9279007957594,1.8200027698947858,0,3,0,clothing,7,web,0
11977,118.50330229639769,4.417218413672554,1,6,0,electronics,10,branch,1
11978,59.20364392189047,12.314658341826274,0,7,0,grocery,15,web,1
11979,106.66785450080127,1.9332024873871072,0,8,0,electronics,13,mobile,1
11980,217.35792917642664,8.574765040900315,0,3,0,clothing,22,branch,0
11981,271.75352765287465,0.04760153,0,7,1,clothing,18,mobile,1
11982,537.3565642915617,0.018266841073859244,0,8,0,electronics,22,web,0
11983,179.65041207516649,7.129578308,0,6,0,grocery,1,branch,0
11984,396.1821833,7.165831057,0,4,0,electronics,11,web,1
11985,142.7737482737432,7.778945184529552,0,6,0,grocery,10,mobile,1
11986,158.5165873251356,13.298217544255277,1,9,0,luxury,15,mobile,1
11987,152.10736347425475,0.6272850309528327,0,3,0,luxury,10,web,1
11988,195.95114247080204,1.319729976115451,0,2,0,grocery,2,mobile,0
11989,305.9386941353238,11.70272886105607,0,5,0,electronics,22,web,0
11990,114.50277516533629,0.9754305778725838,0,7,0,grocery,9,web,1
11991,76.20717979876595,5.732125617228878,0,3,1,clothing,4,branch,0
11992,322.9165154878983,3.7800408814206365,0,5,1,electronics,12,mobile,0
11993,307.27458322488553,0.4342951803423435,0,4,0,grocery,23,mobile,1
11994,438.2424094128679,1.6792078112812563,0,7,0,clothing,5,web,1
11995,100.22076349782569,3.673724634,0,2,0,travel,19,branch,0
11996,138.75378166310836,9.564557305328456,0,7,0,clothing,2,web,0
11997,331.2679204294031,6.147111046974886,0,2,1,grocery,21,mobile,1
11998,113.40506153723456,4.8627601722150775,1,3,0,electronics,8,branch,0
11999,263.7798164021673,3.4262213543021005,1,5,0,electronics,20,branch,1
12000,143.26270152890294,1.7739834292384202,0,7,0,luxury,6,web,1
12001,212.1003094408577,0.6348784205494028,0,6,0,grocery,22,web,0
12002,58.06988477332483,2.63033962,0,7,0,clothing,6,branch,1
12003,177.91095589440152,0.14466523397979408,0,6,0,clothing,1,mobile,1
12004,375.8727321538659,1.185298981089541,0,1,0,grocery,7,mobile,0
12005,288.5228311242309,2.8324261821958525,0,5,0,clothing,17,branch,1
12006,71.72552599051062,2.711626050907391,1,1,0,travel,0,web,1
12007,509.3322133217807,0.2265322096466675,0,7,0,luxury,9,web,0
12008,360.4639332725947,4.4465421706986605,0,4,0,electronics,5,mobile,0
12009,60.75657503435521,3.989031443010702,0,5,0,clothing,17,mobile,0
12010,107.2785423894028,0.40661594915163557,0,1,0,travel,12,branch,0
12011,64.09243306,14.3378434,0,8,0,grocery,20,mobile,0
12012,216.44251720166133,0.5233747477313698,1,4,0,clothing,0,mobile,1
12013,103.34569893376828,9.649392028073414,0,3,0,grocery,22,web,0
12014,21.62540052375447,0.001548899,0,1,0,travel,0,web,0
12015,157.96214295790364,10.697278288892864,0,4,0,travel,11,mobile,0
12016,314.1807842730972,0.099583803,0,3,0,electronics,7,web,1
12017,180.69561101577932,7.090205633018928,0,8,0,grocery,20,web,1
12018,247.13574725651938,2.244662456210612,0,9,0,luxury,4,web,0
12019,193.81577553365176,6.701192996045612,0,5,0,electronics,2,mobile,1
12020,280.2433239739994,2.568692689461302,0,9,0,grocery,17,web,0
12021,206.78849229672403,0.3677371512972032,0,1,0,grocery,5,mobile,0
12022,151.3216267502533,7.294469258843973,0,7,1,travel,3,mobile,1
12023,179.01393712605778,0.36959287141435104,1,7,0,travel,14,branch,1
12024,449.0840720327109,12.762958481761402,0,6,0,grocery,3,branch,0
12025,257.1109539,0.26159560600666953,0,4,0,travel,5,branch,0
12026,71.50484564369035,3.2631488287034403,0,9,0,grocery,17,mobile,1
12027,176.8708007,6.419310398104586,0,3,0,grocery,17,branch,1
12028,213.63818218016283,2.4981630396343344,1,1,0,electronics,9,web,1
12029,147.41558506797904,1.2246040350590381,0,2,0,electronics,12,branch,0
12030,21.772889853289286,7.116679249579237,0,3,0,luxury,19,mobile,0
12031,78.43963361,7.669210884627792,0,2,0,electronics,21,web,0
12032,118.76975157266558,12.799982174324615,0,6,0,clothing,17,web,1
12033,548.4424725900063,2.359347728376415,0,7,1,clothing,6,web,1
12034,237.61745335923172,3.528647378394771,0,5,0,travel,7,branch,0
12035,36.08788044403948,2.2559364043123162,0,5,0,clothing,5,branch,0
12036,154.8681892590269,1.4858468197536412,1,7,1,electronics,1,branch,1
12037,403.10313709749346,6.952173835,0,6,0,luxury,21,branch,1
12038,102.10701866230924,2.0749403774739825,0,8,0,grocery,7,web,1
12039,339.87384947958486,2.7943879198082566,1,9,0,luxury,9,mobile,1
12040,37.4050689,2.584836037239274,0,2,0,electronics,16,branch,0
12041,3.2348075387319777,6.235466804508084,0,2,0,electronics,21,mobile,0
12042,374.6013979222219,12.492733840016296,0,1,1,electronics,11,web,1
12043,113.73836486401461,5.494402542789903,0,7,0,travel,10,mobile,1
12044,121.37221354322357,3.189343849429509,0,4,1,clothing,16,mobile,1
12045,192.47880336243676,7.552605647,0,9,0,electronics,15,branch,1
12046,231.64720328928584,5.121765082933768,0,6,0,grocery,21,branch,1
12047,7.616185794687742,0.31262465348926466,0,7,0,clothing,9,web,0
12048,95.31195329708993,0.502769244,0,7,1,clothing,19,branch,0
12049,174.39805694447617,0.19327247660717972,0,8,0,travel,2,mobile,0
12050,231.2701729,3.051538793987147,0,4,1,luxury,18,mobile,0
12051,70.71362553,8.739290015,0,3,0,clothing,3,mobile,0
12052,141.39090273752169,1.877710278675705,0,3,0,clothing,18,mobile,0
12053,101.8342272664636,2.4238419337601105,0,8,0,electronics,8,branch,0
12054,197.3209845876029,12.010762570253013,0,3,0,grocery,19,web,1
12055,365.5515444526313,9.067064467653978,0,8,0,electronics,16,branch,0
12056,126.91620191583537,5.468841882618461,0,2,0,grocery,3,mobile,0
12057,44.89668094620458,1.5517096068314762,0,5,0,clothing,16,web,1
12058,90.83073249672034,0.6223852937192378,0,5,0,grocery,2,web,0
12059,505.9612671805782,0.080945814,0,7,1,electronics,19,mobile,1
12060,78.72218294479028,0.5659032479089162,1,5,0,electronics,3,mobile,1
12061,54.65783961331212,1.7307698741643465,0,9,0,luxury,8,branch,0
12062,120.62555644739561,4.0124677412407355,0,3,0,travel,5,web,0
12063,154.89884201985325,0.33069945457609334,2,9,1,luxury,18,web,1
12064,107.24443722279217,0.732230886,0,1,1,clothing,6,branch,0
12065,37.63801445187985,0.9988486880037557,0,3,0,grocery,15,mobile,0
12066,211.72699665488278,4.998118408128166,1,4,0,electronics,14,web,1
12067,197.47239674805317,4.782827388365256,1,6,0,electronics,15,branch,1
12068,273.0459363,4.001053798839608,0,8,0,electronics,13,web,1
12069,194.17552880296424,1.4417543115155933,0,7,1,electronics,3,branch,1
12070,478.57060629727704,2.3190716424743374,0,8,1,clothing,22,web,1
12071,288.10389980956575,0.5084458517154447,1,6,0,travel,1,mobile,1
12072,248.74421400785326,1.2838933891326971,1,6,1,luxury,6,mobile,1
12073,374.6611901657497,11.399483484966101,0,6,0,luxury,23,web,0
12074,185.45167744190005,19.483639480248055,0,3,0,electronics,6,web,0
12075,143.80695642921341,5.215787422307557,0,4,0,electronics,5,web,1
12076,209.97614148386833,12.433939612767384,0,6,0,grocery,19,branch,0
12077,20.365340129477342,5.146483951773902,1,7,0,electronics,8,mobile,1
12078,185.8995325003087,0.16879997798712992,0,3,0,luxury,16,branch,0
12079,154.76709612866154,28.664900514646515,1,4,0,grocery,20,mobile,1
12080,226.91912313739175,0.5209854173520596,0,6,0,grocery,10,mobile,0
12081,340.5689291,5.738620895689197,0,1,1,electronics,15,branch,0
12082,253.92278748985078,1.4573542244693984,0,7,0,grocery,0,mobile,0
12083,91.05041916,2.487746666003462,0,1,0,travel,15,mobile,0
12084,303.31423196382514,5.191362322,0,9,0,electronics,16,web,1
12085,483.1818342720789,2.867827477730787,1,9,0,travel,5,branch,1
12086,346.60931153955886,1.4420520810227277,0,9,0,electronics,21,branch,0
12087,49.259623454458236,2.035678916132329,0,4,0,travel,10,mobile,0
12088,252.02096830500727,2.0893191548347487,1,2,0,electronics,6,branch,1
12089,57.17369879,16.01057347,0,7,0,luxury,15,mobile,1
12090,132.72072735833854,8.012634640063864,0,4,0,electronics,21,mobile,0
12091,222.09593189624988,3.0675114198235693,0,5,0,luxury,1,branch,1
12092,201.2853594007868,1.1145986339574616,0,1,0,clothing,19,mobile,0
12093,342.02255957647833,8.330467535202692,0,6,0,clothing,12,web,0
12094,484.7390278,0.8550239973075434,0,7,0,electronics,12,branch,1
12095,238.4641581366051,1.181537948699813,0,3,0,luxury,14,branch,0
12096,124.58644280471307,2.278637237721319,0,2,0,luxury,14,mobile,0
12097,21.721460249037094,10.615846930977968,0,7,0,grocery,8,branch,0
12098,401.3623639721806,0.7065891052806507,0,1,0,grocery,17,branch,0
12099,155.4099728948099,0.6518772769272053,0,2,0,travel,13,web,0
12100,161.8632169,3.405845903447789,0,3,0,grocery,22,web,0
12101,172.05891225579379,1.617655465685682,0,4,0,electronics,13,branch,0
12102,230.6491109068545,4.205080810716528,0,5,0,grocery,3,mobile,0
12103,235.5686523418248,3.0040861377816253,0,4,0,grocery,13,web,0
12104,134.44707456857802,2.854285862,0,3,0,electronics,9,web,0
12105,154.19817856320088,0.5937654890621984,0,1,0,electronics,10,web,0
12106,100.32748811409459,0.7602210264742871,0,7,1,travel,21,mobile,1
12107,90.98716678550755,8.604042748356878,0,6,0,luxury,0,branch,1
12108,90.59554032780802,10.852643707303542,0,2,0,grocery,13,branch,0
12109,152.78416829282074,1.3373292409783801,1,2,0,clothing,7,web,1
12110,75.64147237475231,0.6021479946641362,0,3,0,luxury,5,branch,0
12111,2.5860485125452177,0.2744813705191477,0,8,0,electronics,10,web,0
12112,122.80932655345356,4.686264731367501,0,8,0,grocery,13,web,0
12113,52.520512641447596,6.282531047195096,0,8,0,travel,6,mobile,1
12114,181.19400397188838,2.3325286836802186,0,7,1,clothing,21,mobile,1
12115,99.98891472316964,5.692109409,0,2,1,luxury,6,web,0
12116,232.72378507686506,6.240647868625172,0,1,0,grocery,20,mobile,0
12117,57.644477705248256,13.69323895139158,0,6,1,electronics,18,mobile,1
12118,27.379706811826836,0.33536806062261293,0,8,0,luxury,21,mobile,0
12119,154.5012209705356,1.0677716462789832,0,1,0,clothing,9,branch,0
12120,118.5266985,0.3549349399225682,0,3,0,electronics,21,branch,0
12121,47.898142753666185,10.124536989384774,1,1,0,clothing,8,mobile,1
12122,288.2661548992331,7.865220379554768,0,9,0,grocery,17,branch,1
12123,67.87430436665497,4.274121388629335,0,7,0,luxury,16,web,1
12124,87.17751960837951,0.4368576276376467,0,8,0,t,12,web,0
12125,326.94837907229436,1.596292740228378,0,9,0,grocery,3,mobile,0
12126,242.48967534028395,1.7671143886329441,0,3,0,grocery,20,mobile,1
12127,60.929587483050874,4.113355310150787,0,2,1,travel,6,branch,1
12128,127.50550483640801,1.4923259697413902,0,6,1,travel,7,mobile,0
12129,54.98762721817827,0.3787920880189004,0,5,0,electronics,15,mobile,0
12130,310.7135097980957,6.560803266619369,0,4,0,clothing,11,web,1
12131,310.5680761294795,1.776809115549827,0,6,0,grocery,0,web,1
12132,532.0242165571744,3.0108151501926117,0,6,0,electronics,5,branch,1
12133,668.8347148972093,0.6829181439935457,0,3,1,electronics,0,branch,1
12134,98.96954941081309,8.111306493519328,0,2,0,grocery,7,branch,0
12135,276.64795570867426,4.168163507901678,0,9,0,clothing,11,mobile,1
12136,22.602778998038588,11.59284205244419,0,8,0,travel,15,mobile,0
12137,191.73394139629326,3.4206553710340364,0,4,0,grocery,0,mobile,1
12138,227.84573027190365,14.187293820080306,0,6,0,clothing,3,mobile,1
12139,71.47562748045006,11.122022330262869,0,3,0,travel,18,web,0
12140,93.65422313245114,4.295534897197668,0,8,0,luxury,17,branch,1
12141,312.0257361,13.582436327456398,0,3,0,grocery,7,branch,0
12142,231.96998226472428,1.9510755186208057,0,2,0,grocery,5,web,0
12143,487.8540825739533,2.2757103581353317,2,7,0,clothing,12,web,1
12144,450.7972705751979,0.23272268175685695,0,3,0,electronics,19,mobile,0
12145,31.234377378893186,4.4482550412118655,0,9,0,electronics,2,branch,0
12146,107.71507068552128,6.399303566093288,0,3,0,clothing,14,branch,1
12147,64.53151373,7.425475313895616,1,8,0,grocery,5,web,1
12148,284.83245684492266,0.811514094,0,2,0,grocery,5,branch,0
12149,206.04813042776007,2.9363656347390474,0,9,0,grocery,4,web,1
12150,68.89679057821989,0.9731644283429073,0,1,0,luxury,18,branch,0
12151,79.50155601419621,5.425431131267816,0,3,0,electronics,9,web,0
12152,385.6415050981009,0.8595578802874416,0,2,0,luxury,8,mobile,0
12153,118.32699789997754,11.72556791980286,0,7,1,grocery,13,branch,1
12154,18.081577664545133,1.3109465956557809,1,5,1,electronics,21,mobile,1
12155,63.12147395716362,1.722336424087929,0,8,1,grocery,4,web,1
12156,555.2484584191998,9.515902300981423,0,2,1,grocery,6,branch,0
12157,333.4919918251593,3.0667619963562958,0,8,0,clothing,16,branch,0
12158,51.48147538485737,0.12144269342152078,0,7,1,electronics,22,mobile,0
12159,191.66803124050494,3.411889403021618,0,5,0,grocery,16,mobile,1
12160,319.4409198785697,0.4416612559642916,0,2,0,travel,8,web,0
12161,30.730785627903707,21.114772546617942,0,7,0,travel,21,mobile,1
12162,344.11606579573805,4.435013841914094,0,4,0,grocery,22,branch,0
12163,230.37747526467746,1.4821519220099897,0,4,1,clothing,6,branch,0
12164,88.80329535304983,4.147328606064707,0,8,0,grocery,0,branch,0
12165,257.30562958346843,0.3999103575442345,0,6,0,travel,1,branch,1
12166,208.19808343085708,8.044472907046117,0,9,0,electronics,9,mobile,1
12167,218.77352631433408,12.973254055592314,0,2,0,clothing,18,mobile,0
12168,186.52526159811194,10.375032483482636,0,5,1,grocery,7,web,0
12169,76.83509251083403,2.09091015,0,6,1,travel,8,mobile,1
12170,90.59150767090931,1.9709059554962827,0,8,0,electronics,14,web,1
12171,137.7778975468295,0.1785898529494366,0,4,0,travel,10,mobile,0
12172,172.67641685322198,5.2691558743620535,0,7,0,clothing,23,mobile,0
12173,268.1761931174404,3.8275656458653637,0,7,1,luxury,11,branch,1
12174,563.8738271541137,3.0748822396390603,0,4,0,grocery,21,mobile,0
12175,198.36734870145372,11.90981675,0,1,0,electronics,17,web,0
12176,264.8349001254789,0.9188864858470749,0,3,0,clothing,1,branch,1
12177,308.31631895818384,0.048566442,1,2,0,clothing,14,mobile,0
12178,278.1752580689109,0.3807157199781468,0,3,0,luxury,9,branch,1
12179,74.15453553728885,1.2639654193718126,1,5,1,luxury,6,branch,1
12180,410.03864973407485,0.16926060550484245,0,1,0,grocery,8,branch,1
12181,367.98134254446455,3.494254184063265,1,5,1,grocery,21,web,1
12182,184.61240361994246,1.8850475944574108,0,2,0,clothing,16,web,0
12183,78.33672290209634,0.9952007325104211,0,4,0,grocery,13,mobile,0
12184,170.57385465060108,6.933153587379984,0,6,0,grocery,8,branch,0
12185,35.43137345566454,1.1436162334668274,0,9,0,luxury,6,mobile,1
12186,445.84853877031475,5.817435948,0,6,0,clothing,14,web,0
12187,98.05192221704506,2.1482632050675114,0,2,0,travel,2,branch,0
12188,132.17799526050993,3.5854349296951034,1,8,0,travel,1,web,1
12189,425.0616069565415,13.58044007864249,0,5,0,electronics,2,branch,0
12190,391.85065587829706,0.19033539526754178,0,9,0,luxury,1,branch,0
12191,214.2247761331872,3.468381677463247,0,9,0,electronics,12,branch,1
12192,490.2802551964478,9.635249251062314,0,4,0,clothing,12,mobile,0
12193,71.97672773906844,4.433347138152183,0,1,0,travel,1,web,0
12194,214.30558138541036,1.6208349076190556,0,9,0,travel,19,web,1
12195,72.53737283538734,2.5348414903161736,0,9,0,travel,21,web,0
12196,353.00272495747123,5.701323588402277,0,8,0,electronics,18,branch,0
12197,344.6694993612879,11.073415719456845,0,5,1,grocery,8,mobile,1
12198,513.1000319546508,0.2096670895426497,0,5,0,electronics,4,mobile,0
12199,166.62617498620955,0.3711335523469795,0,6,0,travel,20,mobile,0
12200,607.0698483130304,1.965594611482251,0,1,0,luxury,6,mobile,0
12201,66.98855022359888,1.324906378123287,0,9,0,luxury,12,branch,1
12202,159.80398898125782,1.5389537591979834,0,5,0,electronics,0,branch,0
12203,69.29658113925538,1.250454448143442,1,7,0,electronics,8,mobile,1
12204,193.29102559256629,1.0896921627419882,0,8,0,clothing,1,mobile,1
12205,75.07670046089379,0.6998976397243377,0,5,1,electronics,2,web,0
12206,353.6537877932765,13.587029027690269,0,3,1,electronics,11,branch,1
12207,235.84449394107546,0.7785313183893063,0,6,0,travel,4,mobile,1
12208,61.69221474160943,1.1433173828276566,0,7,1,grocery,11,branch,1
12209,299.32831107620444,1.413576960805182,0,4,0,travel,3,web,0
12210,467.69538834661654,13.516423356275693,0,9,0,grocery,20,mobile,1
12211,252.30696318258828,7.0470807792766035,0,4,0,travel,20,branch,1
12212,45.21240314886937,7.796087436818825,0,2,1,travel,11,branch,1
12213,148.16505574655508,0.5533074805185297,0,9,1,clothing,4,branch,1
12214,275.4491944504091,9.048900601416602,0,4,0,grocery,13,branch,0
12215,137.25878514354116,2.6228742450789113,0,4,0,travel,13,branch,0
12216,66.17556641840484,1.5246364418140892,0,1,1,travel,9,branch,0
12217,381.2277099233179,4.287162858668044,0,2,0,grocery,9,web,0
12218,132.5826045013799,8.634999088803628,0,3,0,clothing,4,branch,0
12219,467.8862727,7.540099189156856,0,7,0,grocery,17,web,1
12220,108.2033192555644,11.036260139127606,0,9,0,clothing,16,web,1
12221,126.41592430023294,13.164633821040983,0,5,0,clothing,9,branch,1
12222,101.15897669236253,1.3598446742637886,1,4,0,luxury,10,mobile,0
12223,146.18516647563794,2.7570046860142257,0,2,0,clothing,14,branch,0
12224,233.08910539999178,0.073682957,0,7,1,luxury,23,web,0
12225,69.48246301707483,10.573133070409773,0,6,0,electronics,18,branch,1
12226,57.71003844989513,0.839562251,0,7,0,clothing,11,branch,1
12227,29.95347096332231,9.883515547738869,1,8,1,grocery,15,branch,1
12228,25.782929512727478,1.9978176982546434,0,9,1,luxury,22,web,1
12229,45.77610624831452,2.2953864186544277,0,5,0,electronics,23,web,0
12230,107.57698121886186,0.19959250606983645,0,5,0,electronics,11,web,0
12231,190.68338842512972,1.9791493059682876,0,4,0,clothing,21,mobile,0
12232,223.8990411740362,10.962544295228708,0,3,0,grocery,21,mobile,1
12233,184.16617134555966,0.12939701348441823,0,7,1,clothing,18,mobile,1
12234,432.91655662601005,2.6071370653373127,0,5,0,travel,2,mobile,1
12235,525.7728471046547,0.15951583412560244,0,7,0,electronics,12,branch,1
12236,133.09025136119755,2.317511445031905,0,2,0,travel,20,mobile,1
12237,70.58211607668477,0.9475807241120207,0,9,1,travel,21,mobile,1
12238,631.5382972673187,1.4532215662460386,1,9,0,luxury,14,mobile,1
12239,372.45389688475757,10.502238089136801,0,9,0,travel,16,branch,1
12240,354.0852412,2.863941509492844,1,5,0,electronics,10,mobile,0
12241,103.94803433383184,1.5996352705182524,0,9,0,electronics,22,mobile,1
12242,304.4858397183122,4.449928538,0,1,1,grocery,11,mobile,0
12243,185.2715948431999,0.7663792453732027,0,2,0,clothing,16,web,0
12244,157.29804926670352,1.5014163921594135,0,5,0,grocery,21,mobile,1
12245,157.08787912389786,3.9510220715050814,0,5,1,grocery,22,mobile,1
12246,240.82941047466392,1.3559149488715372,1,6,0,clothing,4,mobile,1
12247,442.2987650088282,5.683560854389298,0,8,0,electronics,4,branch,1
12248,665.5141891911336,3.381364794693844,0,1,0,luxury,6,mobile,0
12249,119.72069592069812,7.391808568486172,0,9,0,travel,2,mobile,1
12250,193.19845034453343,14.806126312534458,0,4,0,luxury,2,web,1
12251,154.22871455456163,0.6153876364510232,0,8,0,travel,16,web,1
12252,229.52440298869757,2.037323103893742,0,5,0,clothing,23,branch,0
12253,139.56352660032775,1.9249977888407823,0,1,0,clothing,1,branch,0
12254,93.83553519978199,0.8195578428905628,0,9,0,grocery,14,mobile,1
12255,119.85757875515799,8.311639702863047,0,8,0,clothing,18,web,1
12256,105.25704030129724,7.133055417366271,0,5,0,travel,22,branch,0
12257,148.39719750916998,3.3123670475718905,1,4,0,luxury,9,branch,1
12258,49.28919821972554,3.858471794916827,0,8,0,luxury,10,web,1
12259,106.9717393022539,0.306952809,0,9,1,luxury,23,mobile,1
12260,227.90915255387358,4.054108824166226,1,7,0,luxury,8,web,1
12261,226.69650297818288,7.835282249054089,0,4,0,grocery,13,mobile,1
12262,201.44575413875233,4.264556289,0,7,1,luxury,23,mobile,1
12263,416.92075917465354,1.541508483814607,0,6,0,travel,6,web,0
12264,234.44422709839193,5.506303046893758,0,3,0,grocery,9,mobile,0
12265,407.8739336482842,2.2430774151207356,0,3,0,grocery,0,branch,1
12266,665.8342935515135,3.9358970136435643,0,1,0,grocery,0,web,0
12267,309.80301101455336,3.342910571042343,0,5,1,clothing,13,branch,0
12268,49.537040273398844,2.399663809416592,0,8,0,grocery,7,mobile,0
12269,207.3841043724749,6.344832352138164,0,6,0,travel,13,mobile,0
12270,185.5380314,10.765488288302281,0,8,0,luxury,6,web,1
12271,467.3841511533065,0.026130755226697604,0,7,1,clothing,17,web,1
12272,152.68143516561474,13.56153518520694,0,2,0,luxury,22,mobile,0
12273,82.84858379444987,3.582233963982928,0,8,0,electronics,8,web,1
12274,112.29510160007285,6.032076931063072,1,4,1,clothing,14,mobile,1
12275,51.46892858862257,9.676690964,0,5,0,travel,0,branch,1
12276,597.0174020759379,3.147142092111222,0,8,0,clothing,10,web,0
12277,169.1080198830813,9.008263431517404,0,5,1,grocery,18,branch,1
12278,56.551522725295754,0.9777624205186932,0,5,0,clothing,9,web,0
12279,495.4214238595246,0.8668142375500487,0,6,0,grocery,17,branch,0
12280,551.1892346609228,5.357000150965579,0,7,0,luxury,21,mobile,1
12281,190.33572544752172,10.206607383616435,0,9,0,clothing,3,mobile,0
12282,46.80498422263917,11.147889732520655,0,7,0,clothing,17,mobile,0
12283,114.60249675887668,5.1604788212774135,0,6,0,travel,17,mobile,0
12284,140.00230155509504,3.7273548202723354,0,4,0,electronics,21,web,1
12285,173.50464987341516,2.012794832879642,0,2,0,clothing,21,branch,1
12286,63.816512470414736,19.560218928053107,0,9,0,luxury,19,web,1
12287,327.4550339270052,1.926075307,0,5,0,grocery,11,web,0
12288,15.836876538058375,6.816525401275422,0,5,1,luxury,8,mobile,1
12289,364.3577588682932,3.7962404736438633,0,3,0,travel,17,web,1
12290,417.35325590692247,4.689006451,0,3,1,clothing,5,branch,0
12291,124.23786697077237,2.5000924141647207,0,1,0,electronics,22,web,0
12292,158.51708872361488,16.736831929616198,0,5,0,electronics,18,branch,0
12293,452.54296444333704,4.239450649879238,0,3,0,clothing,19,mobile,0
12294,268.08939951942943,13.886007158932209,0,2,1,electronics,22,mobile,0
12295,127.91326157987947,0.038101888,0,9,0,luxury,14,web,1
12296,140.60040575955193,4.251000476227275,0,6,0,grocery,4,branch,1
12297,241.80596456856276,6.314844936063634,0,3,0,clothing,10,mobile,0
12298,562.1115421686867,6.834030899856499,0,7,0,grocery,12,mobile,0
12299,144.1225537487075,11.768175336599056,0,9,1,electronics,1,web,1
12300,124.73071355574217,0.022056623,0,9,0,travel,7,branch,1
12301,172.57332840163824,0.001651069,1,1,0,grocery,10,mobile,0
12302,173.36404655686516,3.1957904929301533,0,2,1,travel,17,mobile,1
12303,211.93623340106328,0.14865666639849912,0,8,1,luxury,9,branch,1
12304,158.91448594344735,18.351771282973143,0,1,0,travel,0,web,0
12305,379.17414518206385,1.2555626510845508,0,3,0,grocery,3,web,0
12306,77.16643189958138,3.199593727792789,0,7,0,grocery,16,mobile,1
12307,229.33184548764004,0.315431907,0,8,0,clothing,16,mobile,1
12308,235.88728162063956,3.6912292034098737,1,5,0,travel,4,web,1
12309,83.61319806774603,2.389825187777554,0,2,0,luxury,22,web,0
12310,227.67865254569034,0.22844005573292875,0,3,1,clothing,2,mobile,1
12311,240.36036821028426,2.0407756150025196,0,9,0,clothing,6,branch,1
12312,7.534903286508933,2.483266143258778,0,7,0,luxury,4,branch,1
12313,70.50009718,22.986749856130796,0,1,1,clothing,9,mobile,0
12314,477.8692337089586,1.1652489821868972,0,3,0,luxury,23,mobile,0
12315,102.27634601887057,3.9348680773627684,0,9,0,electronics,6,mobile,1
12316,56.41185995187341,21.836891909953152,0,7,0,clothing,16,mobile,0
12317,24.40242963731818,7.851547747054976,0,2,0,grocery,16,web,0
12318,64.45136346063485,25.07886802473662,0,6,1,electronics,6,branch,0
12319,153.66717919541205,17.256927171088904,0,9,0,clothing,5,branch,1
12320,52.423361571674086,3.3622105097827824,0,4,0,luxury,8,branch,1
12321,270.5818620247712,5.959823453716956,0,2,0,electronics,7,web,1
12322,82.24764911858455,0.5851591784326979,0,3,0,electronics,13,mobile,1
12323,213.13203805932517,2.9093603785224404,0,7,0,grocery,21,branch,0
12324,432.93458205033414,8.277894677892109,0,4,0,clothing,5,branch,0
12325,415.01201179008734,3.519375810394289,0,7,0,clothing,8,web,0
12326,210.44832689932895,6.065051478809113,0,5,0,luxury,19,mobile,0
12327,60.40894952230937,6.847212375385442,1,8,0,electronics,10,mobile,1
12328,162.0842548321892,1.4615916246875658,0,8,0,grocery,10,mobile,1
12329,215.5532261355576,10.425261178841724,0,5,0,luxury,7,branch,1
12330,746.6218179892326,3.079286809,0,7,0,luxury,2,web,1
12331,24.102578097892657,1.1797833467863414,0,6,0,grocery,10,branch,0
12332,162.53389579281594,10.027829306089469,0,8,0,clothing,3,web,1
12333,263.7908867865894,2.704867749946988,0,9,0,grocery,22,web,1
12334,183.06628442074256,6.937724481159828,0,5,1,clothing,2,branch,0
12335,198.56181804459715,3.9707313522935177,0,7,0,travel,12,web,1
12336,86.81523176,2.4052966119886547,0,1,0,electronics,18,web,1
12337,323.53593972040164,8.300404855526489,0,8,1,grocery,7,web,0
12338,173.42542753253932,4.391001503126722,0,3,0,luxury,20,mobile,0
12339,198.0237415,2.4760911301324287,0,1,0,clothing,20,mobile,0
12340,347.3897164156363,0.580410436,1,6,1,electronics,23,mobile,1
12341,131.1362092916222,11.290225156103231,0,8,0,electronics,21,mobile,0
12342,399.89858945392854,0.18056956506982347,1,3,0,grocery,20,branch,1
12343,50.593584782139885,9.945713977,0,1,0,luxury,0,branch,1
12344,206.5250855766696,2.231134935326633,0,3,0,grocery,20,branch,0
12345,82.00817719,5.0990808213801575,0,5,0,luxury,7,mobile,0
12346,63.43403228795365,12.76805149067118,0,8,0,travel,8,branch,1
12347,557.8293389980234,0.8226436537085267,1,9,0,grocery,5,mobile,1
12348,53.39405546369035,4.184515912759297,0,9,0,clothing,10,mobile,1
12349,176.03576063893703,7.228796603,0,4,0,grocery,9,web,0
12350,49.23865649978731,7.085496651537726,0,8,0,grocery,2,web,1
12351,383.3795897353092,3.728858535846577,0,5,1,travel,7,mobile,0
12352,120.56843551982557,4.900673603361901,0,3,0,travel,4,web,1
12353,346.14021062259826,7.084324454062081,0,5,0,grocery,1,web,0
12354,257.45627312915565,9.195124571,0,2,0,luxury,15,web,1
12355,676.0284196832986,7.173498031293932,0,6,0,travel,0,web,1
12356,39.33991821,2.1848171360607975,0,1,0,travel,23,branch,1
12357,69.94040775655685,28.60932652658546,0,6,0,luxury,1,web,0
12358,333.42831609016696,2.850248734333347,0,5,0,electronics,2,mobile,1
12359,213.93820883229063,0.12384467915411339,0,9,1,travel,8,web,1
12360,138.99068693188696,2.251922361232965,0,7,1,travel,16,web,0
12361,596.0628589544971,0.6835849036985902,0,6,0,luxury,23,branch,0
12362,166.75483375733114,0.6473702637327232,0,7,1,luxury,11,branch,1
12363,84.89977691355874,1.6531917153413649,1,5,0,grocery,1,branch,1
12364,349.0072623936749,0.2742638679474851,0,1,0,grocery,23,web,0
12365,171.09829506798354,5.831975348203709,0,9,0,electronics,1,mobile,0
12366,181.46223282853646,0.3843452015319597,0,5,0,electronics,22,branch,1
12367,273.06979878974016,1.1363198644941992,1,4,0,electronics,18,web,1
12368,280.6351572,0.48751133307763117,0,6,0,clothing,19,web,0
12369,69.04515902595809,0.3262551060101756,0,5,0,luxury,16,web,1
12370,132.60804883945093,1.5581778391364818,0,1,0,travel,16,branch,1
12371,44.83286094210728,4.2419802719454225,0,2,0,luxury,12,web,0
12372,216.2850339971031,16.717316164582705,0,4,1,luxury,11,branch,0
12373,551.3263171635792,10.41952360831624,0,8,1,electronics,10,web,1
12374,71.80089215036887,10.434704979921568,0,5,1,luxury,10,mobile,0
12375,36.29788295834876,0.9683305339837412,0,7,0,clothing,23,mobile,0
12376,97.59750153526126,1.5387926019522329,0,2,0,travel,7,web,0
12377,138.0214386101538,0.3973448274498973,0,8,1,electronics,17,branch,1
12378,282.3834177718784,7.5359488239550565,0,5,1,grocery,3,web,1
12379,126.6077453696106,0.3618659352802195,0,4,0,travel,17,mobile,0
12380,219.1515814098304,4.067493857393996,0,9,0,grocery,14,web,1
12381,110.39235057679329,1.4242675319225386,0,6,0,grocery,23,branch,0
12382,144.1907031716925,1.3949044160267945,0,4,1,luxury,6,branch,0
12383,82.36068811025203,23.402193135607433,0,8,0,travel,22,branch,0
12384,60.247240886403056,7.068940509105426,1,3,1,clothing,14,branch,1
12385,289.5414750261676,9.068165561695062,0,2,0,luxury,18,mobile,0
12386,116.9743452013394,4.242958147074525,0,7,0,grocery,20,branch,1
12387,230.9332663427576,10.240268178722777,1,4,0,travel,16,branch,0
12388,81.18395011097826,5.185101227709791,0,4,0,luxury,9,mobile,0
12389,167.5951215003207,14.609965863928265,0,9,0,travel,10,branch,0
12390,16.357806659057164,1.6518247230847596,0,2,0,electronics,13,mobile,0
12391,124.37284532867052,4.523287626172593,0,1,0,clothing,3,branch,0
12392,89.23494723376793,5.8580338715633316,0,7,0,clothing,3,branch,1
12393,372.93661250056977,2.4956160332322987,0,8,0,clothing,0,branch,1
12394,51.307910815762106,10.589165061757218,0,3,0,grocery,11,branch,0
12395,148.98090904573556,19.511146380754692,0,2,0,grocery,6,web,0
12396,214.32610537794088,3.403815813897257,0,4,0,clothing,4,web,0
12397,338.0250941408829,2.4767356374767155,1,2,1,travel,0,branch,1
12398,306.55085593258184,3.192707213166483,0,2,0,electronics,20,branch,0
12399,158.45411425856614,9.577667242470113,1,5,0,grocery,23,branch,1
12400,176.2528036820947,5.184789346632519,0,5,0,luxury,7,web,0
12401,372.7096886836238,0.2290280675943402,1,8,0,luxury,17,branch,1
12402,156.09066442668356,3.906285736026423,0,9,1,grocery,12,mobile,1
12403,190.81681873925837,0.087257593,0,2,0,clothing,16,web,1
12404,381.0516257739049,7.5374619537573615,0,1,1,travel,1,web,1
12405,737.4098533,1.989808696168285,0,3,0,electronics,5,web,0
12406,203.23913087002703,3.1933658302652033,0,6,0,luxury,20,branch,1
12407,245.4407345,8.014250943758078,0,5,0,grocery,3,mobile,0
12408,300.2289992223798,0.23781088302465186,0,8,1,travel,7,web,1
12409,378.58789157777557,0.8630931278064212,0,8,0,clothing,14,mobile,0
12410,343.8314104700884,2.537160079903673,0,2,0,electronics,4,mobile,1
12411,103.21482798451459,1.306337893282492,0,9,0,electronics,19,mobile,0
12412,213.39926557298946,2.061704152335661,0,4,0,luxury,10,branch,0
12413,345.46662401817963,31.53015840846509,0,1,0,luxury,7,branch,0
12414,433.3287612075611,8.726701642108862,0,2,0,grocery,16,branch,0
12415,149.1932274244077,10.766595115659117,0,6,0,electronics,8,web,1
12416,209.61698380028406,13.827440641411673,0,5,0,clothing,17,web,0
12417,227.62667016550228,2.0846722537590496,0,7,1,clothing,13,mobile,1
12418,171.81130378200487,1.7625393185677896,1,9,0,grocery,23,web,1
12419,205.64067254435153,1.333273478,0,6,0,electronics,8,branch,0
12420,1033.793154392124,8.863223960462616,0,6,0,luxury,9,branch,0
12421,144.32201274864383,5.690174162588065,0,2,0,clothing,23,branch,0
12422,153.31208770281114,1.3470631155904902,1,7,0,travel,19,branch,1
12423,32.02711328845173,2.365994276422981,0,2,0,grocery,1,mobile,0
12424,26.06359934821833,3.533308092239186,0,7,0,clothing,2,web,0
12425,239.39414145340564,3.7553653447113886,0,8,0,travel,23,branch,1
12426,346.43284544213213,10.978875925890573,0,1,1,travel,4,mobile,1
12427,303.78758969509715,2.3947466787284135,0,9,1,clothing,3,web,1
12428,80.98090808164329,11.958394848072222,0,8,0,grocery,2,mobile,1
12429,291.4677246884542,2.9113177698695436,0,9,0,travel,18,branch,0
12430,151.40054001780624,6.859446564910458,0,5,0,travel,9,branch,0
12431,123.25635229615469,13.314498977341753,0,4,1,electronics,6,branch,0
12432,46.18097579985633,11.906826953888757,0,1,1,electronics,11,web,1
12433,90.38015943156732,0.2931950796942318,0,9,1,electronics,7,branch,1
12434,243.42774397532114,1.1514973130250978,0,4,0,travel,4,web,1
12435,211.7399183692426,3.2399650027144555,0,4,0,travel,23,mobile,1
12436,189.31818195831485,2.8242473359544933,0,4,1,grocery,12,web,1
12437,13.993509287713657,5.120655833806756,0,2,1,luxury,8,mobile,0
12438,190.78601229885803,14.475730257889229,0,4,1,electronics,3,web,0
12439,101.89034679506787,0.5961969791095474,0,2,0,luxury,1,branch,1
12440,212.8668087270222,3.0061105747414913,0,8,0,electronics,4,branch,0
12441,386.3700330357775,1.068510300771819,0,7,0,electronics,1,mobile,1
12442,115.23961672565805,11.22665889818907,0,2,1,grocery,17,web,0
12443,180.3802950328016,16.702419461559067,0,2,1,grocery,5,web,1
12444,593.7302669074693,3.2571640677597715,0,2,0,clothing,10,mobile,1
12445,205.09895928834288,0.5491317953670435,0,1,0,electronics,9,web,0
12446,163.8069761941002,7.692443669,0,6,0,electronics,0,web,0
12447,82.19831788286868,5.972445427972589,0,6,0,electronics,1,mobile,1
12448,297.14550468542876,2.189973730140821,1,1,0,grocery,20,mobile,1
12449,69.79670926534057,10.919899708790442,0,1,0,electronics,9,mobile,0
12450,397.9406645337572,18.61360637222106,0,6,0,clothing,4,web,1
12451,268.0496273588928,4.080573967,0,6,0,travel,11,mobile,0
12452,104.99065437521202,4.170420044676594,0,4,0,clothing,18,mobile,0
12453,84.72281639408146,1.7656455116013812,0,3,0,travel,20,mobile,0
12454,86.56981748401248,4.391435959139033,0,9,1,grocery,1,mobile,1
12455,26.64140846819651,2.8958999289750538,0,6,0,luxury,5,branch,0
12456,235.25506414855778,1.7990494561182548,0,1,0,grocery,14,branch,0
12457,16.65876083171853,0.3477429678802595,0,3,1,luxury,7,branch,0
12458,155.80022096815037,1.4564954278813924,0,1,0,travel,15,mobile,0
12459,148.00384207040196,1.102327264,0,3,0,luxury,18,web,0
12460,127.94801422552749,3.904888842008041,0,2,0,travel,17,branch,0
12461,234.0918163137002,4.602372630787911,0,5,0,luxury,16,mobile,1
12462,105.21555115644907,4.689764920909696,0,3,0,travel,0,branch,0
12463,191.15158619847716,2.456593967780344,0,7,0,luxury,10,branch,1
12464,397.8876477220556,2.734248284,0,8,0,travel,3,mobile,1
12465,254.37115196772297,8.986024231314218,0,7,0,clothing,5,mobile,1
12466,118.89253823336199,3.2335399699856286,0,2,0,electronics,6,branch,0
12467,167.68606545046927,22.020679112128793,0,7,0,clothing,7,mobile,1
12468,128.06550614192992,2.8956760545177893,0,3,0,grocery,23,branch,1
12469,146.3385526028301,5.243127698000661,0,7,0,luxury,9,branch,0
12470,195.57462497327148,0.2583773580576889,0,1,0,travel,16,branch,0
12471,43.99444214388541,5.297052942210714,0,2,1,clothing,11,branch,0
12472,33.67791641485815,9.533373915167328,0,1,0,clothing,7,web,0
12473,75.93574698,14.276186784854374,1,9,0,travel,11,web,1
12474,242.15604424682488,29.610833671506708,0,2,0,luxury,16,mobile,1
12475,266.32951498687294,1.6576727549435257,1,2,0,grocery,2,web,0
12476,294.7826227117199,4.282686151,0,6,1,grocery,13,web,1
12477,78.74362759571385,2.995716409048029,0,7,1,grocery,11,mobile,1
12478,179.59651451111984,4.148472503485291,0,2,0,travel,4,branch,0
12479,121.96919847762165,0.8566289057553493,0,4,0,clothing,12,web,0
12480,151.1981893821351,9.694906089051383,0,3,0,grocery,10,web,0
12481,120.18709259964564,12.01583761754822,0,5,0,clothing,15,web,1
12482,203.9058186,2.9861101595561195,0,9,0,grocery,9,web,0
12483,94.26034860870135,1.6455063761434683,1,2,1,grocery,23,branch,0
12484,368.31399425254625,0.7589623076977975,0,5,0,luxury,7,mobile,1
12485,370.5467241229679,5.756345584,0,8,0,travel,5,web,0
12486,236.77979985443446,1.8715173701547894,0,6,0,luxury,19,web,0
12487,339.39840761655523,12.014158530039865,0,4,1,clothing,19,web,0
12488,42.190492232708756,5.558677231986307,0,8,0,clothing,23,web,0
12489,382.9455189643124,5.187849243797164,0,3,0,travel,2,mobile,0
12490,220.6590386294133,4.098113234682289,0,4,1,grocery,23,branch,1
12491,99.27253016296828,0.23428594984265247,0,9,1,travel,19,mobile,1
12492,90.80076163927106,13.43553786086172,0,5,0,grocery,9,web,0
12493,472.57736053574746,4.943467050296749,0,6,1,electronics,17,web,0
12494,298.0860528867368,25.631900521230474,0,2,0,electronics,9,mobile,0
12495,148.04913939433936,3.8539914702533884,1,9,0,travel,12,branch,1
12496,41.66691821133779,6.191284075066178,0,8,0,electronics,13,branch,0
12497,396.22616859338444,0.2892556337248311,0,7,0,electronics,0,branch,0
12498,60.69971822405192,4.994778434325269,0,9,1,clothing,19,branch,1
12499,123.79311996311874,7.233399303936619,0,5,1,grocery,14,mobile,0
12500,147.88713355620408,7.536986140799577,0,5,0,electronics,11,mobile,1
12501,89.58327856863309,7.350807662023807,0,9,0,luxury,15,branch,0
12502,142.69306007447219,1.2827431180933715,0,5,1,clothing,6,mobile,0
12503,165.75881634288032,18.524734759961255,0,9,0,grocery,13,mobile,0
12504,140.35241760157405,26.677107057061384,0,1,0,clothing,8,web,1
12505,211.41391384834586,0.3930296920636251,0,8,0,luxury,8,mobile,1
12506,484.2683699900662,13.779359967900348,0,3,0,grocery,9,mobile,1
12507,43.905287585241254,1.7085741352035377,0,8,1,travel,8,branch,1
12508,187.87446785827333,5.844381151968214,0,5,1,travel,15,mobile,1
12509,61.34646629,2.063286455329691,0,2,1,clothing,22,branch,1
12510,39.464269512036545,17.17185651404115,0,9,0,travel,7,web,1
12511,321.85734457851424,0.5351643346430317,0,4,1,grocery,1,web,1
12512,200.04798552627827,3.443254688694922,0,7,0,luxury,17,mobile,0
12513,36.77196818723518,2.793499217196576,0,8,0,luxury,23,mobile,1
12514,142.58945243540947,1.972799821699396,0,7,0,travel,17,branch,1
12515,76.12468573230609,5.1857141080659055,0,6,1,electronics,11,web,0
12516,146.6004657459664,0.7023815120222766,0,7,0,electronics,23,branch,1
12517,273.07012684754164,6.305581117280298,0,4,0,electronics,2,mobile,0
12518,253.75650853209072,19.71038152930159,0,1,1,travel,1,web,0
12519,120.8992497331167,8.162476372137728,0,5,0,travel,5,mobile,1
12520,332.3019337098008,9.831162635863537,0,8,1,travel,5,web,1
12521,419.04702045194034,2.228598374315996,0,6,0,grocery,16,branch,0
12522,276.25668220974256,1.964373059101098,0,5,0,electronics,15,mobile,0
12523,104.68756311840362,3.6391937178565885,0,2,0,clothing,22,mobile,0
12524,150.4334992717663,0.2340254062564134,0,5,0,grocery,12,web,1
12525,474.1302862146387,14.534774609262268,0,3,1,grocery,11,branch,0
12526,128.4539423,0.7761698411227005,0,2,0,travel,10,web,0
12527,254.32638598809848,11.665893669639244,0,3,0,travel,14,web,1
12528,88.49701056603529,0.4364146438297758,0,4,0,grocery,16,web,0
12529,333.9078618981121,8.647443678850733,1,2,0,travel,19,mobile,1
12530,79.65215044171649,0.8241522649264268,0,4,0,electronics,21,branch,0
12531,155.63172781830957,0.1943882533053977,0,4,1,grocery,23,branch,0
12532,247.94918782612024,6.355719721216255,0,6,0,grocery,7,branch,1
12533,539.3014395050615,1.6443630366958952,0,5,0,grocery,6,web,1
12534,197.3236343959026,6.267498873077831,0,7,0,travel,10,branch,1
12535,135.00514927042596,4.049362946,0,7,0,grocery,20,branch,0
12536,126.90196965430766,0.575973511,1,3,0,clothing,21,mobile,0
12537,323.9216095726282,13.450811241450465,0,9,0,clothing,7,mobile,0
12538,233.7865417313801,3.0102673402612474,0,7,0,electronics,18,mobile,1
12539,269.2615531271547,6.629709404922642,0,7,0,grocery,5,web,0
12540,451.99948533147614,3.4759520528233594,0,2,0,grocery,19,mobile,0
12541,174.54470178672602,4.636271500780396,0,3,0,travel,18,branch,0
12542,221.99171686124245,1.8032254467100217,0,3,0,luxury,18,mobile,0
12543,125.50209204831116,1.1179701638502952,0,6,0,luxury,3,web,1
12544,85.50099720459016,3.9106592805675366,0,4,0,grocery,21,mobile,0
12545,100.86654457858799,2.901047974424687,0,4,0,electronics,14,branch,1
12546,9.350896535491572,2.472409674165718,0,1,0,clothing,16,mobile,1
12547,246.15507506642982,5.582362104098607,1,6,0,grocery,17,mobile,1
12548,228.28194390437545,5.8640930761645365,0,8,0,grocery,19,mobile,1
12549,242.43435338682823,0.23503906199143082,0,8,1,electronics,11,web,1
12550,80.49631458672121,2.0680748477936466,0,8,0,electronics,9,web,1
12551,102.38207683025347,2.6531399322352343,0,5,0,luxury,8,web,1
12552,99.54127447288505,0.5095665492148289,0,6,0,grocery,7,web,0
12553,356.4230216631732,1.3452887130131883,0,5,0,grocery,7,web,1
12554,191.90984197572092,0.2651149853199578,1,4,0,travel,10,mobile,0
12555,173.1137325443034,27.91947310112328,0,4,0,clothing,22,mobile,0
12556,286.9310816961591,6.669595118187908,0,4,0,travel,11,web,0
12557,99.83076104,0.45756286003295954,1,4,0,travel,21,web,1
12558,218.07714696917327,0.10228604436928354,1,6,0,clothing,22,mobile,1
12559,585.6962649305616,6.352126671648075,0,6,0,grocery,5,branch,1
12560,394.9814080925076,2.891884867319739,0,5,1,luxury,2,mobile,0
12561,215.68376404528462,7.727545755,0,9,1,clothing,14,web,1
12562,178.11171077489595,12.850756780320188,0,8,0,electronics,5,mobile,1
12563,240.93696835137402,4.572716160912337,0,6,0,grocery,6,web,0
12564,432.0336200355426,1.035787699248007,0,9,0,clothing,5,mobile,1
12565,411.7160994075081,7.620753430756735,0,5,0,clothing,1,mobile,1
12566,480.85831956694324,15.596481039382674,0,4,0,clothing,5,mobile,1
12567,200.0300941207326,4.340257014313212,0,6,0,luxury,1,branch,1
12568,16.478386997709944,5.728479344075515,0,4,0,travel,0,mobile,1
12569,558.7190181788446,2.058482628400777,0,8,0,travel,14,mobile,1
12570,85.33182126535942,2.4025143264543067,0,7,0,clothing,9,branch,1
12571,283.65384012063583,6.633612602473427,0,5,1,clothing,9,mobile,1
12572,16.95256005224153,13.139575070535646,0,6,1,travel,9,branch,1
12573,170.3675851799682,4.957609577912537,0,7,0,luxury,4,branch,1
12574,128.64181730782045,7.799618825479355,0,2,0,grocery,3,branch,0
12575,481.5817469418161,0.9415071074888788,0,9,0,travel,14,mobile,1
12576,217.6962469087882,1.1910263727778263,0,7,0,clothing,8,web,1
12577,169.00347188028599,3.7968055148833324,0,8,0,luxury,15,mobile,1
12578,235.43184764075923,0.9712876937319801,0,5,0,luxury,8,web,0
12579,4.578258068468653,5.039222096234046,1,3,0,clothing,18,web,1
12580,97.85711258377232,1.7241072704444436,0,2,1,electronics,13,branch,0
12581,111.2438635133727,7.839863472137573,0,2,0,luxury,11,branch,0
12582,262.52768239157496,8.254173971,0,3,0,travel,11,branch,1
12583,69.10333633,3.1161232937089745,0,1,0,electronics,2,branch,0
12584,193.65443672476604,0.997200035,0,1,0,grocery,18,mobile,1
12585,156.66608678766346,5.203249605755081,0,7,0,travel,10,mobile,1
12586,102.52433661475501,24.65936428750647,0,8,0,clothing,4,web,1
12587,108.36832202663516,4.872127642695807,0,6,0,electronics,5,mobile,1
12588,155.55084372670245,0.18215144177457424,0,7,1,travel,5,mobile,1
12589,23.686530337515276,0.087226317,0,1,0,luxury,18,web,0
12590,289.6750637025076,1.9309746604325915,1,1,0,clothing,13,mobile,0
12591,84.79249293,1.0894357450483911,0,9,0,electronics,15,mobile,0
12592,135.32617596967887,8.384602673,0,5,0,luxury,11,branch,0
12593,469.9332574537192,9.315385931534527,0,7,0,clothing,17,branch,1
12594,293.14862761172316,1.4962015366074901,0,6,0,clothing,21,web,1
12595,57.84884120816698,1.9699913486940361,0,4,0,electronics,12,branch,0
12596,3.170687008,1.3475539912288554,0,1,1,electronics,19,mobile,0
12597,242.7082873563264,11.950667472846792,0,4,0,electronics,8,branch,0
12598,139.67384906663324,3.492299687692948,0,8,0,travel,17,branch,0
12599,194.52309333703815,5.337560424720352,0,1,0,clothing,3,web,0
12600,286.3822619508518,2.684839256595528,1,2,0,grocery,10,mobile,0
12601,318.35042381154886,4.984985502316629,0,8,0,luxury,17,web,1
12602,118.6158611429353,2.4376241788618445,0,2,0,electronics,20,mobile,0
12603,153.55572485216595,2.0751417352542525,0,9,0,clothing,2,mobile,1
12604,222.77328119613836,5.032172409586135,0,3,0,luxury,3,mobile,0
12605,233.4288835020225,4.470959572649871,0,3,0,grocery,8,branch,1
12606,193.10737669136856,1.7373582237852772,0,6,0,luxury,12,web,1
12607,435.67126383561805,0.80876347,0,3,0,grocery,14,mobile,1
12608,231.5534857184621,2.298893958290787,0,9,0,electronics,9,branch,1
12609,283.43320798587223,2.682406667598391,0,8,0,travel,20,web,0
12610,205.3821585690127,4.953513624211135,0,4,0,grocery,8,branch,1
12611,68.62324912097071,12.297876882228373,0,6,1,electronics,15,branch,1
12612,97.58618462294399,0.18427850716870003,0,8,0,luxury,15,mobile,0
12613,55.45471289014044,1.396328035967136,0,4,1,luxury,12,web,0
12614,343.12422534737703,1.076595848,0,5,0,luxury,4,branch,0
12615,36.54221593252831,3.488732794452826,0,7,0,travel,9,branch,0
12616,148.65074830893258,2.8079707797051885,0,8,0,clothing,23,branch,0
12617,124.0462740693423,6.528876505127484,0,7,0,grocery,0,branch,0
12618,121.3903799198248,1.3881037060897459,0,8,0,clothing,2,mobile,0
12619,130.24294954125102,4.513151876122888,0,4,0,luxury,20,mobile,1
12620,490.8852453720115,10.76467679048113,0,1,0,travel,2,web,0
12621,21.64573686316546,12.077522745658706,0,6,0,electronics,9,branch,1
12622,399.70975769570265,15.944717103510008,0,5,0,travel,16,mobile,0
12623,139.35212961228592,7.419781867,0,4,0,clothing,17,web,0
12624,304.09025987345444,11.821659240838294,0,2,0,luxury,12,web,1
12625,177.18272781116906,1.3363319693750422,0,1,0,grocery,1,mobile,1
12626,61.26348182,1.100621471497226,0,9,0,travel,15,mobile,1
12627,425.53723712145955,0.032546114402704183,0,2,0,clothing,3,branch,0
12628,382.29357455250647,6.135258038449739,0,9,0,clothing,21,mobile,0
12629,65.78675285,13.860319325106708,1,6,0,electronics,17,mobile,1
12630,255.97033574192048,1.0347232310119028,0,6,0,grocery,13,mobile,0
12631,101.52188344936476,5.065985086006966,0,2,0,clothing,5,web,0
12632,38.324289622645814,6.861163639031914,0,6,0,grocery,10,mobile,1
12633,84.98345748168087,13.12872808494706,0,3,0,luxury,16,web,0
12634,409.0113802171395,5.204456672328962,1,7,0,travel,7,web,1
12635,309.24789873420985,17.581986184371196,0,4,0,clothing,2,mobile,1
12636,131.4929926284492,2.1131057323087274,0,9,1,luxury,23,web,1
12637,410.3070589,2.1533648704615462,0,5,1,electronics,2,branch,1
12638,362.7161975961486,3.915496313367174,0,3,0,grocery,16,branch,0
12639,85.10427322,2.418500038,0,1,0,luxury,3,web,1
12640,477.99320726840267,0.007133728,0,1,0,grocery,18,mobile,0
12641,123.03553280027954,6.579590037053552,0,4,0,grocery,7,mobile,0
12642,137.2568034584358,6.965931107195312,0,4,0,clothing,16,web,0
12643,22.369814296739452,6.871327092799456,0,9,0,grocery,21,mobile,0
12644,99.88399162823059,2.1157579796085533,0,8,0,luxury,4,web,1
12645,149.56094667795398,3.6937516131860164,0,4,0,electronics,10,branch,0
12646,209.62660869039448,2.2312286281775258,0,6,1,clothing,11,web,1
12647,61.46914278113329,0.080831873,0,7,0,travel,20,web,0
12648,88.62990674443606,4.132809371643579,0,8,0,electronics,14,branch,1
12649,484.94979414801645,0.6605800656427351,0,4,0,luxury,11,branch,0
12650,346.5576970961648,0.41713263719284027,2,1,0,clothing,21,web,0
12651,390.6938170746854,7.042680805316847,1,5,0,grocery,6,branch,1
12652,159.55110268091693,0.047758374,0,1,0,electronics,23,branch,0
12653,214.21471071319206,15.971945875814882,0,4,1,clothing,2,mobile,0
12654,260.01194151091704,3.6206652532525885,0,7,0,travel,9,branch,1
12655,480.26860790486217,20.37754457213158,0,7,0,travel,15,branch,1
12656,37.42582432165062,0.2987371370810795,0,1,1,travel,0,web,0
12657,108.65051603632207,4.379698828,0,9,0,clothing,20,branch,0
12658,200.1246148032429,2.1487406120416663,0,2,0,electronics,10,web,0
12659,178.03253317675143,9.272937041286033,0,5,0,grocery,16,mobile,0
12660,87.64029175969934,2.240997269052324,0,6,0,electronics,13,web,0
12661,244.3024142833902,1.5088210028289044,1,1,0,grocery,17,web,0
12662,112.31840764226236,9.743930852712587,0,2,0,electronics,11,mobile,1
12663,168.3283292867611,2.3472436493804456,0,7,0,electronics,15,mobile,0
12664,236.60346863288137,0.084883053,0,6,0,clothing,7,branch,1
12665,116.80636778137097,2.47385185,0,6,0,travel,2,web,1
12666,291.5881932270837,5.314135461486261,0,6,0,travel,10,web,1
12667,329.19182737961614,1.467558752303968,0,7,1,travel,14,web,0
12668,90.61279346866618,2.8280600808883163,0,9,0,travel,3,mobile,1
12669,111.64860172031639,0.29193480835590313,0,9,0,electronics,15,web,1
12670,70.45780176,4.434785885600884,0,2,0,travel,21,branch,0
12671,165.47039213802407,7.058982445535343,0,2,1,electronics,23,mobile,0
12672,209.52199269624745,2.666315367710994,0,5,0,grocery,16,web,1
12673,126.20441287065158,2.7256417346859845,0,7,0,luxury,13,mobile,1
12674,205.24578948952774,0.46212547056392933,0,3,0,luxury,1,mobile,1
12675,109.19197808374284,1.127862898281822,0,3,0,grocery,21,mobile,0
12676,112.18470707024207,0.8401723438964324,0,4,0,electronics,14,web,0
12677,217.5154873261756,3.2858872755488107,0,3,0,travel,23,web,0
12678,118.45899227739778,3.7671994099419566,1,3,1,clothing,7,branch,0
12679,158.64961631045324,14.873782191741842,0,8,1,electronics,12,mobile,1
12680,223.1638526791641,0.3802573976606946,0,7,0,electronics,2,web,0
12681,203.05874881000992,4.579803596109694,0,7,1,grocery,3,web,1
12682,110.49576160031054,3.7380012808880614,0,2,0,grocery,3,branch,0
12683,352.2535295272327,3.630760477904924,0,9,0,clothing,3,web,1
12684,251.81507538633105,10.32411605545416,0,6,1,travel,1,web,1
12685,200.14314056479066,1.1504535772163624,0,3,0,luxury,12,web,1
12686,61.82243574880163,0.20813906605269938,0,9,0,travel,21,mobile,0
12687,181.34785783295615,5.577848902819193,0,9,1,travel,7,branch,0
12688,98.18056582933875,2.116802377547098,1,6,0,electronics,8,branch,1
12689,238.93267106533474,0.088732286,0,6,0,clothing,0,branch,1
12690,3.0297836306947405,1.447578811772639,0,8,0,electronics,0,web,1
12691,135.71525466148884,1.850442337628185,0,8,0,grocery,8,web,0
12692,106.40798313535174,4.796491930424717,1,6,1,luxury,10,web,1
12693,292.3433654447258,0.9472492785765495,0,7,0,clothing,15,mobile,1
12694,23.424029373844174,2.6641152469582936,1,4,1,clothing,3,mobile,1
12695,172.60884357399775,3.2934915228401196,0,1,1,travel,14,branch,0
12696,249.63825156340195,3.073874487398437,0,4,0,electronics,6,mobile,1
12697,539.6246399225226,18.236915635057155,0,8,0,travel,1,mobile,0
12698,111.8867727111527,0.2328603781372191,0,8,0,travel,9,web,1
12699,212.16119704058718,15.076429677367845,0,2,0,clothing,16,web,1
12700,25.413778794668858,4.360618259906174,0,7,0,luxury,10,branch,0
12701,165.9498659123689,7.9415072227945105,0,1,1,grocery,22,web,0
12702,369.8042607,2.814039795123313,0,2,0,travel,21,web,1
12703,543.0706262465396,3.024197132673602,1,8,1,luxury,18,mobile,1
12704,226.93429032986973,10.57333359718967,0,4,0,travel,9,branch,0
12705,35.00140555507658,11.313673673808715,0,3,0,luxury,3,mobile,0
12706,410.06926786520535,1.363565880313522,0,2,0,electronics,12,branch,1
12707,35.360553774174264,1.110981741417221,0,6,0,grocery,0,branch,0
12708,56.06273176732381,3.428228673153364,0,4,1,clothing,6,web,1
12709,433.4895781294887,11.526796042869593,0,3,0,electronics,8,mobile,0
12710,156.76975966587867,1.945659324134672,1,3,0,travel,0,mobile,1
12711,101.5221096835955,5.277973990952798,0,3,0,travel,17,web,0
12712,274.11771197836913,6.157605451266468,0,8,0,grocery,17,branch,1
12713,188.78951147921873,7.540607776983678,0,9,0,grocery,15,branch,1
12714,347.60576360128323,4.149698944960009,0,9,0,grocery,21,branch,1
12715,195.37004517624672,2.574629912786506,0,5,0,travel,15,branch,0
12716,198.71583401937153,17.05866171993941,0,1,0,travel,4,web,1
12717,339.2648038160397,4.7251328130225785,0,5,0,clothing,13,branch,1
12718,155.10559040713215,6.520166793181103,0,1,1,grocery,21,mobile,1
12719,76.31997122828804,2.115469269562732,0,9,0,luxury,0,branch,1
12720,285.2053370645977,5.542543197087813,0,8,0,clothing,5,branch,1
12721,131.7669761608196,1.4906669024371042,0,7,0,luxury,5,branch,0
12722,207.11263893422492,1.4058295278026691,0,2,0,electronics,22,web,1
12723,18.98532722419987,6.271459214807708,0,2,0,grocery,11,branch,0
12724,150.18329016760322,3.6843955268569206,0,4,0,clothing,17,web,0
12725,107.78426240305414,5.748632370573485,0,9,1,clothing,21,mobile,1
12726,18.19956978767792,1.5697092487963005,0,9,0,electronics,8,branch,1
12727,153.93032771760232,4.565520835054638,0,8,1,electronics,15,branch,1
12728,158.02575667567936,2.9343382839253644,0,5,0,electronics,14,mobile,1
12729,218.209222,4.543600890414766,0,7,0,clothing,1,branch,1
12730,365.6184494447671,1.7186506835729176,1,9,1,travel,4,branch,1
12731,326.5013025382381,6.284248403,0,3,0,luxury,22,web,0
12732,114.29245104972348,8.197665471113426,1,4,0,luxury,20,web,1
12733,191.8066691839594,1.5049611299418986,0,2,0,electronics,12,mobile,0
12734,241.32792711578222,1.787809256021107,0,9,1,travel,18,web,1
12735,117.05758766779365,5.41105174,0,7,0,travel,0,web,1
12736,39.11292759342746,5.946819748,1,6,0,electronics,15,mobile,1
12737,141.1761780703543,6.0886632649568915,0,5,0,grocery,6,mobile,0
12738,376.00898660413617,5.739514340341233,0,7,0,clothing,12,branch,1
12739,37.03338499,2.4945488103004956,0,3,0,grocery,23,branch,0
12740,69.12762647423331,2.5114249485252045,0,5,0,travel,21,branch,0
12741,83.86071092913372,1.470631450419924,1,2,0,electronics,15,branch,1
12742,69.88665596320035,0.8529553433199376,0,5,0,clothing,11,web,1
12743,274.9710666464284,5.897659318587207,0,7,0,luxury,6,web,1
12744,97.84440141,0.48910496915477686,0,7,0,travel,13,mobile,0
12745,280.1453789575759,13.886381401409045,0,9,1,clothing,17,mobile,1
12746,172.4592033081297,8.763260264524183,0,3,0,clothing,20,web,0
12747,27.617434276275127,9.742267802432531,0,8,0,grocery,18,branch,1
12748,119.21289039901113,11.858004892399991,0,5,0,luxury,12,branch,0
12749,333.18060282499613,2.6263553830481694,0,7,1,grocery,1,branch,1
12750,187.41790187084717,9.376816058219417,0,1,0,grocery,18,branch,0
12751,126.8841393,0.8602403529341243,0,1,0,grocery,3,mobile,1
12752,379.0539246170608,0.10939706411771173,0,4,0,grocery,13,web,0
12753,62.72853064872934,7.6830611864845935,0,5,0,travel,1,mobile,1
12754,100.99955356320574,0.38870862813837753,0,3,0,luxury,17,web,0
12755,312.0521106406478,22.337777661253373,0,6,0,grocery,23,branch,0
12756,271.01281790783895,5.616519611418724,0,3,0,travel,18,mobile,1
12757,57.68713202,7.000946455,0,5,0,travel,18,web,1
12758,235.49815603140001,1.4105140362078892,0,1,1,clothing,3,web,0
12759,96.44390717,5.602225403745961,0,3,0,clothing,20,web,1
12760,16.99986073100104,0.2209086671744628,0,7,0,electronics,18,web,1
12761,128.9622472193969,9.095418595351543,0,3,0,travel,21,branch,1
12762,565.9494232497487,0.929383904,0,5,0,electronics,2,branch,0
12763,337.1264350538621,5.976024555009403,0,7,1,travel,7,web,1
12764,160.62562975464223,1.2711107660176444,0,2,0,grocery,3,web,0
12765,34.48872412,0.35454407918015085,0,3,0,grocery,20,web,1
12766,17.777517583839078,3.2840152979121378,1,4,0,electronics,2,branch,1
12767,172.87354204001912,0.9273498007291567,0,5,1,grocery,4,mobile,1
12768,224.4860619861934,6.536380674731962,0,9,1,grocery,10,web,1
12769,277.22039347128657,1.3561956310372894,1,9,0,clothing,22,mobile,1
12770,255.2751856356644,2.0963438811800477,1,4,0,grocery,18,branch,1
12771,270.8090060690829,4.1901625148480335,0,9,0,clothing,18,branch,1
12772,204.98664970594714,1.6771418512378884,0,4,0,luxury,16,branch,1
12773,373.54330652536595,2.3739804032685234,0,2,0,travel,1,branch,1
12774,107.60096693461733,8.453830195200556,0,1,0,clothing,19,branch,0
12775,170.8854988895937,0.9874390229507434,0,7,1,clothing,8,mobile,1
12776,27.753418089992365,0.42888754431005977,0,4,0,clothing,2,mobile,1
12777,105.64461697298582,1.9901474929833705,0,8,0,travel,9,mobile,1
12778,330.8348089248823,2.761509708541138,0,8,1,travel,20,mobile,1
12779,264.74993816795364,3.9116330628153655,0,8,1,travel,8,web,1
12780,9.708119869,2.329450078238703,0,6,0,grocery,19,branch,0
12781,593.7283435,7.801136808,1,9,1,clothing,3,mobile,1
12782,187.78589595150885,0.2005668931789906,0,4,0,travel,21,mobile,0
12783,190.46312786267632,2.8261234012580587,0,5,0,luxury,6,web,0
12784,99.89996533315451,2.4084050433693527,0,4,0,travel,11,web,1
12785,119.7243646838313,5.214636752399274,0,5,0,electronics,10,branch,0
12786,186.21191491521725,16.947764991651702,0,2,0,electronics,21,branch,0
12787,254.22291617938666,3.5705815874344333,0,5,1,clothing,14,web,1
12788,212.14324469518579,21.666885998877653,0,8,0,clothing,19,web,0
12789,106.9182496107621,1.7994676968447212,0,9,0,clothing,13,web,0
12790,75.33469419141224,0.1567729511137833,0,7,0,grocery,6,branch,0
12791,70.60670653847774,0.905590411,0,7,0,electronics,14,web,1
12792,348.5998617108729,2.5136663168702675,0,6,0,electronics,13,mobile,1
12793,320.4125919639244,1.9014282594114764,0,2,0,clothing,10,branch,1
12794,237.8250311498466,0.5104633653999711,0,9,0,electronics,9,branch,1
12795,346.8868862355802,2.833983487607823,1,5,0,electronics,18,mobile,0
12796,151.02337860325338,2.0633230999984025,0,6,0,grocery,2,mobile,1
12797,301.64818460889796,0.6540709832079737,0,1,1,luxury,11,branch,0
12798,246.70441904066502,1.7557165768833278,0,5,0,clothing,12,branch,0
12799,307.2983377121965,10.876946058826773,2,6,0,luxury,6,web,1
12800,63.96396725804217,1.7980309326740684,0,2,1,luxury,11,web,0
12801,202.84028209862254,6.258038087587989,0,7,1,grocery,21,mobile,1
12802,125.35147660720418,4.734356430225937,0,4,0,electronics,1,mobile,0
12803,12.99627649471525,2.785928885097846,1,5,0,clothing,0,mobile,1
12804,386.94943923988137,1.365778049987993,0,3,0,travel,5,mobile,1
12805,321.02798519555813,2.302363560153598,0,5,0,luxury,18,web,0
12806,216.11463720557458,4.483754586127475,0,4,0,luxury,5,branch,1
12807,79.70088230792378,2.1597118996651203,1,6,0,grocery,12,web,1
12808,26.259585447715715,1.209698191,0,2,0,luxury,3,mobile,0
12809,12.712768940834563,0.619109125,0,3,0,luxury,13,web,1
12810,104.97462422198704,10.591616178570881,0,1,1,luxury,15,mobile,1
12811,273.6098690578059,2.9018876837939485,2,7,0,grocery,1,web,1
12812,126.44912360870242,4.906924660102636,0,9,0,electronics,8,branch,0
12813,239.9318738002039,3.370747534159943,0,2,0,luxury,12,mobile,1
12814,248.54967978961696,10.300803815672555,0,7,1,clothing,20,web,1
12815,270.8107632385643,3.958596751,0,3,1,luxury,13,mobile,1
12816,20.82490978126932,3.277151622291302,0,5,0,luxury,13,branch,0
12817,86.43206826713877,12.924805698104898,0,6,0,clothing,4,mobile,0
12818,236.75312363792952,6.359288521438931,0,8,0,grocery,1,branch,1
12819,444.1814461444491,0.5913840165239088,0,4,0,travel,4,web,0
12820,363.5063483131892,0.9782770614335606,0,2,0,clothing,5,branch,1
12821,207.96135245607857,7.735200505050301,0,3,0,travel,1,mobile,0
12822,389.72846886324226,9.034913418403598,0,8,0,electronics,0,web,0
12823,206.78913926769616,3.939386762999752,0,7,0,electronics,15,mobile,1
12824,35.89233428664694,4.042287692525358,0,6,0,luxury,21,mobile,1
12825,267.58011897455793,4.997450956194471,1,5,0,luxury,8,web,1
12826,372.0233685602907,2.891203830136118,0,5,0,grocery,13,branch,1
12827,537.5688382525136,5.7002836888011155,0,1,1,travel,8,branch,0
12828,102.44104544423014,0.5741440920931311,0,6,0,electronics,4,web,1
12829,57.513974047562186,16.256897249035973,0,9,0,electronics,14,web,1
12830,302.2616077980308,6.934569241,0,8,0,luxury,9,mobile,0
12831,226.61330790479593,4.9871542200007255,0,1,0,luxury,14,mobile,0
12832,211.9682043912758,1.9013415791117214,0,6,0,grocery,16,web,0
12833,393.41668769747275,0.8774575981972881,0,3,0,luxury,2,web,0
12834,301.4413098117929,2.6325987053447437,0,6,0,luxury,7,mobile,1
12835,242.23026008798732,5.4172896004195685,0,9,0,grocery,3,mobile,1
12836,113.93778033102907,5.021646045614179,0,6,1,luxury,10,branch,1
12837,284.6607838,2.411524139051307,0,8,1,luxury,18,web,1
12838,55.127405545109696,4.750354478292487,0,6,1,luxury,13,mobile,1
12839,206.35347141569804,8.403281352245802,0,6,1,travel,17,branch,1
12840,162.3251908479595,0.1331819607624139,0,7,0,electronics,20,mobile,1
12841,33.923688484405595,2.994834084062654,0,4,0,clothing,1,web,0
12842,227.09197475714743,7.105572606731892,0,8,1,electronics,8,branch,1
12843,102.63674212263503,3.9498817423110473,0,4,0,travel,9,mobile,0
12844,223.10459598716758,5.270242184358108,0,7,0,clothing,12,web,1
12845,71.09069184389057,3.6353442753491585,2,1,0,electronics,18,web,1
12846,303.5349755604562,24.063767566181387,0,9,0,grocery,3,web,1
12847,490.54112290917413,0.2808497058775699,0,9,0,travel,15,web,1
12848,55.14800253970742,3.376976624004456,0,7,0,grocery,11,branch,0
12849,71.00224959,0.4793426984208158,0,8,0,grocery,15,mobile,1
12850,45.936601933726465,0.8704906826292922,0,2,0,electronics,16,mobile,0
12851,140.53000236309282,2.4147420663899917,0,7,1,clothing,15,web,1
12852,220.60265791688965,0.8452900875740901,0,1,0,luxury,6,mobile,0
12853,272.6424481356845,16.577920226419742,0,3,0,luxury,1,web,0
12854,203.36318176638625,14.667523671379492,0,6,0,travel,8,mobile,1
12855,266.8217070586182,2.0481913649572245,0,5,0,grocery,11,mobile,1
12856,157.85028064149614,5.104753465,0,5,0,travel,12,mobile,0
12857,101.5945032124362,3.8152021498322015,0,9,1,electronics,13,branch,1
12858,72.71020808402173,8.452886828868841,1,6,0,grocery,11,web,1
12859,144.73656931696553,4.936861189536338,1,3,0,luxury,2,branch,1
12860,74.41541156088908,0.001262432,0,2,0,electronics,21,mobile,1
12861,215.80338710105593,7.202156064721628,0,9,0,electronics,20,branch,0
12862,75.55094439905312,6.868828296,0,4,0,travel,15,branch,0
12863,111.2999238920197,3.5639207046763426,0,5,0,travel,17,branch,0
12864,347.3928745624899,11.661046608381536,0,9,0,clothing,2,mobile,1
12865,370.15916782298507,11.954142817518212,0,5,0,luxury,21,branch,1
12866,362.33972077768925,3.710759444107747,0,7,0,luxury,8,mobile,1
12867,159.90418943115193,4.682317085922637,0,2,0,travel,14,web,0
12868,105.17471658910524,28.30659271579085,0,2,0,luxury,7,mobile,0
12869,240.04522497101252,1.7749549187752967,0,4,0,luxury,9,mobile,1
12870,77.03515596640106,1.9623785019668731,0,8,1,electronics,20,mobile,1
12871,282.0667065510771,1.0091974074094392,0,2,0,grocery,21,web,0
12872,97.16147850638556,11.310428832205163,0,7,0,grocery,2,web,0
12873,139.97782498565613,6.8224371492954425,0,1,0,clothing,4,mobile,0
12874,286.44981120689886,0.558250428,0,9,0,grocery,5,mobile,1
12875,24.784416935837168,20.022707008885487,0,6,0,luxury,13,web,1
12876,100.80251022279683,6.564507803337492,0,1,0,electronics,18,web,0
12877,219.17494459806144,9.503033937112638,0,6,0,grocery,17,mobile,1
12878,254.05440541342514,0.24674324362381972,0,5,0,luxury,6,web,0
12879,225.48535661921295,3.5155928394898917,0,5,0,luxury,3,mobile,1
12880,138.58010070158258,5.996556542115742,0,5,0,travel,2,mobile,1
12881,306.6495065549815,3.9147750607161367,0,4,0,travel,12,mobile,1
12882,70.46431727150562,5.492773437124628,0,7,0,grocery,3,web,0
12883,67.63453546772752,8.515284364519973,0,9,0,travel,8,web,0
12884,217.62163771256024,2.3447174606301906,0,4,0,luxury,5,web,1
12885,63.16614427909777,9.441418223552564,0,2,0,luxury,10,mobile,0
12886,501.6709247913113,0.8891549013017557,1,2,1,travel,8,mobile,1
12887,103.31856522530367,1.579626280343556,1,2,0,electronics,8,branch,0
12888,302.72056575353344,0.22156551054331233,0,7,1,travel,21,mobile,1
12889,53.01484936987545,2.266140139634024,0,4,0,electronics,20,mobile,0
12890,433.2069547355088,2.389449581,0,4,1,travel,18,branch,1
12891,168.50001043577078,8.180721811,0,1,0,luxury,0,mobile,0
12892,100.9185457080527,5.294035706980193,0,4,0,luxury,3,mobile,0
12893,130.94929609745262,2.8699149015813674,0,6,0,travel,0,web,1
12894,87.43570278837124,5.279401888182519,0,2,1,clothing,12,branch,0
12895,139.67117133664084,0.2711371871315857,0,4,0,electronics,15,web,0
12896,56.218827791028424,0.9939106752455567,0,7,0,clothing,11,branch,1
12897,103.71758941849424,4.930185354148565,0,9,1,luxury,0,mobile,1
12898,298.7308058465673,5.127275967196818,0,2,0,electronics,14,branch,0
12899,195.19809675652144,7.439081461393381,1,8,0,travel,21,web,1
12900,69.13629560117658,2.579188809971551,0,6,0,electronics,4,mobile,1
12901,143.52450147499206,6.410646537801905,0,8,0,electronics,22,web,1
12902,373.02005495538646,5.759754142991984,1,2,0,grocery,0,branch,1
12903,114.08942378288349,16.53763068041038,0,1,0,electronics,16,branch,0
12904,62.515886355036976,1.2111873424810309,0,7,0,luxury,7,branch,0
12905,247.52329013019775,4.011235213812948,0,9,0,clothing,21,web,1
12906,14.129939125420844,4.603557973902011,0,9,0,clothing,7,mobile,1
12907,133.34221602397173,33.03042598578968,0,2,0,travel,21,mobile,0
12908,395.1258547622955,1.123124127838683,0,4,0,grocery,21,web,0
12909,140.31201910427214,3.703479788,1,1,0,clothing,14,web,0
12910,319.35367001419337,2.124656564013208,1,7,0,clothing,22,web,1
12911,61.69368157170384,3.7316108904572354,0,2,0,electronics,11,mobile,0
12912,136.0154447920973,1.3206650525548849,0,4,1,luxury,15,branch,0
12913,125.95940865631931,0.24391580771406485,0,2,0,luxury,17,web,1
12914,238.14413788264125,4.249770554301178,0,1,0,travel,2,web,0
12915,175.5788789419122,2.046268748735771,0,7,0,luxury,3,branch,1
12916,430.72899145261505,1.0041065447038309,0,6,0,clothing,14,mobile,0
12917,108.88444964831965,1.957334455144423,0,2,1,electronics,13,web,0
12918,173.9831964387638,0.25267949298792214,0,4,1,luxury,0,web,0
12919,129.8019813565587,15.02308150865032,0,3,0,grocery,19,web,0
12920,164.5314643280037,4.351187202075733,0,3,0,grocery,16,branch,0
12921,153.3753780835111,8.430749319347893,0,3,0,grocery,16,branch,0
12922,76.35372736197299,2.750589409473094,0,4,0,luxury,21,branch,1
12923,287.4796932200209,11.681467845835476,0,1,1,electronics,17,branch,0
12924,94.51893129015754,3.301640547780724,0,1,0,luxury,0,mobile,0
12925,88.81918827,4.265937946537564,0,7,0,clothing,1,branch,0
12926,36.19816311513346,3.3843418127974805,0,5,0,luxury,22,web,1
12927,106.28768248190002,6.607747353908007,0,3,0,grocery,15,web,0
12928,93.45783412500103,4.1811179409812365,0,9,0,grocery,13,web,0
12929,18.33142519816449,1.5845172667169594,0,5,0,electronics,19,web,0
12930,139.19894813224954,0.7864252,0,3,0,travel,22,mobile,0
12931,417.9903938939753,4.658600636776133,0,9,0,grocery,22,mobile,0
12932,43.77207343726588,3.358689630227571,0,1,1,grocery,19,mobile,1
12933,162.24587348886828,0.5044951738280902,0,9,0,travel,17,mobile,1
12934,136.58674029140994,2.5177397336989853,1,5,0,luxury,8,mobile,1
12935,261.35614272558524,3.6157275434989087,0,6,0,grocery,13,mobile,0
12936,274.9732686899075,8.769233646617588,0,2,0,electronics,12,branch,0
12937,628.3658535540037,0.3957629055328469,0,8,1,luxury,13,mobile,1
12938,200.49724866727666,2.1423537118759772,0,3,0,luxury,18,mobile,0
12939,83.06640902877763,8.648323108380502,0,1,0,grocery,16,web,0
12940,103.79460397370563,5.226645904110379,0,7,0,luxury,7,web,0
12941,112.92432183825068,1.7121580449242255,0,3,0,luxury,3,mobile,0
12942,96.7944299,9.332472901462157,0,4,0,electronics,8,branch,0
12943,487.35967031059727,3.399117487359824,0,5,0,luxury,23,branch,1
12944,265.8587534,3.4492819189847586,0,1,0,grocery,10,branch,0
12945,236.6741607418342,18.77239171562965,0,9,0,grocery,6,branch,1
12946,64.19147325641742,14.698319796163606,0,7,0,travel,14,mobile,0
12947,273.0542389464696,2.2199852228976553,0,2,0,clothing,17,branch,1
12948,354.0708703944351,0.7574826099802296,0,1,0,travel,19,mobile,1
12949,138.55367959089793,1.9701541389035884,0,2,0,electronics,4,mobile,0
12950,102.77708713806821,0.1547876906869553,0,3,0,electronics,15,mobile,1
12951,437.8401731772226,0.10493286163592211,0,3,0,grocery,20,mobile,0
12952,91.69011007556993,2.516951143534165,0,8,0,clothing,11,mobile,0
12953,83.56595301699681,14.152769347244334,0,5,0,travel,16,web,0
12954,71.64115524017282,10.25358403,0,9,0,clothing,14,mobile,1
12955,156.2146386238052,3.581493953,0,3,0,grocery,20,mobile,0
12956,200.06067190721853,4.164648999208902,0,6,0,luxury,18,mobile,1
12957,322.1157569478234,0.029755849,0,4,1,grocery,23,web,1
12958,244.36259747274264,1.2135509007413416,0,8,0,grocery,6,web,0
12959,241.58397943129617,0.12543085065862744,0,1,0,clothing,20,mobile,0
12960,390.84823718635835,7.0230968701164365,0,4,0,electronics,11,branch,0
12961,68.53973311,0.7870470621551444,0,7,0,luxury,16,mobile,0
12962,41.052425325846265,10.164587906651173,1,9,0,luxury,6,branch,1
12963,252.8677522,5.154641759,0,1,0,electronics,10,branch,0
12964,150.60246873009527,1.303050417067724,0,8,0,clothing,0,mobile,1
12965,322.9102312598148,0.8582157745506074,0,2,0,clothing,16,branch,0
12966,161.7148473257798,4.939265323941818,0,4,0,electronics,21,web,1
12967,99.81936273886637,11.554950596485089,0,4,1,travel,6,mobile,0
12968,255.46189285614216,6.335631983,1,8,0,clothing,1,web,1
12969,177.38141231207837,2.1427474571647376,0,2,1,electronics,10,web,1
12970,161.82239761125604,4.426184598641551,1,7,1,travel,15,mobile,1
12971,704.2338798292657,1.860840987405283,0,3,0,grocery,14,mobile,0
12972,371.06718684167646,35.348823330762976,1,9,1,luxury,7,mobile,1
12973,278.48263959881416,6.908309307907178,0,5,0,electronics,14,web,1
12974,181.52051990788695,4.7645355132029135,0,8,1,clothing,6,mobile,1
12975,170.07262696249103,2.751811171351786,0,5,0,luxury,4,web,0
12976,130.46813726324794,4.813667077323774,0,1,0,travel,7,branch,0
12977,195.36033926250295,2.0898351306546297,1,9,0,luxury,1,mobile,1
12978,111.22392411744784,0.1464481155763399,0,7,0,electronics,5,web,1
12979,55.47139253707982,2.513365748,1,4,0,grocery,3,mobile,0
12980,160.3097447473071,13.330762936090053,0,7,0,travel,6,web,1
12981,207.12014584257395,4.921524360238743,0,5,1,travel,5,web,1
12982,323.42622441864296,0.43845278192183923,2,9,0,travel,21,branch,1
12983,83.99485691019548,10.81383808232755,0,2,0,luxury,4,mobile,1
12984,171.09575753679115,1.565853145775231,0,4,0,grocery,4,web,0
12985,243.02765708598434,1.3970452297322613,0,6,0,electronics,17,mobile,0
12986,239.21856587150984,1.7626389818498662,1,5,0,electronics,10,web,1
12987,471.42953540361214,4.304306569252301,0,1,0,luxury,22,branch,0
12988,132.50396962951777,3.933862929743994,0,9,0,electronics,22,web,0
12989,77.82603737237258,3.3806023522363744,0,9,0,electronics,7,web,0
12990,179.6159079433393,6.321036136102133,0,3,0,grocery,19,mobile,1
12991,138.02752473947913,1.9029191373272485,0,4,0,luxury,10,branch,1
12992,119.46327390696534,7.617781152583522,1,4,1,luxury,18,web,1
12993,106.72332089533188,0.963809409,0,8,1,travel,18,mobile,1
12994,207.72121933897543,7.630559674,0,6,0,electronics,1,web,0
12995,94.67529207664992,5.450395578588881,0,2,0,clothing,9,mobile,0
12996,278.31481160998516,5.747554245092012,0,4,0,grocery,6,branch,0
12997,269.33504782271655,3.2845912023387607,0,1,0,grocery,11,branch,0
12998,221.35001656616313,5.498086958287623,0,3,1,clothing,1,mobile,0
12999,68.42824113285242,0.41580515851095684,0,4,0,travel,6,branch,0
13000,201.00359297716994,9.537573012761134,0,8,0,clothing,18,mobile,0
13001,338.01591403911823,0.2857480113872728,0,3,0,clothing,0,mobile,0
13002,292.12901486625384,0.8051972392445638,0,5,1,travel,10,branch,1
13003,264.6763945442653,4.299430402189885,0,1,0,clothing,7,branch,0
13004,169.18131565965498,6.724062866324161,0,4,0,travel,7,mobile,0
13005,163.55775478278238,0.39657750097388095,0,2,0,electronics,13,mobile,1
13006,375.08661583319076,12.676674063432053,0,4,0,travel,12,branch,1
13007,205.35485927481676,18.173405190540596,0,5,0,luxury,9,branch,0
13008,207.21212835087402,4.656389566163617,0,3,0,luxury,16,mobile,0
13009,835.4084975012851,3.281602956878869,0,6,0,clothing,5,mobile,1
13010,130.2438801996621,6.762266853798538,0,2,1,luxury,19,mobile,1
13011,16.252956177737918,1.9901442709876052,0,5,1,travel,20,branch,1
13012,145.63852475129767,3.3988298886811057,0,4,0,electronics,13,web,0
13013,152.30036003269294,12.393690183182272,1,5,1,travel,23,mobile,1
13014,203.16442549360977,15.578824527952335,0,9,1,grocery,7,web,0
13015,237.64173948761646,13.091215407745825,1,6,0,clothing,6,branch,1
13016,20.42038927910588,1.5220938778561068,0,7,0,electronics,4,web,0
13017,241.06561541866935,1.3228823092728617,0,8,1,clothing,5,web,1
13018,159.3662220667384,1.7667203866909296,0,9,0,grocery,7,mobile,0
13019,134.99536411523914,2.910812562191156,0,5,0,luxury,20,web,0
13020,33.87287762590088,1.8856086150506581,0,8,0,grocery,2,branch,1
13021,427.1795370606951,2.343724474833589,0,2,0,luxury,8,mobile,0
13022,118.17036434575732,4.846308112155386,1,9,0,clothing,9,web,1
13023,267.12005538266624,7.188478877,0,2,0,clothing,0,web,0
13024,82.93108659539693,6.650670415764386,0,5,0,clothing,6,web,0
13025,209.57681611841102,8.421442222447775,0,6,0,travel,19,web,1
13026,136.684381,0.16356854521150205,0,4,0,electronics,5,mobile,0
13027,261.52915495760067,0.24455325295161592,0,8,0,travel,12,mobile,0
13028,133.12390989993807,7.788568871,0,3,1,grocery,6,mobile,0
13029,79.59442533413781,3.8079740998999325,0,5,1,electronics,7,branch,0
13030,164.85311598248606,4.315416853334203,0,2,0,clothing,20,branch,0
13031,158.70893722193966,0.2701000963863048,0,3,0,clothing,4,mobile,0
13032,199.7908214408443,1.4739617948106842,1,8,1,clothing,11,mobile,1
13033,316.5796715199571,5.085451446076977,0,5,0,luxury,5,branch,0
13034,64.49842321331766,9.801431110780879,0,3,0,grocery,22,web,0
13035,305.8647481967472,12.443573286153292,2,5,1,travel,14,mobile,1
13036,55.634430374280896,3.469932621903007,0,9,0,grocery,20,mobile,0
13037,254.6604936216252,3.9425033666314886,0,3,0,luxury,20,web,1
13038,260.1600082207108,8.950293513827852,0,7,1,luxury,3,branch,1
13039,113.20536013426246,3.856890826737776,0,8,1,grocery,16,branch,1
13040,86.64807718209705,3.6372288021422157,0,5,0,luxury,13,mobile,1
13041,82.73437327934971,11.773816934440992,0,3,1,electronics,6,web,1
13042,176.63107646277666,7.801637118248479,0,6,0,clothing,22,branch,1
13043,271.7681945,11.98846541607151,0,3,0,travel,12,web,0
13044,149.04056999146476,1.2310825759117014,0,9,1,luxury,21,web,1
13045,13.965153770874162,3.715632867789995,0,2,0,travel,9,mobile,1
13046,107.23146208726324,9.240764375301211,0,3,0,clothing,17,web,1
13047,104.14657279161976,0.5891217120499661,0,7,0,grocery,1,web,1
13048,236.52747304440447,7.915493142585486,0,8,0,clothing,21,web,1
13049,245.0510597,1.0104180310661386,0,5,0,travel,11,web,1
13050,186.63485607547852,8.254393069312776,0,5,1,electronics,12,web,0
13051,306.24693097950745,4.7337617787273185,0,5,0,grocery,20,mobile,0
13052,321.6166157390677,1.0736204203339277,0,4,0,luxury,6,branch,0
13053,112.47877233983851,3.2061351171211543,1,9,0,electronics,17,branch,1
13054,81.14732618,5.727028609917461,0,6,0,clothing,21,web,1
13055,157.06233408078515,5.023600580853836,0,8,0,travel,10,mobile,1
13056,186.36469920885565,2.786505311931591,1,8,0,travel,21,mobile,1
13057,107.93878202375086,11.481351810749931,0,5,0,travel,9,web,0
13058,963.0237033062562,3.6621789907669857,0,9,0,clothing,21,web,1
13059,411.1390942972518,3.5247558570384854,0,2,1,grocery,5,branch,0
13060,99.85097752546794,0.32136259561730973,0,8,0,luxury,13,branch,0
13061,67.00822291498592,12.762955517982151,0,3,0,electronics,19,branch,0
13062,93.26925338454112,0.9747036353556682,0,7,0,clothing,4,web,0
13063,325.43615698258986,3.7575342144372708,0,9,0,travel,19,branch,0
13064,330.6991963109699,8.137184672,0,5,0,luxury,5,mobile,0
13065,414.39991633150254,1.213245754229745,0,8,0,travel,8,mobile,1
13066,79.06604951815741,3.7472469931271886,1,4,0,clothing,4,web,1
13067,235.87669197459113,1.3766922418491212,0,1,0,travel,4,web,0
13068,85.56693415946043,7.129231599883029,0,1,0,clothing,18,branch,0
13069,472.76872119071624,4.154479185320583,0,6,0,travel,12,mobile,1
13070,81.47022428399325,9.688871787,0,8,0,clothing,22,branch,0
13071,53.61258950782455,11.247971337815354,0,2,1,travel,4,mobile,1
13072,63.57074557561144,5.231050171866714,0,4,1,luxury,13,branch,0
13073,165.39893527288982,6.462039538191645,0,3,0,luxury,1,web,0
13074,269.15137714558443,3.9838804247988095,0,9,0,travel,4,mobile,1
13075,257.39928358581506,2.4260227650250132,0,3,0,travel,22,mobile,0
13076,66.10345609452104,5.222295840469337,0,8,0,clothing,22,mobile,0
13077,122.97304731934697,11.945544225587065,0,7,0,clothing,11,branch,1
13078,110.43162203554718,2.6951000516003587,0,1,0,clothing,23,branch,0
13079,57.699852167657774,1.8873776801899622,0,8,0,grocery,19,branch,1
13080,108.31406448043799,2.4586860166905984,0,9,0,travel,6,mobile,1
13081,402.9820603111045,2.858167829421365,0,8,0,travel,2,web,1
13082,50.485324110779274,0.38203552941263497,0,1,0,travel,8,branch,1
13083,195.47456540245398,3.450178535439632,0,7,0,travel,14,mobile,1
13084,409.02105684113275,3.409199230996543,1,9,0,clothing,14,branch,1
13085,395.4637003378481,4.439048809,0,5,0,clothing,7,mobile,0
13086,486.93236881798896,2.253515682902659,0,2,0,grocery,15,mobile,0
13087,209.2607560984522,4.748043251668552,0,8,0,clothing,1,branch,0
13088,231.35393075107032,10.52754421485179,0,9,0,travel,19,mobile,1
13089,109.97087112061475,15.558072016093561,0,7,0,travel,0,branch,0
13090,49.40756622462061,4.380691400931025,0,5,0,electronics,23,mobile,0
13091,148.84768927456278,0.2176227676549314,0,8,0,clothing,3,web,1
13092,352.0934393846132,17.407050074766367,0,6,0,electronics,3,web,1
13093,13.64521190295544,6.118532205246456,0,4,1,travel,22,web,0
13094,114.07861020820904,2.047091924250404,0,1,1,clothing,5,web,1
13095,247.12088221839429,0.795903133,0,6,0,travel,2,branch,0
13096,167.07336682518493,0.7740297103683385,0,8,0,electronics,7,mobile,0
13097,381.22542293980587,0.9180784058966649,0,3,0,electronics,1,mobile,1
13098,328.44178963293274,0.23321808672445388,0,7,1,luxury,16,web,1
13099,43.38485750049742,11.621811964666314,0,7,0,luxury,11,web,1
13100,177.59064384188204,3.8910012849329254,0,9,1,clothing,11,mobile,1
13101,89.22687752176216,6.019187612615279,0,1,0,clothing,14,mobile,1
13102,88.24320643544748,8.804459345442648,0,5,0,clothing,17,mobile,0
13103,46.922165409268935,7.840064651,0,8,0,clothing,8,web,0
13104,199.6401641735199,10.711081375127272,0,3,1,clothing,20,mobile,1
13105,386.4356578929011,17.094967363314694,0,5,0,clothing,4,web,1
13106,212.52484536894082,2.8908012718119673,0,1,0,clothing,21,web,0
13107,43.95428328764009,15.012321078410697,1,9,0,electronics,2,web,1
13108,160.10317988201933,6.423925329673873,0,4,1,electronics,16,mobile,0
13109,240.41731811058304,0.3664471763527165,1,5,0,electronics,23,web,1
13110,151.24475821742666,5.725110599490206,0,3,1,travel,22,branch,0
13111,209.8328786659701,5.803236285231642,0,2,0,grocery,11,mobile,0
13112,95.53989660078936,11.814891159501586,1,7,0,travel,13,mobile,1
13113,138.0508978359864,2.333502512662147,0,5,0,clothing,7,mobile,0
13114,131.46948760169667,4.396317645647125,0,3,1,grocery,8,mobile,0
13115,433.36264327301956,0.061312141,1,2,0,electronics,1,web,1
13116,67.43324890499146,2.017898748928194,0,6,0,electronics,20,branch,1
13117,16.373737788460733,0.32132599864651784,0,6,0,luxury,1,web,0
13118,415.4801726,3.6893941722074124,0,3,0,clothing,23,branch,0
13119,182.07119214786465,8.503591502774754,1,9,0,clothing,15,mobile,1
13120,54.91505964704607,1.1561475999202286,0,1,0,luxury,19,web,0
13121,309.4211505683902,3.7479638426267137,0,3,0,travel,10,web,1
13122,250.73940161882865,1.1408347154225642,0,1,0,luxury,19,web,0
13123,479.5991662730763,0.6430801376524717,0,7,0,clothing,9,branch,1
13124,192.78776995966746,3.5769311453365873,0,2,0,electronics,7,branch,1
13125,705.4957851964749,0.4122831242879674,0,4,1,luxury,6,mobile,1
13126,152.28073789290295,4.425833629632728,0,4,0,grocery,0,web,0
13127,251.0665745569096,0.15919492189561546,0,8,0,electronics,22,mobile,0
13128,276.41247922421354,0.5642478429716429,0,4,1,travel,9,branch,1
13129,117.72696066890269,3.9925105421375595,0,3,0,electronics,18,mobile,1
13130,114.71654687857738,4.475183694766912,1,3,0,travel,4,web,1
13131,280.3048440306292,0.14707675263902165,0,5,0,electronics,23,web,1
13132,50.350754556147656,4.259270314,0,6,1,clothing,21,branch,0
13133,88.71193418315653,9.116328865602734,0,7,0,travel,7,branch,1
13134,149.05482393345022,6.406360704678801,1,5,0,travel,20,mobile,0
13135,469.8775263524202,0.7031259218512929,0,7,0,luxury,8,web,1
13136,280.4360882458163,4.488260668343247,0,4,0,electronics,12,mobile,1
13137,176.75377667940356,5.577558921794595,0,5,0,travel,13,branch,1
13138,108.94381918688438,0.18970990451174394,0,6,0,travel,5,branch,1
13139,593.7609434766189,9.667110653714563,0,9,0,electronics,10,mobile,1
13140,159.3020281,11.836546012217921,0,6,0,electronics,8,web,0
13141,88.63704477,9.500698476870848,1,1,0,grocery,12,branch,1
13142,667.3474492687179,8.704328110734519,1,7,1,luxury,3,mobile,1
13143,52.694951377470865,6.831776332559251,0,3,0,travel,1,web,0
13144,394.39223026264034,5.017856606608673,0,6,0,electronics,23,mobile,0
13145,168.54679621489015,5.675764260982849,0,2,0,travel,20,branch,0
13146,279.97114305679554,8.209683965744652,0,7,0,grocery,1,web,1
13147,246.2898892217813,5.430926004308141,0,1,0,grocery,21,branch,1
13148,277.1952925480683,1.985453532605757,0,2,1,travel,12,branch,0
13149,706.2569239276095,2.357712881378265,0,9,0,luxury,18,branch,1
13150,637.8469675137936,11.367921959119977,0,9,0,clothing,0,branch,1
13151,92.80230603671208,0.086351818,0,7,0,travel,5,branch,1
13152,239.7595482,6.000245581076826,1,2,0,grocery,7,mobile,1
13153,29.751379567403536,15.480808438309918,0,5,0,luxury,16,branch,1
13154,298.0535504095713,6.124759506241543,0,4,0,electronics,2,branch,0
13155,346.7081675,25.507168627029525,0,2,1,luxury,5,branch,1
13156,16.689411031838517,5.816472589109209,0,2,0,luxury,18,web,1
13157,163.83813177031578,0.17483661022672764,0,8,0,travel,6,branch,1
13158,279.61792448536664,8.772604027310546,0,5,0,luxury,14,web,1
13159,216.23674239629952,1.6747763226023402,0,8,0,electronics,5,mobile,1
13160,53.77662251745512,2.9534694649668576,0,2,0,travel,21,branch,0
13161,59.75830232348759,1.8705002433802456,0,2,0,grocery,22,mobile,0
13162,149.41671029110046,1.5636601368393943,0,3,0,electronics,17,mobile,1
13163,117.71361302025944,2.8229405544574977,0,8,0,travel,9,branch,0
13164,127.02503586607365,2.380120165340294,0,8,1,travel,3,mobile,1
13165,46.565159574533496,5.0165821154119286,0,3,0,clothing,4,branch,0
13166,170.7528009402414,8.387277753100967,1,1,0,electronics,17,mobile,0
13167,472.26641706401074,1.7626225103780035,0,7,0,luxury,9,web,1
13168,56.09621799843361,1.2022189103299605,0,4,0,electronics,9,web,1
13169,139.8855409445854,5.496491682780911,0,3,0,electronics,9,web,1
13170,258.3898711935544,5.548164958162211,0,5,0,clothing,6,branch,1
13171,35.71352444892063,11.569809788266195,0,6,0,luxury,19,mobile,1
13172,172.0538779767782,0.080370934,0,1,0,clothing,13,web,0
13173,339.62064462185725,9.587996718,1,9,0,clothing,7,branch,1
13174,68.48809247259655,3.6802960900407196,0,6,0,clothing,8,web,0
13175,184.83750696974005,4.855082303919095,0,3,0,electronics,23,web,0
13176,323.1160823489225,0.4790944689745216,0,1,0,clothing,4,branch,1
13177,682.9586335230986,2.833585375110875,0,9,0,grocery,20,web,1
13178,177.81779947667187,1.2893375970362992,0,2,1,luxury,7,branch,0
13179,90.47428436309946,1.4666568659386292,0,6,1,luxury,19,web,0
13180,91.14700119777154,3.5068556705295273,0,6,1,clothing,4,branch,1
13181,43.813229265862006,8.368707649901399,0,3,0,electronics,19,web,0
13182,497.6611639122832,6.8086122940951475,0,6,0,travel,17,mobile,1
13183,309.8257885359652,4.470200114524988,0,2,0,travel,3,mobile,0
13184,59.743906809367175,3.8763239516030836,0,8,0,electronics,10,branch,1
13185,85.97382733147867,2.7870190590987654,0,1,1,clothing,20,branch,0
13186,175.6101249117237,18.006169877300497,0,6,1,clothing,21,mobile,1
13187,337.8826991898067,4.107091355572281,0,1,0,grocery,19,branch,0
13188,240.18577109235278,1.4649231865792203,0,9,0,travel,10,web,1
13189,223.86045118029242,1.307413414134272,0,9,0,travel,13,web,0
13190,194.07893268013026,4.725419407742191,0,6,0,luxury,12,web,1
13191,62.92999840921271,3.699386377414225,0,6,0,clothing,3,web,0
13192,177.35505320729283,0.038637919852913906,0,9,0,electronics,15,web,0
13193,161.56919377504175,8.861707291076751,0,5,0,clothing,5,web,0
13194,43.16581223735205,6.089046345038872,0,9,0,clothing,22,web,0
13195,489.4778471138984,5.421022254375502,0,5,0,grocery,12,branch,0
13196,101.5629255206901,0.35630215423948364,0,4,0,electronics,22,mobile,1
13197,44.41780156679837,2.2475226946223232,0,2,1,grocery,19,web,0
13198,116.46226137501915,13.696331521150295,0,2,0,grocery,4,web,0
13199,135.57123056609407,9.923903002612546,1,1,0,grocery,18,branch,1
13200,157.83768511433297,1.6811618920342064,0,3,0,grocery,20,branch,1
13201,133.76712189928708,0.8542908703568103,0,1,0,clothing,9,mobile,0
13202,164.83115178474148,2.9809005722832143,1,6,1,luxury,4,mobile,1
13203,186.73526971135144,2.1989660019803763,0,7,0,clothing,13,branch,0
13204,179.6177917221544,5.732080130701197,0,9,0,grocery,3,web,0
13205,222.66788179610887,16.97132881730568,0,7,0,grocery,5,web,1
13206,232.35002549418388,2.2549394984016087,0,4,1,luxury,4,web,1
13207,236.5513738269824,0.32122174286477334,0,4,0,travel,23,web,0
13208,279.59560501014374,11.395026879766695,0,8,0,electronics,1,web,0
13209,92.31076868156211,0.19344287106895097,0,4,0,grocery,5,branch,0
13210,95.24162702081195,15.263195646715976,0,1,0,grocery,1,mobile,0
13211,338.9409410439678,5.461850478911963,0,9,0,clothing,11,mobile,1
13212,119.40384373568558,14.209840494218135,0,3,0,grocery,21,branch,0
13213,151.13083253488858,1.1135912503941292,0,1,0,grocery,3,web,0
13214,140.83942550512924,0.2077560686267302,0,9,0,electronics,12,branch,1
13215,666.9370151171543,3.3492042594178772,0,5,0,clothing,16,mobile,1
13216,79.07878122749358,2.9948556233383967,0,9,0,travel,5,mobile,1
13217,77.74633860194369,2.013536620873371,0,3,0,grocery,2,mobile,0
13218,165.26765811522245,15.809698738492877,0,6,0,grocery,12,mobile,1
13219,144.00595260032952,8.646282559267192,1,7,0,travel,22,branch,1
13220,59.19656088397718,5.417367621693066,0,5,0,luxury,2,web,1
13221,155.07473459600584,0.8888095886547518,0,8,0,travel,19,web,1
13222,168.74409384404643,6.6273776514002405,0,6,1,travel,8,branch,0
13223,109.74250864986021,6.491645532242925,1,6,0,clothing,22,web,1
13224,147.96883185201813,2.7675190401217997,0,7,0,travel,3,web,1
13225,86.03555548900907,12.937083473768885,0,8,0,clothing,1,web,0
13226,59.33368359897122,0.9134754261091259,0,2,0,travel,4,web,1
13227,118.66458377900399,1.5553510243788269,0,7,0,grocery,7,mobile,0
13228,68.37509382855514,0.3265572415141838,0,9,0,grocery,1,web,0
13229,48.77737565245832,7.934737594686831,0,1,0,luxury,4,branch,0
13230,23.645217123271667,4.861123705750183,1,1,1,travel,5,mobile,1
13231,196.5191842468772,1.8912464976296963,0,7,0,electronics,6,mobile,0
13232,115.43193675288019,0.8945190014819836,0,5,0,travel,12,branch,1
13233,340.3000408485973,0.2048796674076014,0,1,1,electronics,8,web,1
13234,123.42992903913562,0.9120812181386764,0,1,1,travel,6,mobile,1
13235,195.82111063314153,3.0191349461014747,0,2,0,clothing,3,branch,0
13236,97.35780127663618,1.419625487049133,0,9,0,grocery,4,branch,1
13237,161.3924379060347,1.4986530096333406,0,3,0,electronics,2,web,0
13238,23.872286215281925,10.420315690826738,0,9,0,electronics,16,web,1
13239,117.22646732654457,3.6194514557385964,0,6,0,travel,18,branch,0
13240,79.53439996783638,6.532833403835829,0,6,1,grocery,12,web,1
13241,317.0082714570765,0.18182091954875346,0,7,0,luxury,0,branch,1
13242,186.71551314513687,2.271937831104747,0,8,0,electronics,4,web,1
13243,287.2855224918924,3.2616516652609215,0,3,0,grocery,22,web,0
13244,365.7184856,1.0315357564453032,0,8,0,grocery,8,branch,0
13245,109.50850382972696,0.6402552796749346,0,6,1,electronics,3,branch,1
13246,180.88862085845284,10.212801603483058,0,6,0,clothing,9,web,0
13247,62.605213057629584,14.019912107401534,0,3,0,clothing,13,branch,0
13248,217.6569901231771,0.4104269103113296,0,6,0,travel,9,mobile,0
13249,240.61473813694946,2.1463719074576066,1,8,0,travel,0,web,1
13250,207.12273725572877,15.884547803707804,0,7,0,grocery,22,mobile,1
13251,109.40682071973342,0.43412097145137574,1,7,1,electronics,18,mobile,1
13252,519.5711784,5.159088378211198,0,3,0,clothing,16,mobile,0
13253,168.4091386635864,17.917441468689322,0,3,1,grocery,19,branch,1
13254,62.95432292339337,19.134658068721244,1,5,0,clothing,14,web,1
13255,256.7826849116179,3.185945559432489,0,5,1,electronics,21,web,1
13256,323.4447883065086,0.8881575082790737,0,9,0,clothing,5,mobile,1
13257,64.12840733277169,1.128761724904893,0,9,0,luxury,6,branch,1
13258,135.64722007022388,11.018288911076588,0,5,0,travel,0,web,1
13259,43.50419132400089,12.134113567232529,0,5,0,clothing,4,web,1
13260,375.1143869375296,4.680932276906086,0,6,0,electronics,19,web,1
13261,153.84292544130145,7.2659414589806435,0,8,0,electronics,19,mobile,1
13262,79.85029592,6.734046327486137,0,6,0,luxury,6,mobile,1
13263,326.29021159836054,5.420908530725147,0,6,0,electronics,1,mobile,1
13264,164.95493931264014,8.780329312,0,9,0,luxury,20,mobile,1
13265,296.40456835240883,5.782371704187081,0,1,0,grocery,22,mobile,0
13266,227.59848254414678,3.817872964123697,0,4,1,clothing,2,web,0
13267,70.49152573083983,1.352200287216855,0,2,0,electronics,1,mobile,0
13268,106.35764989101138,6.810704964475603,0,9,0,travel,15,branch,1
13269,81.82270750451525,3.206929722834344,0,3,0,clothing,16,mobile,0
13270,58.960441858655074,1.7463101806964034,0,2,0,luxury,20,mobile,0
13271,32.50338570563061,8.096084752273445,0,8,0,clothing,11,mobile,0
13272,587.8818500666672,5.965388532746381,0,4,0,clothing,4,web,1
13273,204.36789932818135,13.850125106631584,0,2,0,electronics,3,web,1
13274,226.57913870645038,0.9042630212793556,0,4,1,travel,23,branch,0
13275,351.15048347139856,5.237542367223039,0,7,1,grocery,15,web,1
13276,105.46719360133538,1.4001535485550256,0,7,1,travel,17,mobile,1
13277,46.85278070969967,11.695362959598977,0,1,0,luxury,12,branch,0
13278,278.7207843678536,0.5240223195086224,0,1,0,travel,19,branch,0
13279,54.80681014320775,5.337920499192919,0,3,0,travel,20,branch,1
13280,274.1592433,7.8291563100200525,0,2,0,luxury,8,mobile,0
13281,39.78310582711308,2.191887955094462,0,3,0,travel,15,web,0
13282,51.01994555,15.410600612213027,0,4,0,grocery,2,web,0
13283,96.8470604,9.510015592870284,0,7,0,clothing,16,mobile,0
13284,267.0498878492492,1.7450810189876529,1,2,0,grocery,19,web,1
13285,475.1701120005259,0.037848352591151595,0,7,0,clothing,9,mobile,1
13286,226.31965591074058,1.759554238000849,0,5,0,clothing,21,mobile,0
13287,100.11267720405452,1.6516291161940049,0,8,0,travel,22,branch,0
13288,313.9948039857359,11.034766074742064,0,8,1,clothing,19,web,1
13289,38.521503162460355,17.074632722173256,1,5,0,luxury,3,branch,1
13290,74.00881049,0.36521954,0,8,0,grocery,21,web,1
13291,177.15207626883404,3.1866216715598084,0,9,0,clothing,0,mobile,1
13292,285.0778269743199,3.9740393952811366,0,7,0,travel,20,branch,0
13293,141.15304564330125,0.4875771853017322,0,6,0,travel,15,mobile,1
13294,129.47236964054818,2.370039852748403,0,7,0,travel,10,mobile,0
13295,135.60728701573294,1.906905481873653,1,7,0,electronics,18,branch,1
13296,349.0342055804294,3.839960937115332,0,3,0,grocery,7,branch,0
13297,86.63093012618423,5.411592281348133,0,6,1,travel,4,web,1
13298,69.55311982,6.0782892212784665,0,6,1,luxury,22,web,0
13299,133.9142649150832,0.7352838107394692,0,9,0,travel,23,branch,0
13300,382.06287769353327,8.381835162,0,1,0,electronics,7,web,0
13301,95.45069236019879,5.6744423707413185,0,7,0,grocery,17,mobile,0
13302,135.26900378437733,10.994501155903864,0,1,1,clothing,14,mobile,1
13303,37.85045637,2.983152820650932,0,4,0,grocery,17,mobile,0
13304,139.78576817476514,11.216383754748897,0,7,0,clothing,12,mobile,0
13305,197.18585580715407,10.041156220461753,0,6,1,clothing,14,mobile,1
13306,54.888846668870464,2.8849102192872444,0,6,0,travel,20,mobile,0
13307,349.47518666526463,2.399407801166453,2,5,0,luxury,12,web,1
13308,195.3176018902206,13.501304208194359,0,7,1,luxury,2,branch,1
13309,108.3620362624592,6.279221408767168,1,9,0,travel,11,branch,1
13310,196.39573124638986,13.17251284219841,0,6,0,electronics,11,web,0
13311,235.9129554,7.972125328825939,0,7,0,clothing,9,web,0
13312,27.571180299937165,4.6990436139350455,0,9,0,luxury,0,web,0
13313,201.97382368366488,0.615658442,0,7,1,grocery,23,branch,1
13314,373.06380655303747,1.7228897043573164,0,6,0,electronics,5,web,0
13315,85.56951201050865,17.343486552954758,0,3,1,travel,18,web,0
13316,110.29136002347357,1.9240649345103853,0,1,0,electronics,23,branch,0
13317,125.74297107542638,0.4894693571336616,0,9,0,luxury,12,web,0
13318,287.29517549626297,6.147365211744788,0,7,0,travel,0,mobile,0
13319,64.27845366215084,6.621374824267402,0,3,1,luxury,18,branch,0
13320,228.22274146624792,1.6805655475854135,0,9,0,clothing,5,branch,1
13321,127.64593331777299,1.7667735910128983,1,3,0,electronics,0,branch,1
13322,489.87395785064945,3.163958721,1,3,0,clothing,22,web,1
13323,133.6475168119857,0.1101491721960429,0,7,1,grocery,16,branch,1
13324,13.403492137660445,7.787145866268742,0,2,1,clothing,16,mobile,0
13325,259.12463041792745,1.906952119352646,0,7,0,electronics,20,mobile,0
13326,219.9885536391695,9.612636916107874,1,7,0,grocery,10,branch,1
13327,189.24936464499896,8.113386376540756,0,1,0,luxury,19,mobile,0
13328,366.2462187615257,5.414709068933039,0,2,0,grocery,11,web,0
13329,32.28636069744446,1.9642861160780645,1,5,0,electronics,23,branch,1
13330,75.00999565,3.631623196,0,4,0,travel,12,mobile,0
13331,160.7654218432791,2.942397842903816,0,3,0,grocery,17,web,0
13332,181.83533938567186,2.0691138280294106,0,8,0,luxury,21,branch,1
13333,143.29331267403953,9.423859002552904,0,7,0,grocery,23,branch,1
13334,38.458919764829574,3.3034684383282547,0,9,1,clothing,0,branch,1
13335,111.18350410007363,8.940523713337678,0,3,1,travel,2,mobile,0
13336,467.4646146676773,0.5558784784609898,0,1,0,electronics,16,branch,1
13337,61.42261645569611,0.7600760746169477,1,9,0,travel,6,mobile,1
13338,158.05716282394914,18.931426265830982,0,9,0,clothing,16,web,1
13339,228.83096805219103,4.4308505176032975,0,1,0,travel,15,web,0
13340,281.55669437904174,3.564399721173523,0,8,0,clothing,11,web,1
13341,258.2532000929209,3.7028300901521094,0,1,1,grocery,7,branch,0
13342,104.59178597813023,1.2120700356532503,0,6,0,electronics,10,web,1
13343,74.72060518467136,6.341738018812702,0,9,0,clothing,2,mobile,0
13344,492.43871915487614,0.44295743478381033,0,3,0,clothing,11,mobile,0
13345,300.76999433236415,4.258648317879919,0,6,0,grocery,3,mobile,0
13346,169.67922554128205,4.2287978476530315,0,3,0,clothing,8,mobile,0
13347,408.99795925264647,12.278006823649175,0,5,1,electronics,21,mobile,1
13348,47.13907854640267,3.734668535028135,1,7,0,luxury,20,mobile,1
13349,13.971176220451737,0.7370661970351773,0,4,0,travel,20,web,0
13350,180.3014368836877,4.2519679272445785,0,4,0,clothing,16,branch,0
13351,186.69961360576863,0.47885347313433013,0,7,0,travel,15,mobile,1
13352,42.809200616853275,1.139485628965981,1,5,0,travel,11,web,1
13353,293.3417266044126,0.1580136567764273,0,1,0,luxury,14,web,0
13354,22.276807781254956,3.6004708820287052,0,2,0,clothing,14,mobile,1
13355,210.20088785054787,0.44160270582096517,0,6,0,electronics,0,web,1
13356,245.6088227398634,3.168681213918943,0,9,0,clothing,2,mobile,1
13357,178.70557074969037,13.511213138064804,0,7,1,travel,1,branch,0
13358,36.826922670560776,6.360569711406835,0,4,0,grocery,16,mobile,1
13359,363.63563190880495,0.4028608077678825,0,2,1,luxury,11,branch,1
13360,107.51412591972498,1.2693658595751862,0,4,0,electronics,4,web,0
13361,107.79925788892837,5.599114557995009,1,5,0,electronics,10,web,1
13362,90.83158050845452,11.254797667711955,0,2,0,travel,18,mobile,1
13363,264.50206375106444,0.16736297757655585,0,1,0,electronics,14,web,0
13364,103.3492004103985,8.368579183532429,0,4,0,travel,6,web,1
13365,56.08467977504915,4.125557640643663,0,6,0,electronics,7,branch,0
13366,317.0683039469626,3.9492962910804623,0,1,0,electronics,9,mobile,1
13367,155.1831500849796,15.828237471318229,0,1,0,travel,5,mobile,0
13368,324.6463832984397,6.884584587454063,0,9,0,luxury,20,branch,0
13369,164.08537100531427,9.489563763753573,0,5,0,electronics,14,branch,0
13370,85.6142615,2.1847445846653177,0,2,0,clothing,9,branch,0
13371,26.531249225471697,4.041264476522762,0,2,0,grocery,20,mobile,0
13372,180.87328785370025,4.777831039195479,0,4,0,travel,16,branch,0
13373,125.9613178965687,1.9399726098493892,0,2,0,electronics,21,mobile,0
13374,272.18749783098446,4.222736358022769,0,4,0,luxury,5,branch,0
13375,99.39503504770786,1.350228422517426,0,6,0,clothing,18,web,1
13376,214.80551197209996,0.7737790623134908,1,7,0,travel,19,mobile,1
13377,159.03538273558203,2.3417869993446043,1,6,0,clothing,19,mobile,1
13378,79.20539982884661,6.721725882517353,0,4,0,grocery,5,mobile,0
13379,106.12498516584184,12.395844594898897,0,3,0,luxury,13,web,0
13380,46.08633746,3.0598091820123186,0,4,0,travel,23,web,0
13381,515.0097065,5.147628743696963,1,5,0,travel,12,mobile,1
13382,211.48056267971148,0.5437040620059633,0,4,0,electronics,12,branch,0
13383,43.02413845757383,11.741248059427624,0,3,1,clothing,8,mobile,1
13384,497.7923523173934,4.2036465613722145,0,1,1,travel,8,mobile,0
13385,60.636821517051146,7.578332025,0,3,0,clothing,20,web,0
13386,97.96851910832017,7.910115795345752,0,5,0,grocery,23,web,1
13387,133.34562476006332,1.4818016079323437,0,6,0,electronics,7,branch,0
13388,161.98740829237676,3.7663382124888116,0,4,0,grocery,9,branch,1
13389,267.1551982841535,16.154710598548576,0,1,0,electronics,19,mobile,1
13390,19.85395078,0.46954580496291953,0,7,0,electronics,3,mobile,1
13391,163.9389946352559,5.745054622639834,0,9,0,clothing,2,branch,1
13392,127.95050000718646,16.385714004630504,0,6,0,electronics,12,mobile,0
13393,183.29643302908025,1.7874986202676695,0,6,1,grocery,20,mobile,1
13394,122.9624873410222,9.882545026454526,0,9,0,grocery,7,branch,1
13395,110.0722993213844,13.564626229854643,0,4,0,grocery,23,branch,1
13396,145.68642426121482,6.873532984593789,1,5,0,clothing,8,branch,0
13397,479.8452829862919,1.315456673590322,0,5,0,clothing,13,web,0
13398,111.83258041433504,2.032333438807702,0,5,0,luxury,0,branch,1
13399,352.61151917141717,0.1823308828467277,0,8,1,travel,13,web,1
13400,177.58260800765544,8.902710130633327,0,1,0,luxury,11,branch,0
13401,171.4605520109787,9.472656243153727,0,3,0,luxury,3,branch,0
13402,184.59442596378355,5.008021980781131,0,8,0,electronics,21,web,1
13403,228.30675222575758,2.173397499342292,0,9,1,electronics,20,web,0
13404,119.0357464130009,0.3996066415844458,0,2,0,luxury,3,mobile,1
13405,336.4071081322613,6.993001040401973,0,4,0,travel,12,mobile,0
13406,228.70831752901384,6.482747167946185,1,8,1,luxury,15,mobile,1
13407,50.26648900162601,12.18644424792368,0,5,0,clothing,10,web,1
13408,13.569198559601874,6.556528560193669,0,1,0,grocery,2,branch,1
13409,470.17365218818776,8.821546742,0,6,0,luxury,1,web,1
13410,188.94511525362904,6.851211791269158,0,9,0,electronics,2,branch,1
13411,44.341986348450405,4.980556329546363,0,9,0,travel,19,branch,1
13412,111.70364535505001,2.7840545755293284,0,1,0,electronics,16,branch,1
13413,300.6711583969417,11.619927721413003,0,4,0,clothing,0,mobile,1
13414,139.03304057108886,5.262966544965364,1,1,0,electronics,10,web,1
13415,149.02751285599692,2.540441218774106,1,7,0,electronics,15,web,1
13416,263.2762456050791,0.4357985500355424,0,3,0,travel,19,mobile,0
13417,202.35547629535492,1.7174177842455263,0,2,0,travel,9,branch,1
13418,240.66321773876794,3.9233169161621397,0,8,1,electronics,19,mobile,1
13419,261.34302623497103,1.6123019040121167,1,9,0,electronics,5,branch,1
13420,87.72283913452455,1.250231970923969,0,7,0,luxury,1,mobile,1
13421,95.01935336671195,3.7474609521491105,1,6,0,clothing,21,web,1
13422,78.75535317564753,0.9305657544277095,0,6,0,luxury,6,mobile,1
13423,99.51852514230684,8.057451669181074,0,9,0,travel,16,web,1
13424,144.57996650240398,3.3118111986842886,0,5,1,luxury,7,branch,0
13425,152.8645724621122,4.264969288681208,0,5,0,luxury,12,mobile,1
13426,400.7146535576191,0.797225748,0,2,0,electronics,21,mobile,0
13427,195.34533588341785,1.9620756704030426,0,6,0,electronics,3,mobile,1
13428,146.80258254738115,2.638923795818804,0,6,0,clothing,10,mobile,0
13429,64.15513577439827,8.25684507,0,6,0,grocery,1,web,0
13430,125.04888857550817,7.351848946656614,0,4,0,grocery,7,web,0
13431,493.67958699589025,1.2614296952872341,0,7,0,luxury,17,mobile,1
13432,488.56734025769015,4.787895967624351,0,9,0,clothing,7,web,1
13433,123.82117657184763,1.3949752887871505,0,1,0,clothing,10,mobile,0
13434,30.623406212919164,22.218299993853158,0,3,0,travel,23,web,0
13435,110.88110940945617,15.195691992290705,0,9,0,electronics,4,web,0
13436,403.6291297,4.142140176,0,5,1,travel,6,web,1
13437,145.3589429558589,6.001606925959909,0,6,0,grocery,22,mobile,1
13438,263.46388547340257,8.083077604953168,0,8,0,clothing,3,mobile,1
13439,158.59334075376617,6.382689171276571,1,9,1,grocery,21,web,1
13440,40.76280942159722,6.017009688,0,8,0,electronics,9,branch,1
13441,162.92322662161845,15.916820478356646,0,3,0,electronics,5,web,1
13442,288.0963927029006,4.537350074012966,0,1,0,electronics,12,mobile,0
13443,98.34439244,5.057166366164961,0,5,0,grocery,15,branch,0
13444,282.89657391576014,9.461284160634648,0,7,0,clothing,21,mobile,0
13445,170.7653568,5.541659879,0,2,1,travel,1,branch,1
13446,272.5709381930854,6.601271502114994,0,1,0,clothing,23,branch,0
13447,204.4710082509517,1.3339667522987928,0,4,0,clothing,14,mobile,0
13448,68.15875771386108,2.3202423750604146,0,3,0,luxury,7,web,0
13449,126.07735088162595,0.7967453570640333,2,4,1,clothing,16,mobile,1
13450,122.83965142987827,3.523725306974206,0,1,0,travel,13,mobile,0
13451,94.43457704378804,3.04152528,0,2,1,luxury,17,web,1
13452,192.8991133785036,29.324713307944133,0,1,0,clothing,13,web,0
13453,552.0435668827296,4.723562309137559,0,3,0,luxury,3,branch,0
13454,336.70278347269254,7.719300201663883,0,4,0,clothing,20,branch,0
13455,367.3930636636465,2.0324381842450876,0,1,1,electronics,20,web,0
13456,89.58546351928486,8.905442970625382,0,6,0,electronics,21,mobile,1
13457,371.4831118597187,4.7736633061312785,0,2,0,clothing,22,web,0
13458,455.09274500104084,5.969985827685188,0,5,0,luxury,0,web,0
13459,87.05798803956444,1.7437519739189646,0,8,1,travel,22,web,0
13460,221.1085609932272,3.977432342469383,0,4,0,electronics,5,mobile,0
13461,225.30986532820486,5.026114854697109,0,5,0,luxury,4,mobile,0
13462,133.43931175572908,4.446962229032549,1,9,1,travel,14,branch,1
13463,181.73861231339214,12.336927906023298,0,2,1,luxury,15,web,0
13464,233.2224708206947,11.427296131633804,0,2,0,clothing,21,web,0
13465,140.5521873698067,17.699549358285925,0,6,1,electronics,7,mobile,1
13466,325.93864165103355,5.504494595,0,6,0,electronics,5,web,0
13467,50.54166828518415,17.862443402812385,0,3,0,electronics,4,mobile,0
13468,122.41399021813208,8.933202966243417,0,9,0,clothing,5,branch,1
13469,267.13424048369194,1.5792565665730849,0,1,0,travel,0,branch,0
13470,514.5558768387143,2.7881509113526004,0,3,1,travel,13,branch,1
13471,339.9210232,1.3616193597892843,0,8,0,electronics,18,mobile,1
13472,178.98495828595628,0.021029968,0,8,0,travel,18,mobile,0
13473,145.8596858467446,1.041574907221487,0,4,0,electronics,14,web,1
13474,128.02203289086953,0.020344264,0,8,1,travel,18,branch,1
13475,128.6323391090477,6.3619445921058135,0,8,0,electronics,5,mobile,1
13476,26.325903893768317,2.7715744179969155,0,1,0,travel,4,branch,0
13477,500.8282001711411,1.8740107464022717,0,3,0,luxury,15,branch,0
13478,154.3905726573626,7.171562829632134,0,1,0,electronics,8,branch,0
13479,82.36931675935732,8.933464866696692,0,2,0,electronics,14,web,0
13480,218.64883636031308,18.50466678690064,0,4,0,grocery,21,mobile,0
13481,88.18247589517536,5.1363011966081595,1,3,0,electronics,7,mobile,1
13482,305.1013804317186,3.095107800681684,0,6,1,travel,7,mobile,1
13483,84.67389088208806,1.8211189791429887,0,5,1,luxury,3,web,1
13484,275.62129119128855,1.257189238718185,0,5,1,luxury,23,web,1
13485,126.53932144020669,1.1971647205878024,0,7,0,travel,1,web,1
13486,198.3907730293832,2.63129872,1,7,0,clothing,15,web,1
13487,290.20101513296896,24.009792591656808,0,9,0,electronics,2,mobile,1
13488,104.36335634456555,0.00427031,0,8,0,luxury,8,web,0
13489,285.3884554378845,1.0982850395764323,0,3,0,travel,3,mobile,0
13490,27.725065383427435,1.0436951222415496,0,2,0,luxury,1,branch,0
13491,432.1531774625245,6.313653404281236,0,1,0,luxury,18,mobile,0
13492,319.58525780850044,2.1730644948273325,0,6,0,travel,22,branch,1
13493,150.32916491021962,3.055631888,1,4,0,grocery,14,web,1
13494,358.87280903874097,0.8045078404836813,0,3,0,luxury,6,branch,0
13495,334.07259749615747,2.595944483857461,0,2,1,luxury,7,web,0
13496,161.0049749,0.5446109874247691,0,2,0,clothing,2,mobile,1
13497,159.69436148572825,3.8075935958056117,0,4,0,grocery,22,mobile,0
13498,73.69360255762568,0.5153621509641935,0,1,0,clothing,14,web,0
13499,167.61899286552637,7.8153577300999055,0,6,1,travel,0,mobile,1
13500,39.38417785538529,4.180490764165113,0,5,0,electronics,15,branch,0
13501,273.2613718923564,6.436190103337763,0,9,0,travel,21,branch,1
13502,277.35028583649466,2.7108624369535117,0,2,0,grocery,2,branch,1
13503,28.223346349329976,2.4022200501660014,0,9,0,travel,1,web,1
13504,404.9877044287881,0.5168618502533976,0,9,0,grocery,14,branch,0
13505,96.84409436771556,3.710170621011435,0,9,0,clothing,3,branch,0
13506,861.8145699521218,3.6129022514331757,0,4,0,luxury,13,branch,0
13507,190.94790055574094,3.1565181045706647,0,5,0,travel,8,branch,1
13508,407.62122142943974,6.745346741848397,0,8,0,travel,21,branch,1
13509,71.55876860732113,8.933990984559628,0,8,0,luxury,8,branch,1
13510,126.31781735635663,6.947290300681274,0,1,0,travel,13,web,0
13511,103.9245993373751,0.7766403631176348,0,1,1,travel,14,branch,1
13512,38.624722149550635,4.865092638597553,0,6,1,electronics,23,web,0
13513,50.70587596176643,0.41866436230654275,0,7,0,electronics,4,web,0
13514,145.87454415275255,5.9310293336363715,0,2,0,luxury,23,web,0
13515,213.25318639235897,2.4050324693052905,0,2,1,clothing,1,branch,0
13516,64.73632009726444,0.7106928200529596,0,5,0,travel,23,branch,0
13517,120.18699626080634,9.904350953,1,9,1,travel,16,web,1
13518,87.78802427791447,4.759697567392435,0,5,0,clothing,10,web,0
13519,153.4793498582619,2.1903932339439267,0,8,0,travel,12,branch,1
13520,258.9548531724953,0.1560457918518576,0,8,1,clothing,11,mobile,1
13521,174.3163790451252,3.8534927767825238,0,5,0,luxury,2,mobile,1
13522,100.23195662985694,12.834438275341292,0,8,0,luxury,22,mobile,0
13523,326.6275787864882,4.536405116118644,0,8,0,clothing,19,branch,1
13524,208.29383017825026,17.81574788001024,0,5,1,clothing,12,web,1
13525,178.1547318131176,0.733523871,0,5,1,grocery,14,mobile,1
13526,65.49622708638843,4.200181004468785,0,4,0,electronics,10,web,0
13527,303.5417028337885,8.000534114039954,0,1,0,electronics,15,branch,1
13528,223.5168166747283,3.7278975235648626,0,9,0,travel,6,web,1
13529,231.85258572552092,0.4774159317765752,0,2,1,travel,0,mobile,1
13530,135.1062768,4.371978584797843,0,1,0,clothing,22,branch,0
13531,116.69440062200285,4.730373335002851,0,6,0,clothing,18,web,0
13532,502.5096105335173,6.522820747,0,5,1,electronics,17,branch,1
13533,115.26619585725717,7.160885598,0,1,0,travel,8,mobile,0
13534,53.884474510893995,7.3652056992796044,1,7,1,electronics,17,mobile,1
13535,184.8284965113433,5.4449594716697405,1,7,0,luxury,2,mobile,1
13536,159.979769,1.2155272698891326,0,3,0,electronics,2,branch,1
13537,336.6584112242544,2.5895512683086053,0,8,0,electronics,3,branch,1
13538,143.2693448629967,7.483448152071057,0,6,0,clothing,15,mobile,1
13539,253.20596373953634,15.333669742482739,0,4,0,travel,10,branch,1
13540,423.49604283060796,0.4111883002984313,0,3,0,luxury,22,branch,0
13541,214.27574852186964,3.834363428671845,0,1,0,electronics,22,mobile,1
13542,68.56029584857659,1.8736292230983274,0,2,0,electronics,14,mobile,0
13543,218.63837253663422,1.2770031478168329,0,2,0,clothing,8,web,0
13544,121.85835877934983,3.524183017336375,1,5,1,grocery,7,mobile,1
13545,194.1686121723529,4.6581557403902245,0,4,1,travel,21,branch,1
13546,160.89236058291993,0.049101465,0,2,0,travel,5,web,0
13547,52.77951872281225,7.575335691419997,1,9,0,travel,20,branch,1
13548,142.64709555712204,8.57071908,1,7,1,electronics,17,web,1
13549,65.07269711916355,16.83554879884334,0,8,0,electronics,5,branch,1
13550,108.27396120098219,0.9961814377371592,0,8,1,electronics,5,web,1
13551,302.8614404076242,4.513820187033508,0,2,0,grocery,11,web,0
13552,170.49508483765678,2.7810798871499576,0,5,0,electronics,4,branch,0
13553,242.65818874121533,2.0385470099286045,0,3,1,travel,13,web,0
13554,180.89380831857997,4.169332596995674,0,9,0,travel,5,branch,1
13555,128.79955150683097,7.625095352178118,0,9,0,clothing,20,branch,1
13556,194.5683852677056,0.11661327221520473,0,6,0,grocery,19,web,1
13557,32.66090721,17.43379474332061,0,4,0,luxury,18,mobile,1
13558,273.91956001263696,8.300540839114621,0,8,0,electronics,13,mobile,1
13559,80.35256866239382,6.954599284163225,0,5,0,luxury,0,mobile,1
13560,232.10559818916795,7.143658760547531,0,3,0,electronics,19,branch,0
13561,124.80511852258871,2.463788429125859,1,8,1,grocery,22,branch,1
13562,52.81317394822166,6.963988326074933,0,6,0,grocery,6,mobile,0
13563,92.9967345,2.445077748365143,0,5,0,travel,6,branch,1
13564,232.95289442260184,11.448681446486757,0,1,0,grocery,13,mobile,0
13565,610.7982246821488,0.9753466269873295,0,3,1,luxury,19,branch,0
13566,153.23462744947693,1.7290100894766423,0,7,0,luxury,15,branch,1
13567,564.1730191324265,4.0074221971701665,0,3,1,grocery,11,branch,1
13568,32.566852044389044,1.922514560147768,0,1,0,luxury,22,mobile,0
13569,132.5324807734347,2.7602979366351112,0,8,0,electronics,10,web,1
13570,153.32953907075975,3.3905312175388236,0,7,0,clothing,17,branch,1
13571,241.57850512320772,9.701994030699039,2,5,0,travel,11,branch,1
13572,96.10429345997026,3.7032095836845413,0,5,0,clothing,23,mobile,0
13573,207.76026253407065,2.2506901068373955,0,6,1,luxury,9,mobile,0
13574,137.76388412760392,1.4233408543313653,0,7,0,travel,23,branch,1
13575,369.5127412024382,2.626955762901807,0,3,1,clothing,4,branch,1
13576,184.95124049733303,3.6256264102044664,0,4,0,clothing,23,web,1
13577,815.8295585554123,6.854366539737693,0,1,0,luxury,1,branch,1
13578,138.62665929260257,0.645129367,0,7,0,travel,9,branch,1
13579,353.5131571689325,1.2526327609357035,0,2,1,travel,23,branch,0
13580,430.7283583945074,2.3873895883366116,0,7,0,clothing,15,web,1
13581,8.524921949208258,2.234549022331069,0,6,0,travel,5,branch,0
13582,271.5131368826112,2.4858307661504218,0,4,0,travel,5,web,1
13583,134.71614677967492,7.887789241749764,1,2,0,electronics,19,mobile,0
13584,60.19643557172998,1.9589531788837196,0,7,1,luxury,23,branch,1
13585,373.8596325399389,3.4847538291660545,0,7,0,luxury,22,branch,0
13586,100.87388822635333,4.889594566,0,5,0,electronics,11,branch,0
13587,30.485933636803146,1.3209903004102173,0,9,0,clothing,8,branch,1
13588,188.27018681027846,6.341585826414211,0,3,1,grocery,16,web,1
13589,411.6145580109391,3.9605446131723276,0,9,0,clothing,9,mobile,1
13590,60.961635088257836,2.9600081442591772,0,5,0,electronics,7,mobile,0
13591,296.6282821470634,8.297975755001048,0,2,0,travel,23,web,0
13592,21.87718634,1.3952323949949161,0,9,0,electronics,8,web,0
13593,431.3291030130575,10.735432493529927,0,1,0,luxury,6,web,0
13594,217.341116,4.116834432861369,0,1,0,travel,9,web,0
13595,55.001850083206584,4.6974754044437015,0,7,1,clothing,23,branch,1
13596,278.15011659143437,10.399566831615605,1,3,0,travel,0,branch,1
13597,105.72614043363295,8.507291463695797,0,8,0,luxury,18,web,1
13598,73.76570405812193,4.601017745116957,0,7,1,electronics,21,branch,1
13599,103.81187133973657,6.995635829294137,0,7,0,clothing,10,branch,0
13600,258.8754516222133,2.839798044517761,0,1,0,grocery,22,mobile,0
13601,69.56411096353841,3.963486971583251,0,1,1,grocery,19,branch,0
13602,12.87351317258367,0.3204005269093819,0,2,1,electronics,9,mobile,1
13603,108.33185099063112,0.470772788,0,2,0,clothing,1,branch,1
13604,384.23999431270147,8.842912829177275,0,5,0,clothing,13,mobile,1
13605,380.7862817143359,0.30763081122280944,1,9,0,travel,11,mobile,1
13606,103.68837226794072,0.9280294754616568,0,7,0,electronics,3,mobile,1
13607,100.60379039929634,7.944076610684708,0,2,0,travel,21,mobile,0
13608,95.41102385511451,0.005733039,0,5,1,electronics,12,web,1
13609,91.84416310120125,1.6592450032482398,0,5,0,luxury,19,branch,0
13610,97.34596405,4.385814752533696,0,8,0,electronics,9,web,0
13611,195.03353284725443,4.524898856642336,0,9,0,travel,1,branch,0
13612,390.5054222511318,7.506347149203194,0,8,0,clothing,16,web,0
13613,69.45789273898764,3.525352452656053,0,2,0,electronics,9,branch,0
13614,81.84474417770254,3.5606497893408444,0,4,0,clothing,22,web,1
13615,211.6813076343177,6.460570925660041,0,2,0,luxury,15,web,0
13616,269.3970628885631,3.4519994218449987,0,6,0,grocery,8,mobile,0
13617,39.37282046680294,4.688734982061417,0,4,0,grocery,18,web,0
13618,489.1871904883648,11.40284949062205,0,7,0,travel,10,mobile,0
13619,125.35908132115823,2.566234493541994,0,2,0,electronics,5,mobile,0
13620,43.437105024820475,2.431681996029456,0,9,0,luxury,3,web,1
13621,37.36023592940257,0.017776522382149704,0,5,0,luxury,15,branch,0
13622,34.98905090452965,4.752163219772558,0,1,0,clothing,11,web,0
13623,348.9078045668883,0.15112044062237504,0,3,0,travel,23,mobile,0
13624,171.56042901960916,3.5073938576546864,0,4,0,luxury,23,mobile,0
13625,351.0865292857642,8.154170664449925,1,3,0,electronics,15,web,1
13626,147.80749635463445,3.9916615637657875,0,6,0,luxury,22,web,0
13627,344.41241120262043,1.5710623259442722,0,6,0,grocery,21,web,0
13628,144.94635341245137,7.712832949693077,0,7,0,travel,2,web,1
13629,240.8535335282583,1.5716157716112622,0,9,0,clothing,11,branch,1
13630,155.7222979254446,6.603128287132059,1,9,0,electronics,14,mobile,1
13631,138.1405247985753,4.711357325804265,1,7,0,grocery,19,web,1
13632,75.88014430422768,0.9316255822602544,0,1,1,luxury,11,web,1
13633,264.72959170908996,11.776442950682132,0,3,0,travel,8,web,1
13634,61.23537619716345,1.1197423943899674,1,5,0,travel,9,mobile,1
13635,264.4192252005518,22.823536867351358,0,6,0,electronics,22,mobile,1
13636,177.47703036315463,0.036686706,0,6,0,clothing,7,mobile,0
13637,269.4141203912161,1.5291173663170823,0,5,0,grocery,12,web,1
13638,189.1209247970556,1.1148446907636187,0,6,1,clothing,21,mobile,0
13639,370.34857522316094,0.070461205,0,9,0,electronics,14,web,1
13640,224.33835571322766,6.590710016577991,0,1,0,electronics,16,web,0
13641,180.30943832215718,5.911477358308426,0,1,1,grocery,11,branch,0
13642,10.869247074082065,7.859529765262962,1,9,0,travel,15,branch,1
13643,380.56336036178783,1.483267959,0,8,0,travel,10,branch,1
13644,34.55981073436338,2.9379499249711305,0,9,0,grocery,18,mobile,1
13645,47.68782021248893,5.381028825529307,0,7,0,clothing,12,branch,0
13646,287.4064708303712,2.8970259737966475,0,6,0,grocery,2,mobile,1
13647,166.8100009794665,5.9754910071237255,0,9,0,travel,3,web,1
13648,36.22165448124155,5.025246468428363,0,2,0,clothing,23,branch,0
13649,100.48349244014658,0.6088487522677429,0,4,0,luxury,14,branch,0
13650,367.0447743179319,7.594402342238984,0,2,0,clothing,13,mobile,0
13651,184.93058827382737,6.376920830960354,0,6,0,travel,10,mobile,1
13652,169.96541930287088,5.333161530574376,0,1,1,electronics,12,branch,0
13653,90.21775882130866,0.8426471720661173,0,7,0,clothing,19,mobile,0
13654,294.5553135762451,1.559849568300697,0,7,0,clothing,17,mobile,0
13655,151.26988422672946,2.4975909026136693,0,7,0,electronics,12,mobile,1
13656,257.1905838329192,1.6420316202482348,0,4,0,travel,20,web,0
13657,82.2360871,1.2926251083985776,0,8,0,luxury,18,branch,0
13658,612.9722102,8.182958052958714,0,5,0,luxury,3,mobile,1
13659,413.01890038264446,5.083764187889508,0,2,0,grocery,11,mobile,0
13660,183.45456337209725,4.1674759860433035,0,5,0,luxury,2,web,0
13661,214.21440944206762,1.2806115508497087,0,9,0,luxury,15,web,1
13662,101.30439695186509,12.509850770386496,0,1,0,clothing,0,web,0
13663,271.8161423,1.0609132052119232,0,2,0,grocery,3,web,0
13664,14.579111622300047,7.9225298820456045,0,8,1,luxury,8,branch,0
13665,484.1875059113096,17.006887,0,5,0,clothing,22,branch,0
13666,260.74215752739923,6.4931160449264445,0,9,0,grocery,12,mobile,0
13667,68.14249958208629,24.709354872867383,0,6,0,clothing,21,branch,1
13668,476.33109702833343,5.264149172462834,0,8,0,electronics,9,mobile,0
13669,578.5918929931838,1.2260533937575866,0,1,0,travel,8,branch,0
13670,222.71163842369637,1.1396467607881657,0,9,0,travel,19,branch,1
13671,83.48639276881194,1.9619864577576054,0,9,0,travel,5,branch,0
13672,172.00605348356729,0.035777801441940184,0,3,0,luxury,18,mobile,1
13673,246.17822913725894,5.723780690899154,0,1,0,travel,2,mobile,0
13674,209.43304430604135,1.5644372773890438,0,8,0,travel,9,web,1
13675,68.15203516001084,8.441951947720446,0,8,0,grocery,9,mobile,0
13676,243.01468163580316,2.2249760199392727,0,9,0,grocery,23,web,0
13677,364.1528987714138,3.2692140224489856,0,6,0,grocery,20,mobile,0
13678,53.72665583055524,16.861434223277534,0,9,0,luxury,23,mobile,0
13679,60.244954039942996,1.3864949719275792,0,9,1,travel,1,branch,1
13680,97.76243179909963,6.387273278076791,1,4,0,luxury,12,mobile,1
13681,140.52048369002276,7.034889783604102,0,5,0,luxury,6,branch,1
13682,299.7869399947509,1.248709339663581,1,6,0,luxury,12,mobile,1
13683,361.42507501809035,3.475714218980974,0,6,0,luxury,13,web,1
13684,80.27334023,2.1554680934157457,1,2,1,luxury,17,mobile,0
13685,193.78722199873687,7.389992606975761,0,4,0,luxury,13,branch,0
13686,351.5904487871555,4.870702616333844,0,9,0,travel,22,branch,1
13687,635.7857274250855,3.2311562856578364,1,7,0,grocery,12,branch,1
13688,193.03491370670832,7.556188315618392,0,9,1,clothing,18,branch,1
13689,200.98936929051163,1.3404141266203626,1,6,0,clothing,7,mobile,1
13690,223.70212374452709,7.004439261693535,0,7,0,clothing,3,branch,1
13691,128.91759674902357,10.026285168580173,0,9,1,electronics,8,branch,1
13692,182.17445151766387,10.544211570515733,0,4,1,grocery,11,mobile,1
13693,19.909298097206378,7.654834342492421,0,9,0,travel,19,branch,1
13694,101.77994922360875,2.6213628756239746,0,3,0,luxury,1,web,0
13695,240.31997829922892,20.03387295377951,0,8,0,clothing,3,web,0
13696,76.09168889025814,2.3869030122140478,1,3,0,grocery,20,branch,0
13697,304.66093167194236,5.089200915229464,0,3,0,travel,23,web,1
13698,29.64090190352966,0.8781649445102648,0,3,1,clothing,18,branch,1
13699,296.5674055,19.673618292015863,0,9,0,grocery,8,mobile,1
13700,296.01302683789663,6.086741322605241,0,3,1,travel,8,web,1
13701,643.2060526662626,6.999483175,0,6,0,grocery,10,web,1
13702,124.79256065434727,0.34019896875186534,0,4,0,luxury,9,mobile,0
13703,166.92200651324578,7.207298114183011,0,2,0,grocery,2,web,0
13704,453.2162247,7.452132140828931,0,3,1,grocery,7,branch,1
13705,415.1743748238175,5.5702450155764325,0,5,0,electronics,21,branch,0
13706,336.0800976,1.7259176464942858,0,4,0,luxury,10,web,0
13707,214.7123565488116,3.3636848870325182,0,5,0,grocery,5,mobile,0
13708,445.0665263799473,0.5851099652254788,0,1,1,luxury,17,branch,0
13709,793.3305389469526,3.189386149170174,0,4,0,grocery,7,branch,0
13710,256.41882862649277,1.3974046536844482,1,3,1,luxury,22,web,1
13711,173.1163587661326,2.146973143309943,1,2,0,travel,1,mobile,0
13712,278.4135835,0.8872695655082684,0,7,0,clothing,19,branch,0
13713,191.0113413966681,1.3071768704536721,0,9,1,electronics,4,mobile,1
13714,133.8558845165589,0.3982940500506711,0,1,0,clothing,9,web,0
13715,305.55811468246696,12.622482420954634,0,7,0,grocery,17,web,0
13716,110.35092528713429,3.7794838523522505,1,1,0,grocery,11,branch,1
13717,252.71229442275686,2.5270513271397825,0,5,0,travel,22,mobile,0
13718,37.921874742399616,3.8289034926345655,0,1,0,grocery,20,mobile,0
13719,498.5257264889861,4.948249921,0,3,0,luxury,1,web,1
13720,85.64585518257921,12.747468636160391,0,8,0,clothing,9,web,1
13721,46.81367335640444,0.9842912355215567,0,4,0,grocery,11,web,1
13722,405.6347726352049,1.7517073470983993,0,1,0,travel,18,web,1
13723,457.1931553199912,18.60481047969219,0,1,0,electronics,4,web,0
13724,211.5186026959491,2.3196544219027815,1,8,0,clothing,9,branch,1
13725,154.68687821298454,0.11410029470034821,0,8,0,travel,0,branch,1
13726,127.26285796628898,0.7987520190040899,0,4,0,travel,6,mobile,1
13727,203.16243551755795,0.13345889442285963,0,4,0,clothing,0,branch,0
13728,161.51362048082106,22.987569065152947,0,2,0,travel,21,branch,1
13729,146.53176885151092,1.6346851506294755,0,2,0,electronics,21,branch,0
13730,77.59842699587222,12.85511804299722,0,6,0,electronics,16,mobile,0
13731,58.34854902593769,27.46713259791853,0,8,0,grocery,11,branch,0
13732,178.21645515481487,4.579469317473076,0,7,0,luxury,6,mobile,0
13733,198.59899237500406,0.16879909342325247,0,7,0,grocery,7,mobile,1
13734,90.08994485536417,0.4255657010185392,0,3,0,luxury,2,branch,1
13735,101.71110401526897,3.284935106674594,0,2,0,clothing,14,branch,0
13736,198.24629581723735,2.6058279279155667,0,7,0,travel,11,branch,1
13737,75.73970436513733,4.659272428228661,0,4,0,grocery,16,web,0
13738,344.9803027949061,2.8888156315665583,1,1,0,travel,1,mobile,1
13739,245.5825701396691,13.596327991387193,0,1,0,grocery,16,mobile,0
13740,89.34865154,3.8257913909924084,0,4,0,grocery,3,web,1
13741,236.72737788063012,5.916376768,0,5,0,electronics,6,web,1
13742,77.45923154881342,11.34020691545117,0,5,0,luxury,14,branch,0
13743,296.96911400986176,0.7942276929425401,1,1,0,clothing,20,web,1
13744,80.28204869656976,1.305101092281076,0,3,1,travel,15,web,1
13745,152.32084105588712,0.5676280221259851,0,6,0,grocery,5,web,0
13746,186.4788535885362,0.7520125604695838,0,7,0,travel,4,mobile,1
13747,452.57798299697373,3.5931862162215893,0,1,0,electronics,15,web,0
13748,85.04463238330051,1.9369909532453704,0,8,0,clothing,0,branch,0
13749,81.94548340869328,2.751063029604524,0,4,0,luxury,14,mobile,1
13750,40.554808391400684,20.224867632259603,0,9,0,luxury,19,mobile,0
13751,543.0097306,0.8521883405394033,0,6,0,grocery,4,web,1
13752,171.20080730356037,3.8914786045172685,0,1,0,clothing,12,web,0
13753,350.6835257522729,0.5205351471871178,0,2,1,luxury,13,web,0
13754,103.26755695671139,1.9172680906133004,0,3,0,clothing,1,web,0
13755,111.64025986715929,3.748861992366299,0,2,0,travel,1,branch,0
13756,160.8073176654383,14.652696017651852,0,7,0,electronics,18,web,0
13757,164.53683151463053,2.481559145497963,1,1,0,clothing,18,branch,1
13758,271.3632566652451,0.33554482263708585,0,9,1,clothing,11,web,1
13759,175.0195050285113,2.456434175644481,0,2,0,luxury,22,web,0
13760,123.13010036232662,0.7876052918186813,0,4,1,grocery,16,branch,1
13761,549.7299130128725,1.3067563749674858,0,8,0,grocery,1,web,1
13762,76.63104823964846,4.812859659680326,0,3,0,travel,10,mobile,1
13763,85.46286673718856,0.34902242987567217,0,9,0,luxury,16,branch,1
13764,77.63451437319111,3.1248616094383497,0,7,0,luxury,13,branch,1
13765,278.80359165430974,4.701144716246391,0,3,0,electronics,8,mobile,1
13766,231.5293255599666,2.7396822220618526,0,3,1,grocery,18,branch,1
13767,147.0259136,0.096558127,0,5,0,luxury,18,web,1
13768,74.02332166106855,21.174712401126236,0,5,0,travel,0,branch,1
13769,185.87712731831752,2.2873388017884224,0,5,1,electronics,4,branch,1
13770,306.3975845791259,7.538406119836917,0,9,0,grocery,18,mobile,1
13771,465.02902810174345,1.9700040663218035,0,9,1,grocery,1,branch,1
13772,99.50699999,3.2219446749130434,0,6,0,grocery,13,web,1
13773,146.62051488972224,2.4589043477437853,0,7,0,electronics,18,branch,1
13774,229.91410638074683,2.096850906818097,0,8,0,travel,23,branch,1
13775,122.1084548088755,0.11046827223886736,0,9,0,travel,7,mobile,0
13776,47.70940049412606,2.2315990928062077,0,6,0,luxury,16,mobile,1
13777,147.20563419467388,11.013245887536154,0,8,0,luxury,1,branch,1
13778,54.16745950272068,5.862263106638811,0,2,0,grocery,16,web,1
13779,324.6965135909293,0.7857425221395918,0,8,0,clothing,7,mobile,1
13780,130.26205322933023,4.472095895898754,0,2,1,luxury,13,mobile,1
13781,158.90278817458426,11.138819659440637,0,8,0,travel,16,web,0
13782,87.48256036983261,6.020431403234908,0,2,1,grocery,5,mobile,0
13783,163.70852847356278,0.8048617618348174,0,3,0,travel,10,branch,0
13784,392.2182272673518,10.118425983588363,0,7,0,grocery,7,mobile,0
13785,349.2218107399985,1.7944155671062587,0,9,0,electronics,12,web,1
13786,62.74858355,3.0263788570498895,0,3,1,luxury,7,branch,0
13787,4.482313369299144,3.7342459171494493,0,5,0,electronics,6,web,0
13788,148.10700901736428,9.502515317849907,0,9,0,luxury,23,web,1
13789,130.9890579411141,13.412460192699696,0,7,1,travel,23,web,1
13790,124.56358257560454,13.27156701509151,0,2,0,travel,2,web,0
13791,105.05324119032157,0.039929923,0,5,1,clothing,1,mobile,1
13792,61.36136437965154,12.748089006595965,0,5,1,travel,11,mobile,0
13793,672.1850228930214,0.2796092429300739,0,9,1,grocery,3,mobile,1
13794,542.6860042261077,1.5446896422258791,0,2,0,clothing,4,mobile,0
13795,120.23210983934239,3.617906732799559,1,1,0,grocery,15,branch,1
13796,183.90719667586245,3.268917859279694,0,4,0,clothing,1,mobile,0
13797,328.6791042573593,4.640675424104796,0,4,0,grocery,23,web,0
13798,183.45251850862473,3.264310446607584,0,1,0,clothing,23,branch,0
13799,112.40369904777954,13.619044572747185,1,7,0,luxury,12,mobile,1
13800,48.60676878687337,1.375796376,0,2,1,luxury,3,mobile,0
13801,168.24970572564672,1.6011963928146988,0,9,0,clothing,4,branch,1
13802,54.99521272727866,12.674978234041323,0,7,1,electronics,11,mobile,1
13803,374.3883009282853,0.39921933667140636,0,7,0,clothing,14,web,1
13804,162.53436768336203,4.7024153787543215,0,1,0,electronics,4,web,0
13805,243.34070650478702,5.724369506633521,0,9,0,grocery,4,web,1
13806,127.8278806446341,3.521462532317229,0,9,1,clothing,15,web,0
13807,298.2942161449689,5.924641191086844,0,2,0,electronics,8,mobile,1
13808,97.69725010791812,0.9482697420444984,0,9,0,clothing,14,web,0
13809,207.15825874181348,9.574119993295724,0,2,0,luxury,3,mobile,1
13810,123.9978650961292,0.7542638082867812,0,2,0,luxury,16,mobile,1
13811,139.6430810458971,2.5609030760599776,0,8,0,clothing,23,mobile,1
13812,325.74750908175133,0.39120034077715626,0,3,1,clothing,0,mobile,0
13813,86.88322056765965,3.9396093857963814,0,3,0,travel,15,branch,1
13814,217.66443728232906,5.539463202535176,0,7,0,luxury,22,branch,1
13815,404.67644579179574,14.16990717791471,0,6,0,grocery,19,branch,1
13816,317.6547569044708,6.722619044,1,7,0,clothing,16,web,1
13817,100.1356073,3.8946465645837853,0,6,1,travel,3,mobile,1
13818,239.5445062310977,13.486813866071996,0,9,0,clothing,22,mobile,0
13819,29.67020702528566,3.2546244797106487,0,2,1,luxury,12,web,0
13820,333.32034968199747,4.118622168758596,0,8,1,electronics,7,branch,1
13821,791.822708,4.532921555680824,0,6,1,electronics,17,mobile,1
13822,208.75485700134396,2.637991898843195,0,4,0,luxury,12,web,0
13823,418.16671098961564,9.115714815,0,6,1,grocery,8,branch,0
13824,46.33684085582357,1.023915324646675,0,6,0,travel,4,web,1
13825,67.78767320810368,4.046632156516345,0,3,0,clothing,10,web,1
13826,127.44470885770215,6.404867842624567,0,8,0,clothing,13,mobile,0
13827,147.10907354834458,11.715794543471123,0,5,0,clothing,23,branch,1
13828,209.71919599882756,10.767309280931538,0,4,1,travel,17,branch,0
13829,100.55176655104499,3.5539117446535378,2,2,0,travel,17,mobile,1
13830,185.35379948697084,5.152359218253734,0,1,1,luxury,19,branch,0
13831,325.30550380030763,2.506338369,0,7,0,travel,15,web,1
13832,238.91846738220715,3.157229931151044,0,3,1,clothing,3,web,0
13833,124.12783729053416,11.836460412170664,0,3,0,clothing,18,web,0
13834,281.9500042042126,13.34683998135751,0,3,1,travel,4,mobile,0
13835,119.83563180603277,11.28873067364925,0,3,1,travel,1,branch,0
13836,177.81894631498983,0.7446516750912422,0,2,0,luxury,16,mobile,1
13837,313.95488527402574,9.488401420141875,0,6,0,electronics,3,mobile,0
13838,144.07829997553932,14.817654831117535,0,3,0,travel,5,mobile,1
13839,54.22620226,2.241208296508415,0,1,0,electronics,21,mobile,0
13840,174.0998312075037,3.6557645704852195,0,9,0,grocery,17,branch,1
13841,315.86004617454955,7.550118460796166,0,6,1,electronics,5,web,1
13842,335.8507535560081,4.128573903944012,0,6,0,travel,19,web,1
13843,65.21575637196074,25.167105939832517,0,9,0,clothing,14,web,1
13844,274.1405316269248,3.041396343026101,1,2,0,clothing,0,branch,0
13845,137.40069926197805,6.2578158887901605,0,9,0,travel,16,branch,0
13846,436.79586116262846,7.865316328319695,0,3,0,luxury,1,branch,0
13847,55.350385677654224,3.407085397519971,0,3,0,travel,3,web,0
13848,270.54282417649233,9.723987041802829,0,3,0,travel,23,branch,0
13849,125.7873688734835,3.9499932409709286,0,1,0,luxury,2,web,0
13850,101.90289661610305,2.6521731218590068,0,7,0,luxury,20,web,0
13851,323.62243092022777,0.5704574544169786,0,7,0,grocery,2,mobile,0
13852,358.75367213386465,2.4995403251858663,0,2,1,grocery,23,branch,0
13853,20.48508390194162,6.620100533752243,0,6,0,grocery,13,mobile,0
13854,327.58511835540077,12.709697393718296,0,4,1,luxury,19,branch,0
13855,157.98550658588584,1.4496189418374548,0,7,0,electronics,7,branch,0
13856,170.4092454754506,2.1943508600771127,0,7,0,travel,7,mobile,1
13857,52.39140509626042,0.835949071,0,4,0,grocery,8,branch,0
13858,258.0984681,5.867588107614962,0,3,0,electronics,17,branch,0
13859,682.9670994317487,16.117988528347716,0,7,0,travel,6,branch,1
13860,107.28152067530542,5.121499035024718,0,9,1,electronics,9,web,1
13861,381.9914624,4.799600635,0,4,1,clothing,0,web,0
13862,165.67599097177984,4.031466634245904,0,6,1,clothing,3,branch,1
13863,110.91997278596493,0.4630756473562739,0,7,0,travel,19,mobile,1
13864,42.72219918388173,6.537486632802362,0,3,0,electronics,3,web,0
13865,418.7091541980287,4.607138813629564,0,5,0,electronics,22,web,0
13866,181.4290025614778,5.415812796567404,0,1,0,luxury,13,branch,0
13867,115.74115552888631,11.453830715161967,0,6,0,grocery,4,web,0
13868,132.11868977824884,7.6614767319521935,0,5,0,travel,4,mobile,1
13869,272.7210088762128,7.591483237791827,0,7,1,electronics,18,mobile,1
13870,115.58497533121343,13.099081968381212,0,9,0,grocery,20,mobile,1
13871,73.43339028374257,22.993431987736376,1,4,1,travel,4,mobile,1
13872,152.41881755153267,4.352796823875647,0,9,1,electronics,23,web,1
13873,148.79973065682336,0.5763899696503284,0,6,0,clothing,10,web,1
13874,146.25033755781544,3.072880771242086,0,5,1,electronics,1,mobile,1
13875,116.8551353171605,7.746446936413067,0,2,0,clothing,14,web,1
13876,390.8811822862535,0.14058463374254485,0,1,0,clothing,13,branch,0
13877,844.8002745654425,0.2928481899809461,0,8,0,luxury,13,branch,1
13878,65.36832701366058,0.34759602693252895,0,6,0,luxury,7,branch,0
13879,16.616204430908244,6.565884194024338,0,7,0,grocery,19,branch,0
13880,138.10070032363114,3.477415819861373,0,6,0,travel,7,branch,0
13881,19.39989781,2.3014384591689074,0,7,1,grocery,4,mobile,1
13882,38.37473720921278,0.5581061726211825,0,9,1,luxury,4,web,1
13883,108.86359597035651,6.5883257826018955,0,5,0,grocery,13,mobile,0
13884,271.3432265578846,1.935816639590712,1,1,0,travel,4,mobile,1
13885,136.84473732484253,1.5416289432601624,0,1,0,travel,8,mobile,0
13886,11.134344590939717,5.282352329892921,0,9,0,electronics,21,web,1
13887,135.42297997721312,4.093675518032082,0,5,0,grocery,10,branch,1
13888,143.57147409391303,2.25030421,0,2,0,luxury,16,mobile,0
13889,145.47157283432983,5.128958353073872,0,3,0,electronics,11,web,1
13890,352.50547301169195,1.5819273099531894,0,1,0,grocery,11,mobile,0
13891,313.2324563430213,7.919588251330675,0,6,0,travel,23,web,0
13892,176.16946002173958,1.3024033746826364,0,6,0,luxury,15,mobile,1
13893,598.4811752497104,0.8648532379804736,0,3,0,grocery,0,branch,1
13894,108.61283882294244,7.626389451160518,0,3,0,travel,17,web,0
13895,150.86090498776525,6.153158935868323,0,7,0,travel,5,mobile,1
13896,163.53662651533182,1.0083719576049073,0,1,0,grocery,4,branch,0
13897,42.229006120970105,0.617881279,0,5,0,grocery,17,branch,1
13898,166.1760373447058,9.113127462,0,3,0,luxury,12,web,0
13899,34.130224658698936,7.4939229913198755,0,5,0,electronics,5,branch,1
13900,94.74359743369642,1.9819622498490346,0,4,0,travel,6,web,0
13901,182.20892846746722,5.367609627857725,0,6,0,electronics,2,web,0
13902,49.69340183403611,0.6628603306143511,0,9,0,electronics,10,branch,0
13903,213.01988308848547,3.5367139055437087,0,2,0,travel,7,branch,0
13904,82.11805503,0.094539628,0,8,0,grocery,3,web,1
13905,123.7749995836249,2.484629050944094,0,2,0,travel,9,branch,0
13906,240.61191735063034,0.38895816585664106,0,4,0,electronics,8,web,0
13907,156.2716855365591,3.223186994249842,0,9,0,luxury,22,branch,1
13908,209.44227203658937,2.7381538897202855,0,4,1,travel,12,web,0
13909,230.08586471840232,2.9383985928479133,0,7,0,luxury,18,branch,0
13910,154.2943549488026,0.23195455914475588,0,5,0,grocery,14,branch,0
13911,218.30052304580678,2.244079152100656,0,2,0,grocery,4,mobile,1
13912,93.37508989682883,7.062860053,0,8,0,luxury,12,mobile,0
13913,238.5031486714186,2.3015686286615047,0,2,0,luxury,11,web,0
13914,138.80721447545358,6.2793481164378315,0,3,1,travel,8,mobile,1
13915,397.7290966130512,2.306041895,1,7,0,grocery,23,mobile,1
13916,185.0779248187032,2.7516403759338024,2,5,0,luxury,7,web,1
13917,105.21221317328494,4.149328093019612,0,3,0,clothing,8,branch,1
13918,241.5065646419933,15.047324358368417,0,2,0,travel,20,branch,0
13919,409.41730568057693,0.5762711911948183,0,6,0,travel,12,web,1
13920,113.39720253803398,0.16733806710515176,0,1,0,clothing,8,mobile,0
13921,97.96707492,4.681921100909566,0,8,0,grocery,5,branch,0
13922,5.668752020749115,14.889175825425763,0,5,0,luxury,5,mobile,1
13923,184.73596732730712,22.889298943069825,0,5,0,luxury,10,web,0
13924,127.99808190886044,3.309834365354166,0,2,0,grocery,9,mobile,0
13925,240.7878159607851,3.156326122516547,0,7,0,clothing,13,web,1
13926,244.51948710857613,5.177677202375084,0,5,0,clothing,5,web,1
13927,44.27136010155323,4.055542179038394,0,8,0,clothing,6,branch,0
13928,312.28664789279077,5.026812845511909,0,5,0,travel,8,web,1
13929,86.04183855,10.357344064089952,0,9,0,luxury,2,branch,0
13930,113.9280307361972,6.858135653579921,0,5,0,electronics,11,web,0
13931,213.91125280532495,3.4346069224190208,0,3,1,travel,15,branch,0
13932,61.27747452150031,3.0982240780335433,0,2,0,travel,12,mobile,1
13933,98.83450915486493,5.102728024249727,0,5,0,luxury,5,web,1
13934,55.90538054144599,3.041331297423099,0,5,1,grocery,12,mobile,0
13935,331.1461308477026,3.0604112969985495,0,6,1,luxury,4,web,1
13936,122.18464326618172,0.08220153,0,2,0,grocery,3,web,0
13937,50.628336154748474,0.9561907833440165,0,5,0,luxury,7,web,0
13938,54.314149646355446,3.352171803021906,0,1,0,travel,2,branch,0
13939,294.46442993529524,8.648248010213782,0,3,0,clothing,1,branch,1
13940,79.27557489482012,1.6336879095677783,0,3,1,travel,19,mobile,0
13941,111.76626367238916,3.6974577385312473,0,3,1,travel,18,mobile,0
13942,171.5647746795167,2.115310795792197,0,3,0,electronics,6,web,1
13943,129.25186047810973,0.5535628929229955,0,8,0,travel,11,mobile,0
13944,24.47424156372274,15.886088868259897,0,1,0,travel,3,web,0
13945,259.5053211300466,9.643874457360438,1,6,0,travel,9,web,1
13946,137.10604634393687,0.4087214051727168,0,6,0,electronics,8,web,0
13947,207.6835140083833,6.361030936991295,0,1,0,grocery,11,branch,1
13948,273.1347268345034,2.135333030347094,0,1,0,electronics,10,mobile,0
13949,18.026735860505134,26.34360550639324,0,3,0,clothing,20,branch,0
13950,274.9192075104018,1.8005364229241352,0,8,1,grocery,18,web,1
13951,742.0263071656178,1.3638914078380338,0,6,0,electronics,1,web,0
13952,224.17998811075478,4.195381812120996,0,4,0,clothing,5,branch,1
13953,401.9874208955657,9.012873619399057,1,5,0,clothing,5,mobile,1
13954,323.45721889849517,1.0691779741654819,0,3,0,luxury,0,branch,0
13955,267.84461868918936,6.179085294641515,0,6,0,luxury,6,branch,1
13956,331.40979152463836,0.3168644471705104,0,6,0,travel,11,mobile,0
13957,370.54649312459287,12.562504040263768,0,6,1,grocery,20,web,1
13958,380.6169157925855,0.4227533957601991,0,9,0,electronics,22,mobile,1
13959,54.16748638076786,12.28051015513313,1,8,0,travel,11,mobile,1
13960,345.5095048156702,3.374643246729192,0,6,0,grocery,19,branch,0
13961,135.5234220206953,2.971861529,0,2,1,luxury,20,web,1
13962,389.9404185788134,18.116784492805998,0,4,0,electronics,22,web,0
13963,238.49777889524705,23.221726903960658,0,6,0,clothing,5,web,0
13964,53.37440082406918,5.251655927,0,9,0,clothing,13,branch,0
13965,426.53244857083246,0.6797818918189842,0,2,0,travel,16,branch,0
13966,86.41268723892831,3.527820620129182,0,6,0,travel,16,m,1
13967,130.1997076465255,3.766217657334069,0,7,0,electronics,17,mobile,0
13968,494.5208484010079,3.6123282682079694,0,8,0,clothing,12,branch,0
13969,186.00209654455614,4.213944985761909,0,9,0,travel,12,mobile,0
13970,125.63912182812551,0.094511204,0,5,0,clothing,10,branch,1
13971,157.1796160706885,6.210576706755601,0,9,1,luxury,2,mobile,1
13972,123.46375586424905,6.230824204644122,0,9,1,travel,16,web,1
13973,294.0747293656228,0.6134929715937474,0,7,0,grocery,1,branch,0
13974,126.58744243157332,4.222635341431621,0,2,1,travel,1,mobile,0
13975,161.38681264522384,4.2008305544652025,0,8,0,luxury,6,branch,1
13976,253.13463593933312,5.735606579799889,0,5,0,electronics,21,branch,0
13977,233.3918286740414,0.446329722,0,8,0,clothing,9,mobile,1
13978,92.89324509997682,4.924230646219539,0,2,1,electronics,13,mobile,1
13979,296.57991296518423,1.6477449437463967,0,7,0,travel,20,branch,1
13980,108.47284276422975,3.5362608543650036,0,5,0,grocery,18,branch,0
13981,66.39311731807518,7.421158103,0,4,1,electronics,16,mobile,1
13982,27.412760485222915,6.114859690718597,0,6,0,grocery,15,web,0
13983,144.7866337073964,0.6329378850686642,0,5,0,travel,16,web,0
13984,34.61264760001882,4.472460136362535,1,6,0,grocery,17,web,1
13985,81.80588144436946,17.38767110066619,0,9,0,grocery,10,branch,0
13986,164.58103192632973,0.8525742790354232,0,1,0,luxury,18,web,0
13987,365.0635285338379,9.583454177885775,0,1,0,electronics,10,branch,0
13988,133.0134037329515,6.062513411822134,0,6,0,travel,9,mobile,1
13989,43.23789420664526,7.4361746935501785,0,2,0,luxury,13,web,1
13990,153.09215648359373,1.6561383571343902,0,8,0,grocery,13,mobile,0
13991,355.4097142972612,1.697606908372873,0,7,0,luxury,9,web,0
13992,130.54261606534942,11.823337472401557,0,6,0,luxury,20,web,0
13993,407.84440316860275,2.230123436034905,0,4,0,grocery,22,mobile,0
13994,163.86086666383082,0.32544211188939487,0,9,0,travel,3,mobile,1
13995,275.65722224656855,4.588918023014798,0,7,0,clothing,9,branch,1
13996,196.48023700279666,0.6666151804717899,0,7,1,luxury,5,mobile,0
13997,394.57283872616154,7.962811583589492,0,5,1,electronics,21,branch,1
13998,624.6449955258798,5.132571410548911,0,1,0,grocery,10,branch,1
13999,113.07888237129005,10.386279867722301,0,2,1,clothing,17,mobile,0
14000,188.01357980143473,7.681802797312228,0,8,0,luxury,5,web,1
14001,364.8834631659161,0.5945576327162095,0,5,0,grocery,20,web,1
14002,201.6169647610112,2.398820956,0,2,0,grocery,14,web,0
14003,25.813302944559734,7.4485116969801135,0,5,0,luxury,5,mobile,0
14004,132.19268460820985,2.7007699083453196,0,8,0,electronics,19,web,0
14005,200.34469713749777,17.943448680485716,0,4,0,grocery,0,branch,0
14006,468.81070868143115,6.654117572313492,0,3,0,grocery,8,mobile,1
14007,180.39390746918164,0.078106481,0,5,0,luxury,13,branch,1
14008,76.91650571136847,10.60072153157613,0,7,0,clothing,2,web,0
14009,203.88900871471884,0.5312756055374421,0,2,0,grocery,0,web,0
14010,437.5328980461911,0.7571602842197425,0,1,0,grocery,13,web,1
14011,98.54799541405694,6.630559078879386,0,5,0,luxury,13,branch,0
14012,109.67135191681963,10.011238172757718,0,7,1,grocery,3,web,0
14013,99.86769943878912,3.843122595951216,0,8,0,luxury,13,branch,1
14014,49.469628624435344,1.7057639975486123,0,8,0,electronics,22,mobile,1
14015,174.32691310577562,2.1640444137589037,1,9,0,luxury,3,mobile,1
14016,159.08334030729273,2.0995141328994986,0,1,1,clothing,10,mobile,0
14017,29.36850583,1.977658816274844,0,7,0,grocery,19,web,0
14018,82.46369817225319,1.3913635439082206,0,8,0,electronics,8,branch,1
14019,192.1062203597915,4.693539326596943,0,6,0,grocery,10,web,0
14020,271.0808541227483,11.53323257532519,0,4,0,grocery,14,mobile,0
14021,324.3637511528033,1.834221045311113,0,7,1,luxury,5,mobile,1
14022,286.67889177887474,1.0332411111434594,0,3,0,grocery,11,web,0
14023,166.44546830920612,9.118655791582855,0,2,1,electronics,12,web,0
14024,41.38228679885113,6.769781218722295,0,6,0,travel,17,web,1
14025,139.24403364027535,13.356448488725157,0,2,0,grocery,22,branch,0
14026,9.577334981439387,0.9047309288816621,0,6,1,luxury,22,web,1
14027,192.79553935736578,0.7788926860222298,0,3,0,clothing,13,mobile,0
14028,95.64275328428344,3.898205031747855,0,2,0,grocery,23,mobile,0
14029,17.39429747162832,4.765209996,0,8,0,luxury,10,branch,0
14030,219.69009224010128,3.271300325409268,0,4,0,grocery,23,web,0
14031,434.016939,4.568553269746259,0,4,0,travel,1,branch,0
14032,35.12640153941627,0.9945708938871157,0,7,0,travel,18,web,1
14033,232.93494575655896,3.265919813389262,0,8,0,electronics,1,mobile,1
14034,120.86490641999839,5.366076122865984,1,9,0,travel,16,web,1
14035,86.34354386916127,2.8343919151779433,0,8,0,luxury,22,web,0
14036,86.51472836502893,5.6885434864765205,0,4,1,travel,7,mobile,1
14037,120.84101523451642,3.000026572465164,0,2,0,luxury,4,mobile,1
14038,120.47631971511433,2.0293227957076128,0,5,0,grocery,10,mobile,1
14039,161.36980879782408,1.8091915925555466,0,7,0,electronics,19,web,0
14040,78.97901757564979,2.645814128016716,0,2,0,electronics,0,branch,1
14041,94.32024719662208,0.11680181838720116,0,4,0,travel,19,web,1
14042,248.7214776126612,5.521016523241378,0,6,0,clothing,15,branch,0
14043,72.63629181921554,9.325059745691274,0,8,0,travel,4,web,1
14044,202.1327601599769,2.1896349054970705,0,6,1,clothing,15,web,1
14045,126.03306342422076,0.23563171019129467,0,6,0,travel,23,web,1
14046,105.73557798930709,21.628457365943234,0,6,0,luxury,4,web,1
14047,528.4317335394459,1.5305763263249412,1,4,1,luxury,9,branch,1
14048,50.63849709,0.6769291075957522,0,3,0,clothing,8,web,0
14049,454.0425518,2.3082134612624707,0,1,0,electronics,21,mobile,0
14050,299.02444767640384,6.707695739,0,2,0,clothing,23,mobile,0
14051,97.82409911442512,1.740109568751692,0,2,1,grocery,18,web,0
14052,304.9901052723932,4.274840050336893,0,7,0,electronics,2,branch,1
14053,4.541308978579082,2.6855057282999164,0,6,0,clothing,8,mobile,1
14054,89.92515947,0.6264783815816587,0,8,0,grocery,21,mobile,0
14055,73.57005350252194,2.0045301761529872,0,9,0,grocery,19,mobile,0
14056,221.59155039899926,6.452567019180951,0,5,1,travel,7,web,1
14057,274.8326700717546,4.73379992,0,3,1,clothing,3,mobile,0
14058,218.98974972077463,0.6379078108755438,1,4,0,luxury,10,branch,1
14059,183.2322864394361,0.8915823974564562,0,8,0,travel,3,branch,1
14060,319.07067979777605,5.118452172242187,0,3,0,electronics,11,branch,0
14061,288.43523881959806,8.394353001010687,0,2,0,luxury,22,mobile,0
14062,95.78398591,2.1498738748490576,1,7,0,grocery,6,mobile,1
14063,105.28801572923823,4.523178974472147,0,4,0,electronics,7,branch,1
14064,277.09384646589336,0.9355264355547259,0,8,0,travel,9,mobile,0
14065,160.1539925789963,1.8653018230192289,0,1,0,grocery,22,branch,0
14066,168.7570468208295,0.10239232704915502,0,8,0,grocery,23,web,1
14067,185.86043087068043,7.311040227,0,5,1,grocery,12,web,1
14068,27.24018684441033,2.562550373060137,0,2,0,luxury,23,web,1
14069,92.06731504944148,8.467511099346831,0,1,0,travel,13,mobile,1
14070,235.5155783243037,6.161398384516246,0,6,0,travel,15,web,0
14071,91.39431915747583,8.822986588015953,0,9,0,luxury,6,web,0
14072,137.81240094014154,1.6819718853419126,0,9,0,travel,15,branch,1
14073,234.42574704413607,1.0235029310464874,0,9,0,grocery,16,branch,1
14074,331.3676966419021,17.860939763452077,0,4,0,grocery,19,branch,0
14075,358.68131778789956,6.317336553665803,0,6,0,grocery,18,web,1
14076,372.57353158165824,8.980110745562966,0,6,0,travel,11,branch,0
14077,148.4177379811026,0.066101895,0,5,0,clothing,8,web,0
14078,136.50153885776248,2.1883530656833856,0,2,0,electronics,7,mobile,0
14079,57.09409874162454,6.789830910521612,0,7,1,clothing,8,web,1
14080,435.6856358402986,0.4059571814107982,0,1,0,luxury,4,branch,0
14081,131.91104513806349,4.189014580196285,0,6,0,clothing,20,branch,1
14082,428.8753229353301,2.802467580361715,0,5,0,clothing,9,branch,1
14083,206.19740645210277,0.088867623,0,5,0,luxury,4,branch,0
14084,341.95851086741834,1.3457776160270858,0,8,0,clothing,13,mobile,1
14085,156.4184824458217,1.6759092710810186,0,9,0,electronics,17,mobile,0
14086,251.32141422038376,0.5931291517384492,0,7,0,travel,6,web,1
14087,349.9369736412494,4.992073672466076,0,8,0,luxury,7,branch,1
14088,110.17600146991991,1.3879846692819773,0,2,1,clothing,4,mobile,0
14089,373.9165071825782,1.6260163503614253,0,2,0,grocery,23,mobile,1
14090,64.89598276905632,11.425622019681704,0,8,1,grocery,5,mobile,1
14091,519.3363653094807,3.1473241231343208,0,6,0,luxury,19,branch,0
14092,186.41514869893183,2.4889559363612075,0,8,0,grocery,22,mobile,0
14093,93.34696697625382,6.434436349552637,0,9,0,electronics,23,branch,0
14094,294.9538931518671,12.018318218089393,0,9,0,clothing,8,mobile,1
14095,213.2943899181713,0.12677538307298242,0,6,1,electronics,20,mobile,1
14096,29.007339887994515,2.9732000968941192,0,8,0,electronics,8,branch,1
14097,120.89534719037991,4.718070133131557,0,2,1,travel,7,branch,1
14098,67.93832904693292,1.9177580962872276,1,8,0,clothing,16,branch,1
14099,73.71039369077923,7.400997528953949,0,3,1,luxury,23,mobile,1
14100,71.30677493626905,17.785234816328604,0,1,0,grocery,7,web,0
14101,242.91939777032673,14.36114957,0,7,0,travel,22,web,1
14102,310.8181592403071,1.5461123116992648,0,1,0,electronics,0,branch,1
14103,86.01880056976745,1.2831027658619656,0,1,0,grocery,21,branch,0
14104,20.66993109814681,15.79014214183604,0,1,0,clothing,17,web,0
14105,600.4234716477254,3.0682476063588613,0,4,0,electronics,14,web,1
14106,187.92109651203745,1.1678493541321566,0,4,1,electronics,21,branch,0
14107,296.4740168307185,6.1378615349132515,0,6,0,clothing,15,branch,1
14108,142.68348128782114,1.6733116447899101,0,3,1,luxury,1,branch,0
14109,15.348793157914988,1.5547328560638034,0,6,1,travel,12,web,1
14110,225.96991355922475,10.570125308295989,0,7,0,clothing,1,web,1
14111,483.46853900510933,0.8865456205121951,0,1,0,grocery,13,web,0
14112,97.91799236025177,0.3327985262602273,0,6,0,grocery,6,branch,1
14113,13.014114614709898,1.5679844993857173,0,1,0,electronics,10,mobile,0
14114,56.77014356,4.669033890639364,0,7,1,travel,14,web,1
14115,306.5194077724606,0.6567423327300335,0,5,0,luxury,16,mobile,0
14116,212.09718854686867,3.189458118191906,0,4,0,luxury,20,mobile,1
14117,374.9714333992757,4.935405246480049,0,1,0,grocery,16,web,0
14118,167.80382623659992,9.443675931924735,0,9,0,luxury,14,web,1
14119,271.56448627240815,1.3059770819977514,0,7,0,grocery,15,web,1
14120,117.98937345032039,8.500816983201705,1,2,0,travel,8,branch,0
14121,61.243886388452395,1.3387845909668346,0,4,1,electronics,20,mobile,0
14122,272.0968774712433,5.646902172,0,4,0,grocery,20,mobile,0
14123,310.00224737963623,2.816506606359295,0,8,0,travel,19,mobile,0
14124,99.91931999352818,0.6090376035978605,0,2,1,grocery,18,mobile,0
14125,454.7947927556459,6.263425457,0,5,0,clothing,23,branch,0
14126,463.23014028644474,1.2279851382909714,0,8,0,grocery,22,web,0
14127,71.72285426,0.9717081020441314,0,6,0,travel,8,web,1
14128,74.86186625444242,2.218350529,0,4,0,luxury,5,branch,0
14129,78.15916994,5.296336446378273,0,5,0,grocery,0,web,1
14130,150.85925207656823,1.332842561865177,0,2,0,electronics,4,mobile,1
14131,122.72386786155785,1.0146311455564914,0,5,0,travel,4,branch,1
14132,48.59385667,0.050017471184068484,0,3,0,luxury,22,branch,0
14133,80.24830874866252,3.189916356,0,3,0,travel,0,mobile,1
14134,15.803507146121767,2.798727713,0,7,0,grocery,0,branch,0
14135,19.94125017441928,1.332002328542263,0,3,1,clothing,21,mobile,1
14136,39.256080820660394,0.27572543095233576,0,4,1,clothing,5,branch,1
14137,578.7891074913607,2.8040714319528828,1,7,0,electronics,8,web,1
14138,533.2219985355358,7.760684888500534,1,3,0,electronics,18,mobile,0
14139,283.3196111253125,6.281282617517785,0,2,0,luxury,4,web,0
14140,100.81994532512182,9.859034104905014,1,7,0,clothing,20,branch,1
14141,38.55152380639887,0.048144486,1,5,0,grocery,16,branch,1
14142,165.08398008012455,16.969021411164647,0,1,0,travel,21,branch,0
14143,230.53926574386492,2.0882875663155516,0,8,0,travel,19,branch,1
14144,87.32054631889177,23.22881316551349,0,3,1,clothing,11,branch,0
14145,221.62591288795218,1.4559040000145786,0,7,0,clothing,5,web,1
14146,56.23867143278601,3.1889066335527607,0,6,0,travel,12,mobile,1
14147,102.61873783540025,2.184219128501652,0,6,0,luxury,23,branch,1
14148,135.52758111955433,2.1984253066073203,0,8,0,travel,7,branch,1
14149,543.7111905214408,9.234736384297351,0,4,0,electronics,2,branch,1
14150,79.18410883106523,6.860358713574372,1,4,0,grocery,10,web,1
14151,229.70844474470255,24.23712297878432,0,3,0,clothing,19,branch,1
14152,68.48784355636639,4.753307002980415,0,1,0,clothing,0,branch,0
14153,59.83080047526531,3.1111757335674173,0,3,1,luxury,13,branch,1
14154,86.97394004094214,0.47195925419527196,0,1,1,electronics,20,mobile,0
14155,169.56731676487985,28.363482710684945,0,6,1,travel,23,mobile,1
14156,494.8409536842563,4.009574726321946,0,8,0,electronics,12,branch,0
14157,98.92224154267942,6.0278281892289325,0,3,0,electronics,14,mobile,0
14158,311.6558577406101,2.6106327568492826,0,4,0,luxury,22,branch,1
14159,561.5907482441086,3.967221663298809,0,5,0,luxury,20,branch,1
14160,202.0589744868881,14.286615523856533,0,7,0,travel,7,mobile,1
14161,351.72189948802173,0.910124632,0,6,0,travel,14,mobile,0
14162,82.76555412119812,1.7291878643004064,0,2,0,grocery,12,branch,0
14163,225.2509033491707,0.8247253968565669,0,7,0,electronics,0,mobile,1
14164,268.3909366783603,7.856278687181733,0,8,0,travel,10,mobile,1
14165,46.22451195,0.3202679159446937,0,1,0,luxury,19,mobile,0
14166,75.47709155,0.42578357978402603,0,6,1,grocery,14,web,1
14167,130.7686433873172,1.7726299357731055,0,9,1,grocery,20,web,0
14168,89.15987657844352,3.609669668027331,0,7,0,luxury,3,web,1
14169,143.43653296699236,2.606693469345822,0,5,1,travel,5,web,1
14170,39.49700791575462,0.22925806074991517,0,9,0,luxury,11,web,1
14171,525.3225070221409,15.790262922235973,1,2,0,travel,0,branch,1
14172,334.1885993798711,15.274176805501353,0,7,1,luxury,9,mobile,0
14173,1163.4986559145761,1.6380523542452918,0,9,0,luxury,17,web,1
14174,52.09958532889638,6.5749988547848055,0,2,1,clothing,0,mobile,0
14175,231.74505300697444,4.3205721474404815,0,6,0,travel,6,branch,0
14176,89.90612438680672,1.3556110352029362,1,9,0,electronics,1,mobile,1
14177,59.48994640075923,1.5202196816896938,0,3,0,clothing,7,mobile,0
14178,321.2154726027813,3.3780411978416613,0,8,0,clothing,0,branch,1
14179,173.86883665984908,2.7170621100043855,0,5,0,clothing,18,branch,1
14180,123.6134193350439,1.7211162892438754,0,7,0,clothing,5,mobile,1
14181,206.61566102071345,8.238596838075305,1,3,0,electronics,10,mobile,1
14182,78.49991190702853,3.2837186766530344,0,8,0,clothing,18,branch,0
14183,76.10547187195836,5.318852800129024,0,2,0,electronics,9,web,0
14184,92.81773680416255,1.0491225996455598,0,8,0,electronics,15,web,0
14185,366.4898946306182,3.812568421870455,0,2,0,clothing,15,web,1
14186,346.2270066786993,1.9134525182092164,0,7,0,grocery,9,web,0
14187,49.66985677143627,3.7371046699507557,0,2,0,electronics,17,mobile,0
14188,510.3014262403638,7.5894429200277465,0,7,0,clothing,21,web,0
14189,162.6306681547393,7.324809625662457,1,1,0,luxury,17,web,1
14190,228.94598469499465,2.186487202123278,0,6,1,luxury,2,branch,1
14191,90.16559923152234,5.925380994,1,7,0,travel,11,branch,1
14192,169.4045858,14.175721819891987,0,4,0,electronics,9,branch,1
14193,59.139050993600165,4.913078638036942,0,1,0,electronics,15,branch,0
14194,84.69400412285468,0.8032511675947608,0,6,0,luxury,8,mobile,0
14195,302.8544737723922,5.692620819848532,0,4,0,electronics,17,mobile,1
14196,307.84117859496564,0.5541236775933555,0,3,0,electronics,12,mobile,1
14197,236.73093974990397,10.282939779922422,0,4,0,luxury,23,web,1
14198,117.12638788795644,3.6351798250539877,0,6,0,clothing,13,web,1
14199,48.80462336165128,2.431809384472018,1,5,0,luxury,18,mobile,1
14200,397.12929181821596,0.29347994819489065,0,2,0,grocery,13,web,0
14201,323.92168432654967,2.396503443140166,0,2,0,luxury,1,web,0
14202,24.15807649797162,11.675885852498773,0,3,0,luxury,10,web,1
14203,311.5785858514624,0.10603134075642526,0,6,0,clothing,7,web,1
14204,123.55201462585342,3.218435326021145,0,1,1,luxury,2,web,0
14205,274.80984305653817,13.37971289329916,0,7,0,luxury,14,branch,1
14206,40.05769559864264,2.511320225870621,0,8,1,clothing,12,mobile,1
14207,94.40701148306904,2.794617403470781,0,7,0,luxury,7,mobile,1
14208,179.17039505783973,4.320389957,0,3,0,clothing,12,web,0
14209,525.4653603014084,3.108202470163369,0,6,1,grocery,15,web,1
14210,179.5266973932812,0.9232314318504307,0,4,0,clothing,21,branch,1
14211,356.3903433,0.093649264,0,5,0,electronics,0,mobile,1
14212,198.46142094829952,4.705628640855142,0,3,0,electronics,1,branch,0
14213,193.14078722023513,12.679310764555359,0,5,0,clothing,12,branch,0
14214,246.12976092417895,0.5622844720877993,0,6,0,luxury,13,mobile,1
14215,159.2366010691346,1.1846451751511737,0,8,1,travel,1,branch,1
14216,297.73877774844607,2.311998945853812,0,6,0,travel,15,branch,1
14217,63.44778075651889,8.270665872658318,2,9,0,grocery,13,mobile,1
14218,160.10075663015746,1.5684899636901415,0,4,0,grocery,6,mobile,0
14219,555.4173370530106,10.687659070220427,0,2,0,travel,21,mobile,0
14220,366.63925778890234,0.2826288769602321,0,9,1,travel,13,branch,1
14221,211.63681106953675,14.147414361641545,0,3,0,clothing,17,web,0
14222,332.42554269559207,4.113399497007602,0,7,0,travel,16,web,1
14223,460.13816845139735,5.3761052244698435,0,4,0,electronics,4,web,0
14224,20.34941609327546,2.2918737182764453,0,1,0,grocery,10,branch,0
14225,133.4150931845861,7.616170016422962,0,8,1,grocery,17,branch,1
14226,94.11866231551201,0.9110053207738577,0,4,0,electronics,15,web,0
14227,43.263991872828164,0.2507425141812197,0,6,0,grocery,9,mobile,0
14228,608.6136965897905,2.5169081881021627,0,7,1,travel,5,mobile,1
14229,254.69830837846348,9.610333376441949,0,8,0,grocery,13,branch,1
14230,324.3320133778905,7.030992435243383,0,2,0,electronics,1,web,1
14231,97.77014699,3.640307988732674,0,9,0,grocery,8,branch,0
14232,131.0938962609472,4.244769871865339,0,3,0,travel,12,branch,0
14233,166.00827218108773,0.6956944337909808,0,1,0,clothing,20,web,0
14234,223.62917626735458,9.184249949085523,0,2,1,travel,22,branch,0
14235,289.97290786430995,7.7313692466301625,0,8,0,grocery,19,mobile,1
14236,277.0161746500265,5.3424099073808815,0,6,0,luxury,11,mobile,0
14237,138.27728963365234,3.138586249813132,0,1,0,grocery,1,web,0
14238,472.3534780591927,16.68537933910665,0,9,0,grocery,2,branch,0
14239,409.5708304406432,10.561144993422264,0,7,0,electronics,12,mobile,0
14240,207.18456086474086,5.170172656550768,1,3,0,luxury,20,web,0
14241,170.8563685119231,2.3244914004742343,0,7,0,electronics,0,web,1
14242,129.8657549851763,4.811964966160491,0,6,1,electronics,19,web,1
14243,224.58220773542686,4.283520613981938,1,3,0,travel,3,branch,0
14244,394.9392498,2.506373462609134,0,8,0,clothing,17,web,1
14245,173.894906,1.8312746554947967,0,1,0,grocery,12,branch,0
14246,104.62507991647807,2.6128953976921228,0,5,1,luxury,5,web,1
14247,170.91593190414437,4.265539936,0,8,0,grocery,5,branch,1
14248,210.04749622766315,2.794260289,0,3,0,electronics,14,mobile,0
14249,59.38549635034687,1.529735931,0,6,0,clothing,17,branch,0
14250,45.305419335920085,7.155691283277308,1,2,0,electronics,16,mobile,1
14251,106.9996769149135,3.7907490037531897,0,9,1,grocery,13,mobile,1
14252,471.69214402583117,0.3503699385498854,0,2,1,travel,3,web,1
14253,379.8702067087918,2.296834051594204,0,5,0,grocery,0,mobile,0
14254,34.976847184893415,10.810354438284842,0,3,1,electronics,7,branch,0
14255,72.94996404272561,7.037314841188293,0,9,0,luxury,10,mobile,1
14256,286.47676410205145,1.9522429914607877,0,9,0,luxury,12,branch,1
14257,118.73994551164596,13.917896655168672,0,7,0,luxury,16,branch,0
14258,233.51383773729773,0.39847959266618116,0,5,0,luxury,20,branch,1
14259,37.26277818270845,16.251149314026705,0,9,1,luxury,13,web,1
14260,168.2427077699427,1.4098593170880749,1,7,0,clothing,16,branch,1
14261,154.96184425596658,0.045678923956732606,1,2,0,clothing,19,web,0
14262,325.42979291578035,2.844110500926154,0,1,1,travel,23,mobile,0
14263,223.66504783360165,2.2233984579598283,1,4,0,luxury,23,mobile,1
14264,185.81660983818927,3.8727516224438356,0,8,0,electronics,0,web,1
14265,28.39170306201496,7.967155060042047,0,6,0,electronics,7,mobile,0
14266,567.3401908638399,9.239452829,0,2,1,grocery,18,mobile,1
14267,272.0127364716773,2.564388636218059,0,5,0,luxury,10,mobile,0
14268,90.67042390928263,2.8092416484466165,0,9,1,electronics,22,mobile,1
14269,182.24921683335035,0.8018868879334251,0,6,0,travel,9,branch,0
14270,121.80465476407237,0.24357578153906828,0,6,0,electronics,0,mobile,1
14271,141.48860301314804,5.125159642373356,0,7,1,travel,4,branch,1
14272,375.8336372840194,0.3330373025345521,0,5,0,luxury,15,mobile,0
14273,72.62121131,6.618102626291354,0,3,0,grocery,19,web,0
14274,280.1348970815441,3.8727639872699724,0,3,1,grocery,19,web,1
14275,386.7491685,1.1068692047917326,0,5,0,clothing,4,branch,0
14276,249.70373210697144,3.877461237869561,0,4,0,luxury,15,web,0
14277,147.27070483983215,1.010566946346838,0,5,0,electronics,2,branch,1
14278,84.93911199124307,2.887830236654632,0,9,0,grocery,22,mobile,1
14279,95.87875069290209,8.036209533,0,5,0,travel,1,web,0
14280,185.13558657771802,3.0987335891158945,0,4,0,travel,16,branch,0
14281,173.61086607989483,0.8049494265714072,0,4,1,electronics,21,branch,0
14282,305.1912846695931,6.4336694389896785,0,1,0,electronics,0,mobile,0
14283,40.28138062214139,1.0336967958011292,0,4,0,luxury,15,mobile,1
14284,372.61105417434067,6.707558689180026,0,4,0,electronics,22,web,0
14285,818.7236314415566,3.2634082242899325,0,9,0,electronics,23,branch,1
14286,158.5718912938524,3.0233172317995667,0,4,0,electronics,1,mobile,1
14287,139.84550387569772,9.533664804,1,7,0,grocery,19,web,1
14288,150.75366065281753,6.165352399028662,0,1,0,luxury,6,branch,0
14289,180.27245354834065,0.16732270290301374,0,7,1,electronics,10,mobile,1
14290,131.10166814802608,1.7561227972584934,0,2,0,electronics,5,web,0
14291,20.882673887497205,10.236640157519547,1,8,0,travel,1,web,1
14292,148.11824970079454,0.092480865,0,1,0,grocery,13,mobile,0
14293,188.65845828227933,3.9400751998934576,0,3,1,electronics,3,mobile,0
14294,400.3826556602099,6.506562479172041,0,8,1,grocery,18,branch,1
14295,71.73787666641948,4.862402147945549,0,8,0,luxury,21,branch,1
14296,510.91928989800823,7.146681633610038,0,5,0,luxury,1,mobile,0
14297,123.83053442516369,6.4675158276473645,0,5,0,clothing,1,web,1
14298,80.00371392038463,5.888775802814697,0,8,0,travel,12,mobile,1
14299,272.0631732565176,8.616950066039012,0,5,0,clothing,12,branch,1
14300,112.27582742823306,5.187924647329215,0,9,1,grocery,2,branch,1
14301,160.9740582525817,2.5743229659712954,0,1,0,travel,20,mobile,0
14302,169.6641594258784,3.1924343488851905,0,5,0,electronics,5,branch,1
14303,261.05827584298214,6.306681772756052,0,3,0,travel,20,web,0
14304,157.2517879120684,10.449723725232724,0,3,0,travel,16,branch,0
14305,143.95845291437465,1.5887741328196152,0,2,0,luxury,0,web,0
14306,121.17503352949663,2.093335328351687,0,3,0,clothing,6,branch,0
14307,242.57521096114831,13.349395122580683,0,7,0,luxury,6,web,0
14308,107.37324271834983,4.319817395891029,0,8,1,luxury,12,mobile,1
14309,409.48044577025587,0.9859283142921077,0,8,0,clothing,21,web,0
14310,171.13040624736456,5.448686028618087,0,8,0,luxury,8,mobile,1
14311,30.220427710454572,23.42223352013006,0,1,1,travel,17,branch,0
14312,209.9351520930454,8.670856731959217,0,7,0,grocery,0,web,1
14313,235.93957543066776,6.847011917531727,1,2,1,electronics,10,web,1
14314,412.6195053,1.1662639790232299,1,4,1,electronics,21,branch,1
14315,88.41521247568606,10.443008225458737,0,5,0,luxury,21,branch,1
14316,77.17235786362406,3.730512893548582,0,1,1,clothing,10,web,0
14317,267.29844095061776,11.004206542390492,0,4,0,travel,9,mobile,0
14318,367.44381869150885,2.0011031430043835,0,4,0,luxury,16,branch,1
14319,85.29629902662785,0.3202987928689385,0,9,0,travel,16,web,1
14320,204.34058772986407,3.231088671881657,0,9,1,travel,11,branch,1
14321,159.38187952711007,1.572441552132382,0,1,0,electronics,9,branch,0
14322,88.02242824751144,6.280354740243532,1,8,0,grocery,11,mobile,1
14323,152.13554203701426,15.745181059710372,1,4,0,grocery,5,mobile,1
14324,349.6918077665301,5.871651761759717,0,4,0,clothing,20,mobile,0
14325,171.69383201030485,10.898914691485738,0,5,1,grocery,5,web,1
14326,145.85557661912026,3.0167518903723236,0,2,0,luxury,5,branch,0
14327,257.37431109230903,7.384175880534167,0,1,0,electronics,19,mobile,1
14328,371.6885002547094,9.258930893059343,0,5,0,electronics,7,web,1
14329,70.56377523833395,6.204491645316931,0,7,0,travel,4,mobile,1
14330,210.6463312504622,3.5441199716196814,0,9,0,luxury,5,mobile,1
14331,124.48768399131546,4.915707749759676,0,2,0,luxury,1,branch,0
14332,172.2838921793353,6.028321097793993,0,8,0,travel,16,web,1
14333,271.9950699157816,1.459015449100204,0,7,0,travel,7,branch,0
14334,132.71928680402573,8.292596193953992,0,2,0,electronics,21,mobile,1
14335,156.31612833687095,15.011221048032075,0,5,0,luxury,8,branch,1
14336,330.1712775,3.1296797512802614,0,7,1,grocery,20,web,0
14337,231.79787665683907,6.037682117569034,0,3,0,grocery,7,mobile,0
14338,153.55381106307667,6.678498763799662,0,2,0,electronics,22,mobile,1
14339,185.35352020492684,5.427210204719274,0,6,0,grocery,10,mobile,1
14340,175.20303930618223,3.960586440296368,0,6,0,grocery,9,mobile,0
14341,27.69676188,10.67045830161202,0,4,0,luxury,16,web,0
14342,187.74327767566356,2.979437323218799,0,1,0,luxury,22,branch,0
14343,50.57603746892314,0.315247253,0,5,0,clothing,19,web,0
14344,364.5977608041271,9.307360789354139,0,1,0,luxury,12,mobile,0
14345,49.385712894991194,5.604002261918461,0,8,0,clothing,21,web,0
14346,119.45405906406536,9.460948344452216,0,2,1,luxury,8,mobile,1
14347,101.38279744386627,0.745676471,0,9,0,travel,14,mobile,1
14348,458.8545410216448,0.15617868117368616,0,9,1,luxury,12,branch,1
14349,354.25808455972873,13.618957771998286,0,3,0,clothing,12,mobile,0
14350,11.714872212783895,0.7992495657031895,0,6,0,grocery,12,web,1
14351,165.1166805592382,8.294515238575814,0,9,0,luxury,20,web,1
14352,59.807997668375066,8.663961822065788,1,7,0,grocery,3,branch,1
14353,188.27865959843447,6.16709734,0,4,1,grocery,21,branch,0
14354,267.61749562658684,0.7035696906808033,0,3,0,luxury,9,mobile,0
14355,200.35573424873215,5.504052884081846,0,2,0,luxury,14,mobile,0
14356,279.20442966924173,10.995027060116193,0,1,1,travel,20,mobile,1
14357,135.63514693783443,2.7715513277220727,0,1,0,clothing,9,mobile,0
14358,205.12772917960382,2.6680567425997053,0,4,0,luxury,20,web,0
14359,272.23625806269166,2.9246784501940564,0,4,0,grocery,7,mobile,0
14360,115.70639683452187,0.4292705471898721,1,9,0,grocery,9,branch,1
14361,78.95331324302613,11.129304150826101,1,1,1,luxury,20,web,1
14362,96.65821113044277,10.169774196083477,0,4,0,clothing,16,web,1
14363,151.93423065029404,30.85133382,0,3,0,grocery,4,mobile,1
14364,168.61427839868216,4.399590804852602,0,9,0,travel,12,mobile,1
14365,213.9584783,6.955361515665049,0,5,0,grocery,20,web,0
14366,88.47506809141126,1.132445120284831,0,9,0,clothing,20,branch,1
14367,277.8181588604262,5.506010469966464,1,6,0,electronics,18,mobile,1
14368,529.2725516419873,5.2452956319559085,0,9,0,travel,11,web,1
14369,102.03238386475697,11.573730487935316,0,1,0,travel,11,web,0
14370,726.0494758,8.883154118,0,4,0,electronics,20,mobile,1
14371,576.3049264382157,13.940864647579856,1,4,0,travel,1,branch,1
14372,168.20513380262113,10.156437811607459,0,6,0,travel,20,web,0
14373,148.38356704990844,10.151120007056312,0,1,0,travel,8,web,1
14374,95.45650400609964,0.32922127519234257,0,5,0,grocery,23,web,1
14375,306.8754683653144,9.352778233335178,0,3,0,grocery,21,mobile,0
14376,176.99960486424033,4.675818487113564,0,1,0,luxury,22,web,0
14377,191.42496109045751,2.3937645784768296,0,6,0,luxury,1,web,0
14378,80.49714641090648,0.2908720721999531,0,3,0,grocery,0,mobile,1
14379,312.92150137826576,5.6609556223046456,0,4,0,travel,13,branch,0
14380,139.18173257519538,1.988986037747754,0,9,0,clothing,12,web,1
14381,64.2190334,3.153456617556187,0,2,0,electronics,2,mobile,1
14382,158.13706335532683,5.724251445517248,0,1,0,luxury,19,branch,1
14383,85.30308386240874,12.13929887554299,0,6,0,travel,4,mobile,0
14384,413.02241971752176,8.727345437564564,0,1,0,luxury,1,branch,0
14385,571.3841136501844,2.9946163991121058,0,1,0,clothing,20,mobile,1
14386,161.66409760524277,2.4533437066375026,1,7,1,travel,17,branch,1
14387,347.5800831237815,1.3707353519011032,0,2,0,grocery,8,branch,0
14388,341.7243720626915,2.3294744179753883,0,4,0,clothing,21,mobile,0
14389,2.224753003384418,0.5885511200530064,0,4,0,luxury,11,web,0
14390,96.78900901259846,17.72052151,0,2,0,travel,4,branch,0
14391,182.9515230670013,4.265610789830951,0,6,0,travel,17,mobile,0
14392,118.21875121708192,0.683716113,0,2,0,electronics,22,web,0
14393,90.30872452469784,2.1755459915122364,0,8,0,electronics,22,web,0
14394,357.42371414710925,3.9597478349563184,1,4,0,electronics,1,mobile,1
14395,114.38640795058934,3.805905809368899,1,1,0,grocery,9,mobile,0
14396,214.3728544344736,0.1807446967614209,0,7,0,travel,21,branch,0
14397,336.40962979776606,15.063480162632924,0,6,0,travel,9,mobile,1
14398,429.3745177177805,1.6105096988728191,1,6,1,luxury,2,web,1
14399,64.52837290348066,0.081585356,0,3,0,grocery,23,mobile,0
14400,70.01863081,0.39761925999282405,0,7,0,electronics,13,web,0
14401,197.27915623237595,4.339823653820284,0,6,0,travel,4,web,1
14402,20.51117485001645,0.7412561167291519,0,9,0,electronics,23,mobile,1
14403,73.25935181052631,0.21310134835319888,1,3,0,clothing,22,web,1
14404,384.24505927433216,2.387167544147148,0,3,1,grocery,12,web,0
14405,262.87779873665113,4.874384250027028,0,4,0,electronics,23,branch,0
14406,151.93272917576493,0.593015762,2,3,0,grocery,16,web,1
14407,235.75756939711252,1.8794914723429414,0,4,1,travel,5,branch,0
14408,275.7223073792558,2.704368493186669,0,6,1,clothing,12,branch,0
14409,44.683760019960324,0.868554264,0,1,1,luxury,11,branch,1
14410,112.69246164200295,3.5268468251104714,0,2,0,clothing,2,branch,0
14411,419.51973370742905,0.44532607919506534,0,6,0,grocery,15,web,0
14412,199.8726807039199,0.23817626249526164,0,6,1,clothing,4,web,1
14413,208.68491414527023,3.668131243963362,0,1,1,travel,1,mobile,1
14414,161.9886667107076,1.4244098004794399,0,6,0,grocery,10,branch,0
14415,27.92637495026457,0.5011673400546056,0,9,0,grocery,3,web,1
14416,100.6205177549445,2.7574793598316467,0,8,0,travel,21,branch,1
14417,225.70697747807316,12.333805769019818,1,5,0,electronics,0,branch,1
14418,114.92915627841462,6.440259634785907,0,4,0,luxury,12,mobile,1
14419,66.76717326845022,8.453671402039122,1,6,0,clothing,17,branch,0
14420,75.35164559682715,10.27526638952649,0,5,0,luxury,15,web,1
14421,425.2843984952525,17.991126190974946,1,6,0,luxury,1,web,1
14422,109.81100487696975,7.203680370038429,0,3,0,travel,8,web,0
14423,369.88184654171795,4.687672991011057,0,7,0,electronics,11,web,1
14424,209.39472231659008,2.2740059136781916,0,8,1,luxury,4,branch,1
14425,138.5812354693045,1.002284482,0,5,0,grocery,4,web,1
14426,86.57232842386128,5.802330069222291,1,5,0,electronics,21,mobile,1
14427,267.86246065282853,26.441821437841597,1,4,0,travel,12,branch,1
14428,339.79780465368134,3.1495351780426493,0,5,0,luxury,15,web,1
14429,286.0739898980311,6.430966888595055,0,8,1,travel,18,web,1
14430,49.67767284536828,3.4168996787969212,0,5,0,clothing,8,mobile,1
14431,109.5549978039458,2.8275832737078774,0,9,0,travel,15,branch,1
14432,120.85911282155467,2.640754326848327,0,1,0,grocery,18,mobile,0
14433,21.726724875996624,3.5121979370730476,1,7,0,travel,3,mobile,1
14434,234.07260979761944,2.2856001962239194,0,5,1,electronics,14,web,1
14435,258.3223425819934,6.906998235442815,0,4,0,clothing,8,web,0
14436,252.03032188954305,10.368173235532325,0,3,0,grocery,15,mobile,0
14437,223.35961107740349,10.723007696330669,0,7,0,clothing,23,branch,0
14438,129.47141789556673,1.2919026875440955,1,2,1,grocery,5,branch,0
14439,83.57800375942905,11.312455476107212,0,5,0,clothing,7,branch,1
14440,129.10021585759276,2.089342808,0,2,0,luxury,0,mobile,0
14441,210.6303487568848,1.8503040054439706,0,7,0,travel,13,branch,0
14442,393.1828512292578,6.486951600713942,0,6,1,electronics,3,web,1
14443,176.94158148582747,1.817033040501328,0,7,0,electronics,9,mobile,1
14444,172.42008207983417,0.2721035594215232,0,9,0,luxury,15,mobile,1
14445,24.25616814476467,2.338972534254667,0,2,0,clothing,3,mobile,0
14446,220.90588034610633,6.391068548390939,0,9,0,travel,1,branch,1
14447,412.4156577563051,1.9797408429320447,0,7,0,luxury,1,branch,1
14448,152.8818025389357,4.965306211746491,0,2,0,clothing,12,web,0
14449,144.01285647823656,5.395805148754177,0,2,0,travel,10,branch,0
14450,122.73793485798932,6.6163351261080425,0,4,0,clothing,9,branch,0
14451,274.2572207217502,11.371468784306973,0,2,1,electronics,5,branch,1
14452,22.881402222174682,2.8331409559218352,0,1,0,travel,6,branch,1
14453,370.12848033628796,0.9102004420242348,0,6,0,electronics,14,web,0
14454,139.05175105670847,1.9204194859188832,0,5,0,electronics,19,web,0
14455,223.82338693094158,2.8296418347915413,0,3,0,travel,18,web,0
14456,289.38360412100195,6.256920311360361,1,1,0,luxury,2,branch,0
14457,74.50546644839662,0.066044907,0,9,0,clothing,20,branch,1
14458,164.10841484074717,1.8974182183668225,0,8,0,travel,13,mobile,1
14459,136.6699371558092,7.567062238428843,0,6,0,electronics,21,mobile,0
14460,58.93843811605358,5.556325545,0,6,1,clothing,1,branch,1
14461,337.9677902187945,6.578992605212747,0,4,0,travel,22,mobile,0
14462,127.96537217258854,8.351536384216411,0,2,1,luxury,15,web,1
14463,56.59734777716493,7.64472389,0,4,1,travel,22,web,0
14464,171.84645162104383,5.7314002817073355,1,2,0,travel,16,web,1
14465,42.19555617846479,2.896071356759432,0,7,0,grocery,14,mobile,1
14466,114.96028025282286,20.551860258348285,0,9,0,clothing,12,web,0
14467,207.56844433398766,4.209085153279235,0,2,1,travel,11,web,0
14468,37.66865362983858,1.1330553395913225,0,9,0,electronics,6,web,1
14469,262.09950695346765,1.732299726,0,9,0,electronics,19,branch,0
14470,178.71565206540552,5.913706579443849,0,8,0,grocery,19,branch,1
14471,290.5370862742418,12.934003582605325,0,1,0,electronics,2,web,0
14472,288.30346996704964,0.9844566874637368,0,5,0,travel,8,web,1
14473,111.67237475779626,0.4296770297931033,0,4,0,clothing,2,branch,0
14474,114.25310815456974,10.66552180765276,0,7,0,grocery,15,branch,1
14475,235.87169843266344,12.341898609463673,1,8,1,grocery,19,mobile,1
14476,64.13120667274984,1.6174399076441295,0,8,0,luxury,2,branch,1
14477,64.53740846465638,2.368337459975651,0,2,0,luxury,7,web,0
14478,99.04858412406098,5.396813740567188,0,3,0,clothing,7,branch,1
14479,46.18379219445662,2.0018656277375633,0,7,1,clothing,23,web,0
14480,55.96832181399173,10.484310339582766,0,4,0,grocery,14,mobile,0
14481,57.81522193665879,0.5690847576454141,1,6,0,travel,4,branch,1
14482,128.3439077046387,0.19361173578424917,1,8,0,travel,12,mobile,1
14483,123.60992159466907,1.1690398654119447,0,8,0,luxury,14,web,1
14484,321.4825369963572,1.684976314312755,0,7,0,clothing,6,web,0
14485,130.20622577129132,0.5991376971530042,0,2,0,clothing,11,web,0
14486,154.65869588274379,0.3397372478366414,0,2,0,travel,2,web,0
14487,504.71322718195603,7.044903065778713,0,3,0,luxury,7,mobile,0
14488,12.364961071484954,0.8972877054392006,0,4,0,travel,9,branch,1
14489,193.1872659522596,12.262518648344825,1,1,0,travel,1,branch,1
14490,139.21760659850477,2.294326745760154,0,5,1,grocery,7,web,1
14491,207.80200212624388,5.552500493390616,0,7,0,clothing,21,web,0
14492,104.43428474773798,1.2770562102412697,0,5,0,grocery,17,mobile,0
14493,129.5374579675897,1.3743081564721096,0,7,0,grocery,11,mobile,0
14494,380.9713685412515,4.274910577442338,0,5,0,travel,21,web,0
14495,233.55922925352797,4.112214070838715,0,8,0,luxury,17,web,0
14496,134.81494190828738,7.320830409,0,7,0,travel,18,branch,0
14497,85.36579622126837,7.090231930888095,0,1,0,luxury,4,branch,0
14498,63.91141077575784,5.5537446734919715,0,1,1,clothing,15,branch,1
14499,110.0661118100432,2.981287298016284,0,5,1,electronics,16,web,1
14500,144.53667635269568,11.06556809382798,0,2,0,clothing,8,mobile,0
14501,503.4636637,4.871963265138364,0,9,0,travel,9,mobile,1
14502,182.89677800657188,23.12609435357176,0,2,0,luxury,18,mobile,0
14503,94.50616865144542,8.556517654451056,0,9,0,electronics,11,web,0
14504,12.448802966205028,0.2266074439292545,0,2,0,luxury,0,web,0
14505,83.22432236176545,1.9326812760342178,0,4,0,luxury,21,mobile,1
14506,110.19086340679571,4.241708717,0,3,1,electronics,16,mobile,1
14507,196.3101331930022,6.391139232,1,6,0,electronics,2,mobile,1
14508,113.57774466663268,3.996278743718118,0,4,0,clothing,6,web,0
14509,519.0563177271773,7.711944502543741,0,9,0,grocery,19,branch,1
14510,136.73099152401966,1.660996462618165,0,9,0,electronics,8,branch,0
14511,328.99335178010773,1.016165747369924,0,9,0,grocery,22,web,1
14512,34.323281507418265,0.27712320852270855,0,3,1,grocery,4,branch,0
14513,157.40558951097674,4.258531503149869,0,3,0,grocery,8,mobile,0
14514,84.00392189114366,5.833377401634126,0,4,0,grocery,18,branch,1
14515,335.23611965112974,1.9737366248470942,0,9,0,electronics,10,mobile,1
14516,119.82610438750194,4.754206240096723,1,6,0,luxury,13,web,0
14517,388.18347087859934,0.2678332290657381,0,9,0,electronics,13,web,1
14518,259.6262150605872,0.5228782648090955,0,8,0,electronics,7,mobile,0
14519,107.2765496,6.049196094994219,0,7,0,travel,23,mobile,1
14520,62.791978952428764,2.294880919916766,0,5,0,travel,19,branch,0
14521,88.55683016528764,5.563566680406611,0,9,0,clothing,0,mobile,0
14522,129.6612994186597,8.910663387597133,2,4,0,grocery,3,web,1
14523,258.45109432271204,9.573787662485433,0,4,0,grocery,15,web,0
14524,161.56513722800102,0.944723077,0,8,0,travel,0,branch,1
14525,291.7953017820077,3.3304387807774765,0,4,0,luxury,18,mobile,0
14526,408.5563986491917,6.619917665354434,0,7,0,clothing,23,mobile,1
14527,168.20282752470038,7.435672130846559,0,4,0,luxury,2,branch,0
14528,69.40563406521603,7.678056594810036,0,1,1,travel,1,web,0
14529,214.8484512366452,1.2949375341549092,0,9,0,luxury,16,mobile,0
14530,556.9319305076832,1.069276713695537,0,4,0,grocery,10,branch,0
14531,303.2460854966211,4.458142650849192,0,3,0,travel,2,branch,1
14532,203.16765745652296,6.756292687808168,0,3,0,luxury,6,branch,0
14533,77.84822693,1.9219893122345135,1,9,0,clothing,9,branch,1
14534,140.5846775,0.5530109064268386,0,8,1,clothing,2,mobile,1
14535,36.772750161018216,6.307063045999804,0,7,0,electronics,7,branch,0
14536,59.29944307539189,1.7812168381202627,0,7,1,travel,23,mobile,1
14537,218.0599513991774,0.9097844623306988,0,4,1,travel,4,web,0
14538,28.587859869455162,0.7992215380209061,0,3,1,travel,9,branch,0
14539,124.54665728522582,1.8910220101557476,0,4,0,grocery,11,branch,0
14540,53.2669296,4.490757066842951,0,6,0,grocery,17,web,0
14541,62.12021051007072,2.218968558359591,1,4,0,travel,5,branch,0
14542,170.5430046498745,0.10439147121895856,1,4,0,luxury,7,mobile,1
14543,88.66297034371118,0.5096566473158799,0,2,0,grocery,17,web,1
14544,43.42921325126886,1.7159967956737638,1,7,1,travel,5,web,1
14545,104.13826795213113,5.389704343629833,0,6,1,grocery,22,mobile,0
14546,41.88489593770134,0.518559785,0,2,0,electronics,8,mobile,1
14547,372.1622200124035,4.112372581720566,1,5,0,clothing,15,web,0
14548,268.50043322424295,0.6385184383687369,0,6,0,electronics,10,branch,0
14549,267.6658354628649,1.188845724874871,0,5,0,travel,1,mobile,0
14550,81.40776265483267,0.9448492040349161,1,4,0,clothing,16,mobile,1
14551,223.25296333188987,0.3479758118392485,0,9,0,luxury,12,mobile,1
14552,189.55551825004352,5.563502577490534,0,3,0,travel,6,web,1
14553,86.92100802219373,3.1125447593488937,0,2,1,luxury,21,branch,0
14554,153.8439121513705,8.890864161970333,0,9,0,luxury,9,mobile,1
14555,34.9053519,0.5206443720986588,0,8,0,grocery,12,web,1
14556,64.36661647885677,0.7817075007513408,0,9,0,grocery,9,web,1
14557,150.57617353886528,1.8297154566880205,0,3,1,clothing,3,branch,1
14558,109.20362141321347,7.259308110839356,0,1,1,clothing,10,web,0
14559,209.32423482150097,1.8246793088934297,0,1,0,grocery,8,web,0
14560,88.96474356163824,2.6247808525807566,0,3,1,clothing,15,mobile,1
14561,122.74768333662148,1.7948419042587374,0,4,0,electronics,16,mobile,0
14562,160.4419063673049,0.4181271704894573,0,2,1,travel,22,mobile,1
14563,82.63133190937864,14.020076865771113,0,8,0,electronics,4,web,1
14564,121.0538591526186,3.9763313551546804,0,3,0,travel,4,branch,1
14565,188.5794222487701,7.751912327656223,0,4,1,grocery,5,branch,1
14566,443.7646431797838,5.369946082994648,0,6,0,electronics,1,branch,0
14567,83.06707394023104,3.610349999745663,0,6,1,luxury,13,web,0
14568,109.6385653218127,0.4697858892486567,0,2,0,electronics,10,mobile,0
14569,301.1832398263787,5.146367019037714,0,6,0,clothing,18,web,1
14570,353.19789165279263,0.8442851937603252,1,4,0,electronics,10,mobile,1
14571,238.59299575233428,2.6754478794734644,0,5,0,grocery,19,web,0
14572,347.0973267580659,4.959291159,0,7,1,grocery,5,web,1
14573,78.98655134,7.621556145975338,0,7,0,clothing,12,branch,1
14574,324.9323396580561,5.776630326947048,0,6,1,travel,18,web,1
14575,275.1348219593281,5.566602567020276,0,6,0,clothing,2,branch,1
14576,61.33037771140122,0.806963756,0,6,0,travel,15,web,0
14577,124.20416692463007,2.124222456471498,0,4,0,grocery,8,branch,0
14578,16.86010323033727,0.21930111309467093,0,3,0,grocery,2,web,1
14579,178.47598095052186,6.355495900723504,0,1,0,travel,18,web,0
14580,320.9165031,15.244186706051392,0,3,0,electronics,14,mobile,1
14581,105.02400362975004,1.5333757907936856,1,3,1,electronics,21,mobile,1
14582,68.22876941407701,0.45891394224564236,0,9,0,clothing,12,mobile,0
14583,63.923308066366744,3.2272173342364106,0,3,0,grocery,16,web,1
14584,158.61628364926625,9.714012722784194,0,8,1,electronics,20,mobile,1
14585,237.08698687999495,4.014522241930908,0,8,0,grocery,7,mobile,1
14586,449.9740861824586,0.23953281180067038,0,3,0,clothing,21,web,0
14587,15.040038442082004,18.300923674538907,0,6,0,luxury,13,web,1
14588,414.0107296185267,8.820232526013296,0,8,0,grocery,8,mobile,1
14589,185.6853066378513,0.7054801023549305,0,8,0,luxury,2,mobile,0
14590,310.6139168618371,12.742284713144791,0,9,0,grocery,8,web,1
14591,264.0278662887387,2.9954460914022345,0,9,0,travel,23,web,1
14592,166.1414183948142,2.3252634515745845,0,8,0,luxury,11,branch,1
14593,161.3966122054908,3.0906932821626922,0,7,0,travel,14,branch,1
14594,213.6611309400444,8.996094817150077,1,3,0,travel,16,web,1
14595,131.96325211411116,5.386402366,0,7,0,clothing,8,web,1
14596,140.4758584927761,0.3053810221961569,0,4,0,clothing,23,mobile,1
14597,245.34448865693753,15.803550072105647,0,2,1,electronics,7,branch,1
14598,82.80320910257521,0.7995770989105393,0,8,0,luxury,5,mobile,1
14599,330.8152636386725,6.843607397837056,0,2,0,electronics,8,branch,1
14600,312.3931452700251,5.054882826503045,0,1,0,luxury,14,mobile,1
14601,110.10415979611278,1.0383694296185288,0,5,0,clothing,23,branch,0
14602,247.06069869782695,0.9360599340640258,0,9,0,clothing,17,web,0
14603,225.34882410009502,10.213719802616039,0,5,1,clothing,21,web,0
14604,100.86476172243917,2.7210065988089838,0,2,0,luxury,10,web,0
14605,259.9206562228806,5.314920597797905,0,4,0,clothing,23,mobile,0
14606,434.05750284582393,3.5066125772070524,0,8,0,electronics,13,branch,1
14607,338.47960332034256,6.497896286466693,0,7,0,travel,12,mobile,1
14608,42.92081312281287,3.2623527834050225,0,5,1,luxury,12,web,0
14609,230.95285622731896,1.6940342052420778,0,4,0,travel,21,branch,1
14610,302.3845105085091,2.2579382144319595,0,5,0,electronics,12,branch,1
14611,95.41990037834569,9.797732824721297,0,7,0,grocery,15,mobile,0
14612,330.8574146452408,3.155885020138349,0,5,0,clothing,11,web,1
14613,86.39831505438583,1.2004906837323952,0,8,0,electronics,20,mobile,1
14614,130.89277186129763,13.636577052076406,0,7,0,grocery,23,mobile,0
14615,89.34590546684518,7.962915198541662,0,7,0,luxury,17,web,1
14616,77.10127217447612,0.28637758260205354,1,9,0,electronics,11,web,1
14617,213.41628775853562,34.26142301752574,0,8,0,luxury,4,mobile,1
14618,47.00332114588971,5.936015958554989,0,8,0,travel,16,branch,1
14619,136.73149194244695,0.8733540866531566,0,6,0,travel,20,web,1
14620,213.49411980932948,1.3535851882040162,0,7,0,luxury,22,web,0
14621,90.43301551067331,5.895514553376616,0,8,0,travel,0,web,1
14622,369.7837546418515,7.565211048277297,0,5,0,travel,12,web,0
14623,145.42822167093664,1.3658457685369263,0,2,1,clothing,9,branch,0
14624,479.9685310146578,1.4850865788055045,0,7,0,luxury,2,branch,1
14625,41.75905070686291,1.8344972891744753,0,3,1,luxury,5,mobile,1
14626,219.55268951284492,4.556744375399362,0,8,0,grocery,15,mobile,1
14627,189.09807605549577,0.9426007117712139,0,6,0,clothing,0,web,0
14628,119.74557625904352,0.550431651,0,4,0,electronics,18,mobile,0
14629,166.8984911610593,5.679454234862359,0,2,1,clothing,7,branch,0
14630,243.19367592278888,7.550179210883027,0,7,0,electronics,8,web,1
14631,276.0509441680595,3.475038595609589,0,1,0,luxury,22,web,1
14632,149.17183318850937,2.261468580301158,0,7,0,clothing,19,web,0
14633,221.58544275403943,2.828545314795974,0,7,0,grocery,22,mobile,0
14634,82.45035210031412,2.4584480691270225,0,3,0,travel,6,web,0
14635,279.7556980429389,16.092493009837938,0,4,0,electronics,10,web,0
14636,418.6810348903415,7.307027524591839,0,4,0,travel,22,branch,0
14637,294.63699683424863,1.166520064957887,0,4,0,luxury,7,web,1
14638,89.50898505062814,2.424077138127147,0,9,0,luxury,10,mobile,0
14639,71.20124002844094,3.9264471228734923,0,6,0,luxury,13,web,0
14640,680.6350797716906,4.746470272422327,0,9,0,travel,13,mobile,1
14641,400.41776079109655,3.157287593124385,0,4,0,luxury,3,branch,0
14642,276.74827390528225,8.306989645472507,0,7,0,luxury,19,branch,0
14643,437.05797512063145,7.296605778115469,0,9,0,travel,8,web,1
14644,162.7901716373342,3.5175829742260283,0,3,1,luxury,7,branch,0
14645,273.2434613607908,9.635469979,1,3,0,electronics,14,web,1
14646,367.17848869588704,6.953310035921055,0,6,0,clothing,19,branch,0
14647,131.91241865046914,7.538511389849222,0,8,0,electronics,5,branch,1
14648,230.83241398146234,15.663580028500837,0,1,0,luxury,15,mobile,0
14649,340.2225450972068,1.549413062443076,0,4,0,luxury,15,mobile,1
14650,66.69995328879779,1.5574711399646743,0,8,0,luxury,13,web,1
14651,121.62401667968422,10.98897520617787,0,6,0,luxury,14,web,1
14652,335.08878339033896,7.3970150448601455,0,2,0,travel,21,mobile,0
14653,192.90294380300267,13.055448380854404,0,8,0,clothing,20,branch,0
14654,174.4922361794215,0.3260545907926971,0,1,0,travel,11,web,0
14655,159.31093953801908,4.941043098592771,0,1,1,travel,22,branch,1
14656,358.77556781217754,0.7810960612170301,0,7,0,luxury,17,mobile,1
14657,73.49360301751501,3.504860561130092,0,3,0,electronics,23,branch,0
14658,115.0401320810874,0.8465149277740043,1,8,0,electronics,10,branch,1
14659,46.59695086316455,0.6852794618296664,0,9,0,grocery,6,web,1
14660,128.69304567744362,0.061214929075458765,0,8,1,clothing,5,branch,1
14661,185.9998113226907,4.974489603,0,1,0,grocery,2,mobile,1
14662,24.32993193144664,2.2238055306590736,0,1,0,travel,8,branch,1
14663,83.57951421822496,0.5557097850273974,0,6,0,grocery,14,mobile,1
14664,192.68715755146138,1.949222077350781,0,1,1,grocery,1,mobile,1
14665,228.24634007128165,0.9252910387575485,0,8,1,grocery,3,web,1
14666,502.75742947635484,14.210322680336738,0,6,0,clothing,1,mobile,0
14667,252.81809357195812,1.9283483289047774,0,5,0,electronics,5,mobile,0
14668,144.7241823675634,2.031979130129157,0,6,0,electronics,11,web,1
14669,182.31286090075292,9.158471892860726,0,4,1,grocery,6,web,1
14670,186.9873750000911,5.217152420053211,0,1,0,clothing,8,web,0
14671,115.19207057141088,6.1923314041003685,0,7,0,electronics,5,mobile,1
14672,198.77553538810199,5.053031836856526,0,9,1,luxury,21,web,1
14673,110.66154846815557,14.612063713058632,0,4,0,electronics,4,mobile,0
14674,206.0620415352067,1.1596655298542333,0,4,0,electronics,3,mobile,1
14675,159.1861704685999,22.567169084949686,0,9,0,clothing,9,mobile,1
14676,139.74059362774966,8.887986466366542,0,4,1,clothing,19,web,1
14677,142.9004538249043,4.445476864891515,0,4,0,electronics,3,mobile,1
14678,282.4569417275639,5.429047344167204,0,8,0,luxury,4,mobile,1
14679,264.03716579683805,5.232365500883132,0,4,0,luxury,16,web,0
14680,134.15345207672817,0.30085356455760665,0,9,0,grocery,17,web,1
14681,274.98264473708707,1.2296081826315914,1,8,1,grocery,2,mobile,1
14682,156.82048289052568,16.281705386939954,1,5,0,electronics,22,mobile,1
14683,158.67824424579265,3.8217599349261446,1,9,0,electronics,12,mobile,1
14684,115.27464596574153,2.376919209435737,0,8,0,electronics,0,web,1
14685,468.4985113939225,7.178231146,0,4,0,luxury,18,web,1
14686,436.4101901609528,3.7171411756578254,0,4,0,travel,22,branch,0
14687,95.98880404,0.066250842,0,1,0,grocery,21,web,0
14688,127.95328009016143,6.663532843125207,0,4,0,grocery,1,mobile,0
14689,217.6311773,6.587902097,0,8,0,travel,3,web,1
14690,246.77363894015664,0.9025083416398603,0,5,1,electronics,15,web,0
14691,67.98697811890968,15.693406615604456,0,6,0,grocery,15,branch,1
14692,78.85353367987305,1.2674218930842147,0,4,0,luxury,16,branch,0
14693,247.32096173761812,3.060134813112219,0,5,0,travel,20,mobile,1
14694,42.537887805521784,0.6093466480682711,0,8,0,luxury,11,branch,0
14695,96.69475292662102,4.622651916933406,0,9,1,electronics,1,mobile,1
14696,304.2055024561371,2.3536284097730125,0,3,0,grocery,23,mobile,1
14697,294.6809407657855,2.1783856138024267,0,4,0,luxury,9,mobile,1
14698,451.6935841497649,8.771650178666823,0,1,1,travel,5,mobile,0
14699,552.7006802,0.048038598,0,5,0,electronics,11,branch,1
14700,861.7720424985793,7.996120529300783,0,4,0,grocery,11,mobile,0
14701,124.99339928692036,4.236722574438457,0,6,0,grocery,16,mobile,1
14702,102.25030984395273,21.378797503465037,0,6,0,electronics,17,web,1
14703,223.67321287624668,4.451205210018104,0,6,0,electronics,3,mobile,0
14704,47.7327454,0.28485816073639375,0,3,1,electronics,2,web,1
14705,137.70488760731345,0.2598640810180497,0,7,0,luxury,16,branch,0
14706,185.62306082912238,10.734448878176098,0,3,0,clothing,22,web,0
14707,235.85927874869745,9.200994058311316,0,6,1,grocery,8,branch,1
14708,254.09029587514982,2.122399307495063,0,1,0,luxury,21,branch,0
14709,134.39136399665975,4.812098555574094,0,8,0,travel,11,web,1
14710,55.14817236188443,3.362718067132176,0,7,1,grocery,6,branch,1
14711,67.13737249334969,17.081157418158877,0,9,0,clothing,15,branch,0
14712,20.86761878,14.974752983404041,0,3,0,travel,7,branch,0
14713,105.34794726471905,20.62577437548172,0,8,1,grocery,2,web,1
14714,46.61703210038287,10.066351045308704,0,2,0,clothing,20,branch,0
14715,111.49993580971054,12.01487827318842,0,9,0,electronics,12,mobile,0
14716,222.07094774265252,1.2248934284114397,0,1,0,clothing,19,web,0
14717,56.41227616637312,8.889483682015445,0,7,0,grocery,8,mobile,0
14718,177.96290963003435,6.169705562024474,0,1,1,clothing,8,web,0
14719,133.25003529464828,16.455419587691647,0,6,0,grocery,3,mobile,0
14720,213.7719537878999,4.234544345434545,0,1,0,grocery,13,branch,0
14721,250.73037531479548,0.4450696312803429,0,4,0,clothing,17,mobile,0
14722,126.74155310438637,4.549045058249838,0,7,0,clothing,0,mobile,1
14723,166.95493388546697,5.801070479212658,0,2,0,travel,18,mobile,0
14724,133.6651852954843,1.2443650964559634,1,3,0,travel,1,web,1
14725,114.33409010169196,2.5053120596232277,1,4,0,luxury,4,branch,1
14726,92.59306817871442,4.562781244367579,0,6,0,grocery,21,branch,1
14727,234.6298192,2.342869158000666,0,9,0,travel,13,mobile,1
14728,399.57987334748026,2.3495999016313314,0,4,0,luxury,8,mobile,1
14729,368.17910058840215,0.7140811851833233,0,6,0,grocery,19,web,0
14730,51.38463203744136,14.12967096895099,0,7,0,luxury,19,mobile,0
14731,394.65072718194085,6.941369285,0,4,0,travel,14,mobile,1
14732,74.91393766,0.006221063,0,6,0,luxury,19,mobile,1
14733,185.6763488635936,7.2539144766736685,1,3,0,clothing,0,web,1
14734,210.53747987361598,6.731427344419493,0,5,0,luxury,18,mobile,0
14735,39.08601099,0.048893077,0,4,0,electronics,3,mobile,1
14736,145.12116121717597,2.3070377887121167,0,7,0,electronics,13,mobile,0
14737,411.1514049421537,4.666519318814596,0,6,0,luxury,0,web,1
14738,12.991041272762274,3.014253669,0,7,0,electronics,4,web,0
14739,714.5432784164426,7.5250768538933315,0,6,0,luxury,9,branch,1
14740,19.70542380524824,2.7709132813594737,0,2,0,luxury,8,web,0
14741,206.6848654301436,0.835369789,0,7,0,luxury,16,branch,0
14742,41.117377552698755,18.735854158503397,0,8,0,electronics,13,branch,1
14743,230.9460595027449,1.3856232782496944,0,7,0,grocery,6,mobile,1
14744,357.30947022351876,6.3237885274348535,0,4,0,luxury,17,branch,1
14745,293.7973864162141,0.7724988551362609,0,4,1,luxury,9,mobile,1
14746,327.4665212885237,1.9950247033644533,0,5,0,clothing,3,web,1
14747,134.14185746855338,2.9172289764937718,0,9,0,clothing,13,web,0
14748,409.2384289721666,1.0674019800383259,0,5,0,travel,2,branch,0
14749,611.1622610976655,2.9888175297240553,0,2,0,electronics,22,mobile,0
14750,178.73547783890774,0.8549074335975413,0,5,0,grocery,21,branch,1
14751,122.21692220302475,4.093626156388127,0,3,1,luxury,10,branch,1
14752,84.87582253307265,5.448955339260458,0,8,1,luxury,9,web,1
14753,280.7506091876652,0.3223421327873257,0,2,0,electronics,7,branch,1
14754,338.18899062411043,10.244837969506953,0,4,0,travel,8,mobile,1
14755,122.26092080601101,1.0237002288320847,0,5,0,travel,22,web,1
14756,469.63937377118634,1.2768000229184764,0,4,0,clothing,5,web,0
14757,264.51864020426046,5.413938405512083,0,5,1,electronics,13,branch,1
14758,177.19802870064393,3.162622774286705,0,4,0,travel,23,branch,0
14759,211.62659240544363,3.459695544572832,0,3,0,travel,8,branch,0
14760,68.89732292211718,0.6857180273028503,0,1,0,grocery,13,mobile,1
14761,278.52100603577566,8.192681517,0,4,0,clothing,7,branch,1
14762,73.20663475102938,4.799309672847391,0,9,1,clothing,5,mobile,1
14763,109.68789212363103,0.7273376909019615,1,1,1,clothing,23,branch,0
14764,157.43661138255328,2.3420194837066464,0,7,1,travel,5,branch,0
14765,548.8970492193283,8.314455391882463,0,3,0,luxury,21,web,0
14766,199.34406212244735,4.200759472,0,8,0,travel,1,web,1
14767,79.98164163089554,0.5750837095103075,0,6,0,travel,23,mobile,0
14768,212.20663578463424,2.332266063515685,0,1,0,electronics,4,branch,0
14769,253.4143248740652,1.3899420307943768,0,5,1,clothing,2,mobile,1
14770,376.5916653,3.643514846800499,1,8,0,clothing,10,web,1
14771,163.5509135901558,9.269061535092423,0,3,1,grocery,6,web,1
14772,91.00323744220515,2.865873914793655,0,4,0,clothing,8,web,1
14773,645.7000630969972,2.839996927,0,7,0,travel,12,web,0
14774,212.5459646624882,11.787894673371378,0,6,0,electronics,15,mobile,0
14775,80.42936334565736,4.292296065200788,0,7,0,grocery,22,branch,0
14776,162.43937571934077,4.175755676909035,0,9,0,travel,11,mobile,1
14777,109.7346293101009,1.518446820525805,0,9,0,travel,7,branch,0
14778,392.0541364075741,4.678932066338604,0,2,0,grocery,13,web,1
14779,251.6974506189626,4.289053421451301,0,3,0,travel,13,mobile,0
14780,129.45403935031604,2.527958973725944,0,4,1,travel,4,branch,0
14781,338.32757100036355,23.38632103707221,0,6,0,electronics,9,branch,1
14782,152.43148283807614,10.680735276509479,0,5,1,electronics,21,web,1
14783,159.55966325994854,6.9232044458281985,0,6,0,electronics,23,branch,1
14784,88.82282544985163,3.8538745742933047,0,8,0,clothing,13,branch,1
14785,88.20425413,3.100039404683031,0,2,1,grocery,22,mobile,1
14786,617.8130225878742,1.0222063911689097,0,6,0,electronics,16,web,0
14787,327.46151751778547,1.8245255524357893,0,9,0,travel,3,web,1
14788,25.115512742295103,7.435234213206199,0,5,1,clothing,23,branch,0
14789,71.59504716635888,3.023383087928533,0,1,0,grocery,14,branch,0
14790,58.43819223,10.696786528180702,1,8,0,electronics,10,web,1
14791,174.52064013694854,0.8003222876388072,0,4,0,electronics,8,web,1
14792,118.63479853824326,3.5499114558012446,0,8,0,grocery,14,web,1
14793,445.4837109879846,5.205950071847177,0,4,0,electronics,21,branch,0
14794,127.95693678820028,3.637124597421675,0,8,0,grocery,19,branch,0
14795,576.8207310886141,11.001356189809599,0,9,0,grocery,1,web,1
14796,156.0826146521691,22.81212548698294,1,5,0,travel,0,web,1
14797,659.8725527744679,0.6155559787928004,0,5,1,grocery,20,branch,1
14798,141.88576155136386,0.6960511714125989,0,2,0,luxury,23,branch,0
14799,144.11144881133907,0.6981734053368084,0,9,0,electronics,19,branch,1
14800,322.4904814772035,5.715597452,0,4,1,travel,16,mobile,0
14801,290.6999992915793,2.3314613881624653,0,3,0,clothing,3,web,0
14802,49.26072862739234,6.608429110903852,0,2,0,luxury,4,mobile,0
14803,177.7307392994761,2.599932894756034,0,3,0,grocery,4,mobile,0
14804,117.73402244525428,4.939023912159283,0,4,0,clothing,13,branch,0
14805,111.15688838254091,7.345293969689023,0,9,0,clothing,0,web,1
14806,177.0813962474615,3.972754458573432,0,6,0,clothing,1,branch,1
14807,132.16503688657124,3.8772511008421646,0,5,1,clothing,21,branch,1
14808,191.42757744655415,0.46186128770815194,0,9,1,travel,9,branch,1
14809,68.63536945713895,2.6447930431859623,0,8,0,travel,4,branch,1
14810,38.18756641347814,3.945836747208697,0,6,0,clothing,8,web,0
14811,331.0890196978809,3.099305397150915,1,3,1,luxury,12,web,1
14812,366.7160379136274,11.552179157189325,1,7,0,electronics,22,branch,1
14813,317.00917284824976,11.850607563083235,0,6,0,electronics,20,mobile,0
14814,171.1384968984787,8.627538411902382,0,8,0,travel,12,branch,1
14815,124.11177372922013,2.352403318027637,0,6,0,luxury,8,mobile,0
14816,98.90359040285665,6.316830067677679,0,4,1,luxury,13,mobile,0
14817,83.66728486017466,2.515018649053147,0,7,0,grocery,16,branch,1
14818,156.21677506305394,1.3236938001027123,0,7,0,travel,2,web,1
14819,360.58727926009675,2.0996154407180025,1,8,0,luxury,17,branch,1
14820,91.87494342650706,0.3680423561629017,0,2,1,luxury,11,web,1
14821,361.0104932931834,2.0156704527439158,0,6,0,electronics,22,mobile,1
14822,40.368727943519055,3.087807806462672,0,3,0,luxury,8,web,0
14823,198.90275318489026,15.559184255890804,0,8,0,luxury,15,web,0
14824,230.22481684991706,1.8800940819951493,0,4,0,clothing,12,web,0
14825,108.0512117124945,11.63713246754689,0,4,1,electronics,17,branch,0
14826,64.51115479,1.2994155183240907,0,2,0,electronics,11,mobile,0
14827,301.50179586749147,1.059589586856184,0,6,0,clothing,21,mobile,0
14828,172.1341267435668,3.659392814170073,0,6,1,electronics,1,web,1
14829,791.3803733873289,5.581509699606755,0,1,0,grocery,18,mobile,0
14830,364.3387329499155,0.22672484508950072,0,8,0,grocery,0,web,0
14831,366.3147562934586,1.2491439372632582,0,3,1,travel,5,web,0
14832,9.242002161228454,3.0411235286357035,0,1,0,electronics,17,web,1
14833,93.47980980114976,2.0098885008258427,0,1,1,electronics,2,web,1
14834,57.45048442711729,6.234768265054049,0,1,0,grocery,21,branch,0
14835,19.43463531683966,3.5786063035521556,0,5,0,travel,5,web,0
14836,161.76787648545076,0.8739049261155842,0,5,0,travel,3,mobile,1
14837,296.2894988402678,11.243581108736622,0,1,1,grocery,16,branch,0
14838,70.66525104371037,1.7329560341333385,0,5,0,grocery,22,mobile,0
14839,20.976525293221414,6.567657060575561,0,7,0,clothing,17,branch,1
14840,76.23638664,7.568724918196898,0,5,0,travel,21,web,1
14841,146.88218141819905,16.50554322178082,1,9,0,travel,6,branch,1
14842,138.4427014,3.4508328003701676,0,4,0,clothing,1,mobile,0
14843,168.03182263074805,4.783422364816473,2,9,0,grocery,14,branch,1
14844,226.77556808400067,2.038911154,0,8,1,clothing,21,branch,1
14845,164.8692311706594,5.668803501768625,0,1,1,clothing,16,web,0
14846,307.85093128580957,3.112357829817303,0,4,0,luxury,5,web,0
14847,71.90417864217636,2.8781752610841487,0,7,0,travel,7,branch,1
14848,133.8476941784925,9.671255423371699,0,1,0,grocery,7,web,0
14849,254.17534446089468,0.257355201,0,8,1,luxury,6,web,1
14850,205.6678171124981,10.683761484965512,0,2,0,luxury,3,branch,1
14851,532.8477935,9.555074969035465,1,8,0,luxury,19,mobile,1
14852,74.74081031055168,3.5298072037064614,0,4,0,grocery,4,web,0
14853,257.45395554026607,3.368711928664892,1,8,1,clothing,7,branch,1
14854,97.84227870274286,2.2455755511523843,0,1,0,grocery,13,branch,1
14855,88.71799308965875,25.72694432215123,0,5,1,travel,19,branch,0
14856,349.5391229864798,0.589242686,0,9,0,travel,2,mobile,1
14857,163.43592474968142,4.460616110369737,0,7,0,clothing,17,mobile,0
14858,203.08890665169704,5.723515541013546,0,3,0,grocery,21,mobile,0
14859,104.43392994589126,13.615566019520228,0,4,0,clothing,14,web,0
14860,109.65917629554708,7.575265732028003,0,7,0,clothing,20,branch,0
14861,37.37900858722092,5.161977173134671,0,6,0,grocery,4,branch,0
14862,191.29809805926504,0.6210877461122383,0,4,0,travel,14,mobile,0
14863,65.5088091,2.3398965325032215,0,3,0,grocery,5,web,0
14864,149.03336411429342,0.7473843437880918,0,2,0,travel,9,web,0
14865,307.62007672831186,10.652105267164742,1,9,0,electronics,22,branch,1
14866,26.753262340186556,6.923900652003395,0,3,0,electronics,19,mobile,0
14867,928.5047964009935,7.084526391224144,0,7,0,electronics,14,branch,1
14868,87.11312392049194,5.281450955265679,0,1,0,luxury,19,mobile,0
14869,152.4278827098751,3.5366720952773667,0,8,0,travel,8,mobile,1
14870,202.9044633832771,0.8124244119369053,0,1,0,travel,3,branch,0
14871,84.54529561593314,2.0001113863975157,0,2,0,grocery,7,mobile,0
14872,112.98016353414148,0.736215087,0,1,0,travel,12,mobile,0
14873,357.3569344888703,6.453341935052696,0,4,1,grocery,16,mobile,0
14874,284.7470089304685,0.8731288832328941,0,2,0,luxury,3,mobile,0
14875,136.13399412682824,6.05521453,0,1,0,grocery,1,web,1
14876,166.43068637616986,5.892425134869739,0,1,0,electronics,4,mobile,0
14877,185.3993130144874,3.0744948315934186,1,2,0,grocery,1,mobile,1
14878,249.48147043460054,0.7264507350755447,1,6,0,grocery,15,mobile,1
14879,262.3336422782254,1.8902285910798244,0,2,0,grocery,22,branch,0
14880,257.4443275519196,1.9289970764909428,0,2,0,travel,22,web,0
14881,119.13846613690995,6.026287031090314,0,8,0,clothing,14,mobile,0
14882,180.9608286746019,0.6037416231188615,0,5,1,clothing,3,mobile,1
14883,331.60419210805395,8.832466214691046,0,8,0,clothing,14,branch,1
14884,644.6221621,7.156611151928907,0,8,1,travel,4,web,1
14885,177.1623017475993,1.0308601671736115,0,2,0,electronics,2,web,0
14886,106.18524427389262,6.349928846789589,0,7,1,clothing,13,web,1
14887,83.13103274697556,5.520836166236556,0,9,0,clothing,6,mobile,1
14888,258.86464662171375,6.894028359613222,0,8,0,luxury,14,web,1
14889,35.526069444740436,1.0469956717777746,0,9,0,luxury,4,branch,1
14890,260.7172239447941,0.8574441490505778,0,8,1,electronics,8,branch,1
14891,263.9660328973902,1.3491058999125738,1,4,0,grocery,12,mobile,1
14892,109.44327696530607,2.2775199202668417,0,7,0,grocery,6,mobile,0
14893,199.59166670409604,7.891270627720495,0,9,0,luxury,3,mobile,0
14894,139.7638937714477,6.695602511940271,0,9,0,luxury,6,mobile,1
14895,47.02939604,12.98153298265559,0,4,1,electronics,0,branch,1
14896,247.3280451914691,0.30209274796526475,0,7,0,electronics,14,mobile,1
14897,231.68174058398168,0.058117869,0,6,0,travel,14,mobile,0
14898,116.82025867548826,6.005531744367908,0,3,0,grocery,17,mobile,0
14899,638.0477914484526,1.637574835589213,0,6,0,travel,14,mobile,0
14900,167.49187827687436,2.032920386106927,0,8,0,clothing,2,branch,0
14901,23.812767877308147,3.9571311004106304,0,2,0,electronics,4,web,0
14902,343.56639433411016,0.5402268227994254,0,3,0,grocery,4,mobile,1
14903,290.5534514650533,5.145819436425983,1,8,0,grocery,15,branch,1
14904,314.71584766703614,1.9663052541590669,0,4,0,travel,22,web,0
14905,68.95606576509633,5.008087519870335,0,4,1,luxury,9,branch,1
14906,195.67964103506372,8.979045682565841,0,2,0,luxury,21,web,1
14907,165.33376093373224,0.9383471561102128,0,1,0,electronics,22,branch,0
14908,145.21230937718005,13.359056152900868,0,7,0,luxury,12,mobile,0
14909,406.0868800712432,3.7824389354184724,0,4,1,clothing,14,web,0
14910,169.26142308699033,12.81506091129592,0,6,0,grocery,7,branch,0
14911,120.19460153436697,1.1642656996393062,0,8,0,luxury,19,mobile,1
14912,119.20957585680907,4.638814741668318,0,7,0,electronics,6,mobile,1
14913,64.12289131551087,2.5866261469352008,0,7,0,clothing,13,web,0
14914,181.95032920168214,7.441019550117975,0,6,0,travel,5,branch,0
14915,427.1851676430968,4.655866438949932,0,4,1,travel,7,mobile,1
14916,128.33031829844478,3.4111890927627666,0,4,0,clothing,14,branch,1
14917,203.8345883014498,12.208397161111922,0,9,0,electronics,16,mobile,1
14918,143.41598969318878,2.366983409091151,1,5,0,travel,4,mobile,0
14919,155.76712493067436,1.2421799064242969,0,9,0,grocery,11,mobile,1
14920,299.65896088262684,4.683758011,0,9,0,grocery,12,web,1
14921,63.33322098491411,4.891208846155771,0,4,1,electronics,2,branch,1
14922,39.477498643278345,2.8910152679432755,1,2,0,electronics,18,web,1
14923,343.9219453831479,3.333597869122314,0,2,0,grocery,14,web,0
14924,106.97410937824678,16.038865234743557,0,9,0,electronics,17,web,1
14925,121.36725570807599,6.596650635710043,0,9,0,clothing,20,web,1
14926,728.6358949483345,0.5860508509651998,0,3,1,electronics,19,web,1
14927,289.2847437,1.1921113365276204,0,5,0,grocery,6,mobile,1
14928,78.13537296907262,18.561074998971012,0,5,0,luxury,13,mobile,0
14929,360.4640279064171,6.481638595701576,0,2,0,electronics,23,mobile,0
14930,294.00498410770916,12.328175296431764,0,2,1,travel,19,web,0
14931,2.3064233734303197,1.8110329623076369,0,1,1,clothing,18,mobile,1
14932,187.02220753135583,6.771398905,1,2,0,clothing,23,mobile,1
14933,66.35798604634951,6.258864692845284,1,7,0,clothing,10,mobile,1
14934,155.51607219271855,1.7455891793020397,0,1,0,travel,6,web,1
14935,645.9657087671745,4.001617001,0,1,0,travel,10,branch,1
14936,308.5088743946383,4.936451889590314,0,9,1,clothing,7,branch,1
14937,337.61607914923127,3.2805269941905673,0,2,0,clothing,23,mobile,0
14938,143.64536372701696,8.777486024,0,4,0,clothing,9,web,1
14939,338.6874570733384,8.944887965120879,0,3,0,electronics,23,branch,1
14940,89.79007828,9.505658381569807,0,4,0,travel,10,mobile,0
14941,185.24328408957655,8.13351981,0,7,0,grocery,0,web,1
14942,298.7083436425839,3.347968543179982,1,2,0,electronics,19,branch,0
14943,292.3897969705116,2.401791658274289,0,2,0,grocery,9,branch,0
14944,42.12890666838843,8.900427886593011,0,9,0,electronics,6,web,1
14945,555.3023051241316,3.3686982404021926,0,6,0,electronics,21,branch,0
14946,75.18401617157656,1.4142780172591671,0,7,0,grocery,2,mobile,0
14947,814.0820143795786,3.5397158397881583,0,5,0,clothing,18,mobile,0
14948,304.92736952747686,0.7648808104122973,0,5,0,grocery,3,web,1
14949,286.9859954690755,5.882266331875007,0,4,0,luxury,5,web,0
14950,81.21286346,2.0467729238059187,0,8,0,travel,0,mobile,1
14951,110.78655160984516,1.5099787874011286,0,7,1,luxury,3,web,1
14952,525.8934179615845,15.675977119855242,0,2,0,electronics,6,branch,1
14953,481.07134236896735,7.500249992776009,0,2,0,grocery,10,branch,1
14954,146.84350001159316,7.7339473519481325,0,6,0,clothing,5,branch,1
14955,137.17611012566536,4.887134827196979,0,1,0,clothing,4,branch,0
14956,140.3999991973358,9.137124238324354,0,7,0,luxury,11,web,1
14957,362.14585729454427,7.118163842811404,0,8,1,luxury,1,branch,1
14958,338.4230338990247,4.5661484100267975,1,8,0,electronics,17,web,1
14959,221.97199279300236,16.23694261075054,2,3,0,travel,21,mobile,1
14960,186.6214681816445,1.0634602308717076,0,7,0,electronics,8,branch,1
14961,145.5207872592562,14.356940181536809,0,1,0,clothing,13,web,0
14962,772.1733888764433,2.5661271884104937,0,3,1,grocery,11,mobile,0
14963,47.165721591583406,3.758109773420118,0,6,1,luxury,8,branch,1
14964,122.64083847176946,0.6547554483240446,0,9,0,clothing,0,branch,0
14965,210.89140076211805,3.883811898262553,1,5,0,electronics,6,branch,0
14966,37.98591149222223,4.723537862185284,0,5,1,travel,6,web,0
14967,104.63084177501709,30.37758366182628,0,9,0,grocery,9,web,1
14968,640.4895600290116,18.483028337204278,0,9,0,travel,1,mobile,1
14969,322.9974632329051,16.965743081406778,0,6,0,electronics,3,branch,1
14970,103.91577316796044,2.1415303922676223,0,5,0,electronics,7,mobile,0
14971,101.26160740584409,23.70294464700633,1,2,0,clothing,21,web,0
14972,47.53264268876826,3.0392360589265977,0,8,1,grocery,13,branch,1
14973,116.4880820346283,9.547186285330064,0,8,0,electronics,12,mobile,1
14974,251.3844423767253,1.2187723284279086,0,7,0,clothing,15,branch,1
14975,221.15036147715895,3.524410628984171,0,8,1,electronics,6,web,1
14976,121.63343239571445,16.908752930627852,0,3,0,clothing,9,mobile,1
14977,74.19359656625988,14.690279678733912,0,3,0,travel,10,branch,1
14978,143.98918401890634,5.755872114590811,0,2,0,clothing,10,branch,0
14979,141.48016920075125,7.992844042501648,0,1,0,travel,5,branch,1
14980,294.56722046355065,0.9705135943919645,1,3,0,luxury,11,mobile,1
14981,198.26091978102508,6.394533398473326,0,3,0,electronics,9,web,0
14982,178.91311250907503,4.812338426675997,0,7,0,luxury,8,web,0
14983,384.11761687728716,0.48008669554454153,0,9,0,grocery,21,mobile,1
14984,478.12034761178063,0.6004478804507616,0,1,0,luxury,5,branch,1
14985,219.1948385386655,0.5739329971446437,0,8,0,clothing,8,mobile,0
14986,223.18194749645457,6.443242461806785,0,1,0,clothing,2,mobile,0
14987,151.99285336998747,0.7640965472487548,0,3,1,grocery,6,web,1
14988,80.25028635463926,3.1530433322168365,1,4,0,grocery,2,mobile,0
14989,311.1240648749862,2.207911297324147,0,8,0,electronics,19,branch,1
14990,270.1202608343126,3.998143185299921,0,1,0,clothing,7,web,0
14991,161.84847070448726,6.128987656170897,0,2,0,grocery,21,web,0
14992,198.71831266797955,5.771510968226583,1,5,0,luxury,21,branch,1
14993,366.8425348934238,3.623394773073101,0,6,0,clothing,7,mobile,0
14994,409.31437074907063,3.121230386781468,1,5,0,grocery,12,web,1
14995,9.840710316,2.5359578009245523,0,3,0,electronics,1,mobile,1
14996,98.11004256289823,9.899246291,0,7,0,travel,13,branch,0
14997,161.43984720844347,2.008748630025295,0,1,0,clothing,4,web,0
14998,64.00515706421011,1.501242306875468,0,2,0,clothing,12,branch,0
14999,202.6490333139143,6.799537749893458,0,9,0,clothing,22,web,1
15000,102.60952172788033,2.2295878990576052,0,4,0,clothing,12,branch,1
15001,207.7465663655964,9.386541028591509,0,8,0,travel,18,mobile,1
15002,105.2751397879034,1.9866567745127381,0,9,0,travel,23,branch,1
15003,109.10916577958822,6.052383285905306,0,7,1,electronics,2,branch,1
15004,206.57225200299223,0.23079043861669782,0,1,0,clothing,13,branch,0
15005,320.5976569787867,2.435243412432839,0,5,0,grocery,3,branch,1
15006,259.07080405457094,2.102108321490664,0,6,0,luxury,9,branch,1
15007,162.50555036693763,8.482575710939606,0,8,1,clothing,5,mobile,0
15008,26.324395167110193,17.06464007,0,8,1,travel,5,mobile,1
15009,106.89150030953847,3.089097332261695,0,9,0,electronics,1,web,1
15010,97.22837191409278,8.710170916499555,1,9,0,clothing,1,branch,1
15011,281.8024182354872,6.014778291594592,1,4,1,electronics,18,mobile,1
15012,187.85672652984863,17.11506628345622,0,6,0,grocery,2,branch,0
15013,193.12343480857677,8.332912894,0,3,1,grocery,19,branch,0
15014,83.60520501748474,0.403220633,0,1,0,grocery,3,web,0
15015,420.47214427588244,6.246275782030618,0,6,0,grocery,3,branch,0
15016,192.1449706372263,3.8339655403738435,0,1,1,luxury,10,mobile,0
15017,79.16081309104456,0.082863142,0,9,0,electronics,2,web,0
15018,84.34769965387503,1.4471710909846782,0,6,0,clothing,16,web,1
15019,213.36346764414566,12.739567404530494,0,1,1,luxury,8,web,1
15020,76.47774879623486,13.022599459360197,0,3,1,clothing,13,branch,1
15021,98.31495418069103,8.018533342185014,0,1,0,travel,1,web,1
15022,61.087035371632204,20.026068067010808,0,2,0,luxury,13,mobile,1
15023,280.1811015017641,8.213557564084892,0,6,0,luxury,2,mobile,1
15024,78.12435370501534,0.051283035,1,7,0,travel,1,web,1
15025,467.61424561613245,1.697223632586677,0,1,0,luxury,21,web,1
15026,233.1247708924146,0.1555145072714093,1,5,0,electronics,21,web,1
15027,60.85669118267558,0.49417575416284487,0,6,0,grocery,0,branch,1
15028,257.38595384973314,1.2348816519278691,0,4,0,clothing,3,web,1
15029,420.97055784055993,3.501448602636904,0,6,0,travel,9,web,1
15030,157.08720048120017,9.404002818627163,0,5,0,grocery,14,branch,0
15031,454.39381648246666,9.901303627118972,0,7,0,luxury,20,web,0
15032,236.32856509136388,4.788192689676826,0,4,0,electronics,11,web,0
15033,102.70142507503166,13.167678742834102,0,1,0,luxury,5,mobile,0
15034,647.1259596501451,3.4663592075510747,0,2,0,travel,20,mobile,0
15035,46.199517802639775,10.992749261620585,0,6,0,luxury,2,mobile,0
15036,128.48383743176933,3.026279137,0,2,0,electronics,2,branch,0
15037,162.50845191599086,1.6232865942263464,0,5,0,luxury,18,mobile,0
15038,576.3257337815764,12.409331467818685,1,4,0,luxury,21,mobile,1
15039,284.7737173558749,2.4545845830221764,0,7,0,luxury,19,web,1
15040,251.80858806746582,3.4998933994704777,0,4,0,luxury,3,branch,1
15041,89.62627436,1.993892312154102,0,7,0,electronics,18,web,1
15042,152.48063907586237,5.435952832291767,0,8,0,clothing,13,web,0
15043,104.7676561015227,26.52290974671214,0,7,0,grocery,3,branch,1
15044,245.79173925416583,0.12922331766341416,1,2,1,travel,7,branch,1
15045,376.54266179025694,11.505331535023116,0,1,1,clothing,18,web,0
15046,744.4811432996055,0.019668920912859933,0,5,0,electronics,18,web,1
15047,114.89507824044927,2.2645754176856507,0,7,0,travel,21,web,0
15048,44.85705844914407,0.9232621936865014,0,1,0,travel,0,branch,0
15049,130.24148938222976,7.080506652616347,1,8,0,luxury,21,web,1
15050,341.91767241502697,0.25968245732579104,1,3,1,grocery,14,web,1
15051,80.18719723907547,4.031410903270174,0,7,0,grocery,10,mobile,1
15052,167.06203826489013,1.747263534854264,0,3,0,electronics,8,mobile,1
15053,254.1072090850906,0.7174483395653763,0,4,1,clothing,2,mobile,0
15054,116.8545233,7.388063261877117,0,8,0,luxury,17,mobile,1
15055,198.40867660799222,1.2257754005673143,0,2,0,grocery,18,mobile,0
15056,73.32258172,1.2659215259826226,0,6,0,luxury,15,web,1
15057,394.4742842593315,1.6084477013572263,0,9,0,clothing,15,web,1
15058,138.29063770041154,4.418715544654333,0,9,0,travel,2,branch,1
15059,194.12839293565776,5.389137949556337,0,5,0,clothing,17,branch,0
15060,27.654335844519593,0.088796453,0,3,1,travel,12,branch,0
15061,64.17667987591551,1.384499620542875,0,6,0,clothing,19,web,0
15062,334.09409153992453,2.819118013842492,0,9,0,luxury,7,mobile,1
15063,115.4888480363257,2.017163016440263,0,6,1,clothing,6,web,1
15064,76.76635796472918,10.778186826018555,0,4,0,grocery,23,web,0
15065,41.17889293367938,7.748980181745075,0,5,0,grocery,22,branch,1
15066,389.4280426816903,4.916029916512008,0,7,0,electronics,21,branch,0
15067,276.1452513042632,2.062768988004703,0,3,0,grocery,18,branch,0
15068,263.4404419675109,6.031082344736055,0,9,0,grocery,19,branch,0
15069,495.92893978517526,9.277907646491236,0,1,0,travel,23,web,0
15070,128.58902450524297,4.517247391104686,0,8,0,luxury,11,branch,1
15071,45.41725203948145,7.673077887516055,0,5,0,luxury,17,mobile,0
15072,174.63783089447747,6.913603001081939,0,9,0,travel,14,web,1
15073,559.5406825783575,4.240092563510679,0,2,0,grocery,11,mobile,0
15074,177.38124349265854,1.8711639001675506,0,1,0,clothing,5,web,0
15075,369.87690594330974,6.847818669,0,7,0,travel,16,web,1
15076,47.23356672812343,1.1583765067778493,0,9,1,luxury,22,branch,1
15077,88.02735082561946,7.559023675112693,0,5,0,electronics,3,mobile,0
15078,320.44255430968553,8.162168812854375,0,4,0,luxury,11,web,0
15079,191.1786339713386,8.633929951408483,0,4,0,clothing,16,mobile,0
15080,154.83532189767294,3.201976476462596,0,8,0,luxury,20,web,0
15081,366.4080171582671,1.0689420358318598,0,1,0,travel,4,web,0
15082,317.47293646712563,0.5252672588453329,0,1,0,electronics,5,web,0
15083,195.05782811178588,6.8004291342648475,1,8,1,luxury,14,mobile,1
15084,10.045154322993085,10.869261549691851,0,2,0,travel,7,web,1
15085,169.03417175355193,5.261101544039307,0,6,0,travel,19,mobile,0
15086,231.1042024286074,0.7783595337977458,0,2,0,travel,15,mobile,0
15087,28.540880465938724,13.658880884970536,0,5,1,electronics,12,branch,1
15088,225.45901522195368,22.595886634747217,0,3,0,travel,22,mobile,0
15089,377.8014094317151,2.8403197034163075,0,7,1,electronics,14,web,1
15090,168.7895219984382,4.5171846019296895,0,9,0,clothing,19,web,1
15091,68.96348093590113,7.508043931556983,0,2,0,clothing,12,web,0
15092,12.133794239044136,6.666418721825246,0,7,1,clothing,14,web,0
15093,228.7317968129785,17.176955697388824,0,8,0,travel,1,mobile,0
15094,32.844596658990376,0.6101777111138117,0,8,1,electronics,23,branch,1
15095,261.90121479065465,4.346139652528949,0,7,0,clothing,20,mobile,0
15096,541.7184783607211,5.887164286976633,0,4,0,grocery,19,web,1
15097,91.68095821943947,11.04085039536815,0,4,0,clothing,17,mobile,0
15098,141.07133041745288,10.361719060044038,0,9,0,travel,6,branch,1
15099,562.3168333625632,19.083517210450587,0,9,0,grocery,20,branch,1
15100,184.8280092929481,3.5880032615950346,0,5,0,luxury,8,branch,1
15101,116.4513240853586,8.882212874710865,0,7,0,grocery,6,branch,1
15102,341.8994953583959,2.786806601905342,0,7,0,luxury,8,branch,0
15103,121.82620327917013,2.7436229954174287,0,9,1,grocery,11,mobile,1
15104,86.36723779,1.4607827699711426,0,7,0,electronics,9,branch,0
15105,259.03709020011945,8.525266086950671,0,8,0,grocery,9,branch,0
15106,360.92976573693625,21.277888351424824,0,7,0,clothing,12,web,1
15107,85.81595761816135,1.480868309799749,0,4,1,luxury,4,branch,0
15108,196.52767972267645,0.28884258321507233,0,2,0,luxury,21,mobile,1
15109,146.04523090172003,8.451679275348894,0,3,0,clothing,7,web,1
15110,165.12260905707922,4.840948054991932,0,7,0,electronics,9,mobile,0
15111,69.60488311,16.056870237350186,0,9,1,grocery,5,web,1
15112,273.2223994283647,1.4533608187924956,0,2,0,electronics,10,branch,0
15113,466.3240085265218,0.36838156205249095,0,7,0,clothing,3,mobile,1
15114,84.06557194006136,3.3907240142304005,0,4,0,grocery,1,web,0
15115,273.0625241195828,0.4467032908370986,0,7,0,clothing,5,mobile,1
15116,336.4771750032011,1.5176347175368854,0,5,0,luxury,12,web,0
15117,195.44769354739677,0.6732478638845292,0,7,0,luxury,11,branch,1
15118,264.9078595697622,1.268865539605048,0,6,0,luxury,13,mobile,1
15119,93.00122577739722,0.5610566047554221,0,2,0,travel,7,mobile,0
15120,448.83907338075664,15.385362384344552,0,7,1,travel,2,mobile,1
15121,362.8152897920229,1.6325491273715431,0,5,0,luxury,4,branch,1
15122,391.33009213720936,2.934014019193993,0,9,0,travel,21,branch,1
15123,58.84392509336406,11.443993203511473,0,1,0,travel,6,web,0
15124,241.44145182642123,5.6554954004516205,0,1,1,clothing,17,mobile,0
15125,99.11285499,4.812163959215876,0,2,0,grocery,5,web,0
15126,474.71789536613204,6.1134543360081794,0,8,1,luxury,17,web,0
15127,85.67849277489921,8.825264150913684,0,9,0,travel,7,branch,1
15128,201.39097440045822,10.505134914575764,1,7,0,clothing,6,mobile,0
15129,19.76084608770659,5.145053401805459,0,1,0,clothing,1,branch,1
15130,200.6173716296275,11.036705244794927,0,7,1,grocery,3,mobile,1
15131,59.51964772,3.832865683587044,0,8,1,clothing,22,web,1
15132,250.4026041609448,1.623742142958654,0,7,1,electronics,8,branch,1
15133,149.5092949725286,10.60451490650121,0,5,0,electronics,15,branch,1
15134,124.80928825896255,3.898678624740352,0,7,0,luxury,18,mobile,0
15135,482.7611226,11.829626332437758,0,2,0,grocery,9,web,0
15136,676.7864768863527,0.2049840799958076,1,9,0,electronics,7,branch,1
15137,43.4232143,2.533468787979916,0,2,0,grocery,15,web,0
15138,128.14709038602712,14.763844629635285,0,2,0,luxury,7,branch,0
15139,304.09911064357584,1.4360781913009688,0,5,0,clothing,19,branch,1
15140,221.46926291870903,14.196741535856823,0,8,0,clothing,3,branch,1
15141,292.47912239234296,15.384978585781415,0,6,0,clothing,22,web,0
15142,158.1101077872303,10.691387175724635,0,9,1,electronics,19,web,1
15143,373.1302487952872,4.146759804295424,0,6,0,grocery,12,web,1
15144,194.91403554660496,5.205578522046828,0,5,1,electronics,9,web,0
15145,231.07836272492995,10.186394970986735,0,1,0,travel,22,web,0
15146,59.589594634621214,7.478249395119402,0,8,0,grocery,8,web,1
15147,180.25829440121655,4.9725297634727035,0,3,1,luxury,11,web,1
15148,306.40370291342913,20.159499622280443,0,2,0,electronics,14,mobile,0
15149,212.57269200091753,5.786665011910045,0,7,0,clothing,21,web,0
15150,186.38438389767052,18.541737146405204,0,2,0,clothing,0,web,0
15151,241.64647212672529,0.2955051866549369,0,1,0,clothing,11,mobile,0
15152,194.0911859609251,0.748073743,0,2,0,electronics,23,mobile,1
15153,162.24414691378107,3.0024648600016017,0,6,0,electronics,13,web,0
15154,313.0699761064133,2.4296851590936934,1,2,1,clothing,21,web,1
15155,153.6205572848482,7.633183710796554,0,1,1,clothing,22,web,1
15156,56.00026203813796,0.8754231916784044,0,1,0,clothing,1,mobile,0
15157,468.2570507812309,18.66837564784593,0,4,0,travel,2,branch,0
15158,101.72209580650421,1.8921630680424188,0,8,1,electronics,5,branch,1
15159,41.15419287280795,2.8011623329395077,0,6,0,clothing,18,branch,0
15160,263.37802766170387,1.6061600327954682,0,4,0,luxury,20,branch,0
15161,508.5028978,4.329932588078394,0,6,0,clothing,12,branch,1
15162,267.8538736014703,0.30208818719087366,0,6,1,electronics,19,web,1
15163,424.17282168413254,0.810697981,0,9,0,luxury,20,branch,1
15164,77.36552003986567,6.848124428614216,0,4,0,electronics,7,web,0
15165,56.789823961030685,1.0320503473866618,0,6,0,electronics,3,mobile,0
15166,127.76636317135257,1.342760785352579,2,1,0,electronics,18,mobile,0
15167,354.4738275194015,7.874753358222469,0,7,0,grocery,6,branch,0
15168,251.03780696385272,0.48972471970963444,0,7,0,luxury,6,mobile,1
15169,264.45201895920246,2.876588043450527,0,1,0,travel,0,web,0
15170,186.30077285268635,0.1166675413168605,0,8,0,travel,18,branch,0
15171,129.8172625567888,2.1294162287418503,0,5,0,grocery,16,branch,0
15172,192.70346823773488,6.002916153977833,0,9,0,electronics,7,web,1
15173,149.43795219156013,0.4721209005347559,0,8,0,travel,20,web,1
15174,122.53555542165859,10.961243094928193,0,3,0,luxury,14,web,0
15175,225.8957856,12.011974265457336,0,1,0,clothing,19,branch,0
15176,138.33606556960342,0.5546040335748883,0,3,0,luxury,18,mobile,1
15177,207.40103550632028,23.406173788284782,0,2,0,electronics,6,mobile,0
15178,22.695413949032055,1.7657597377476626,0,2,0,luxury,23,mobile,0
15179,194.86397549646378,0.4392495757676607,0,4,0,electronics,23,mobile,0
15180,137.64572405288234,0.025399979,0,2,0,luxury,12,branch,0
15181,439.5843024738672,2.6256615214110246,0,8,0,grocery,0,web,1
15182,39.19451377923628,4.968694265105061,3,5,0,luxury,6,mobile,1
15183,184.17364174021256,2.018677398166175,0,1,0,travel,4,branch,1
15184,308.98507878553676,9.061363127974657,0,6,0,clothing,17,branch,0
15185,154.17120844491697,6.304590479067688,0,7,0,grocery,7,mobile,0
15186,133.9123810137261,2.1551572884820516,0,1,0,luxury,14,web,0
15187,308.2491389330054,6.627119043,0,3,0,electronics,17,web,1
15188,246.65093747213166,14.107864431546869,0,9,0,grocery,5,branch,1
15189,260.0461307150247,0.48859338151089254,0,7,1,travel,4,web,1
15190,122.73699360098944,1.8271656409712758,0,4,1,clothing,21,branch,0
15191,110.35457604207546,3.111821658616129,0,6,0,clothing,10,web,1
15192,207.5882683,3.4456774682831175,1,6,1,luxury,7,mobile,1
15193,326.15999514577175,3.9065667918617013,1,3,0,travel,8,web,1
15194,49.13845223980101,1.7878546299014328,0,2,0,travel,12,mobile,0
15195,158.49792584320397,5.5019640540216415,0,5,1,clothing,2,mobile,1
15196,114.53974316337145,5.179377779772429,0,8,0,clothing,2,branch,1
15197,173.53102623360832,4.311635417263815,0,3,0,travel,6,mobile,1
15198,288.9737356018241,0.6038471370662717,0,5,0,clothing,2,branch,0
15199,84.22678425876583,3.2405621155186366,0,3,0,electronics,10,mobile,0
15200,266.6743686687991,2.2020446235978026,0,7,0,clothing,13,mobile,0
15201,126.15547825631532,3.376914222688097,0,6,0,electronics,20,mobile,1
15202,361.8880361,12.74667775763165,0,6,1,clothing,9,web,1
15203,88.67482053136987,3.2747440179020963,0,1,0,grocery,19,web,0
15204,323.0439919968018,0.070397218,0,2,0,grocery,8,mobile,0
15205,54.54960434558861,2.8887169816975606,0,6,1,grocery,11,branch,0
15206,197.47132195444306,8.592029637874427,0,8,0,electronics,7,mobile,0
15207,270.64371731592206,7.572023473495877,0,5,0,electronics,11,branch,0
15208,90.77082967929174,3.6014622459320482,0,2,0,luxury,8,mobile,0
15209,117.71248369893563,1.436870685072592,0,5,0,luxury,21,mobile,0
15210,174.96390380471888,3.128271354,0,9,1,clothing,17,branch,1
15211,133.53192503726376,4.147151428870208,0,6,0,electronics,23,branch,1
15212,108.71787797656984,44.79550706014134,0,5,0,grocery,16,web,1
15213,311.4881690073988,5.166624632916472,0,6,0,grocery,10,branch,0
15214,387.12915633698583,5.925181682779916,0,9,0,grocery,20,mobile,1
15215,371.8286057220854,3.3809994387615134,0,7,0,clothing,1,branch,0
15216,239.3548681681158,2.1885694051898548,0,3,0,electronics,22,web,0
15217,262.8377099749291,8.381976346914314,0,5,0,clothing,20,mobile,0
15218,77.93303596,3.415314237380219,0,4,0,travel,18,mobile,1
15219,162.86316605676618,26.19093959728137,0,5,1,travel,13,mobile,0
15220,185.99196401526433,3.0543401788221165,0,8,0,luxury,22,branch,1
15221,213.12177188118136,0.35211384319743183,0,6,0,electronics,2,mobile,0
15222,210.4081379745024,5.737617960041778,0,4,0,grocery,5,mobile,0
15223,175.2982250786675,0.23882107054162524,0,5,0,electronics,3,branch,0
15224,237.38123819693965,1.4417554602087939,0,7,0,luxury,11,mobile,1
15225,203.63725920853116,2.1827533790405833,0,8,0,grocery,1,branch,0
15226,203.2963999444146,6.725447043616314,0,5,0,clothing,5,branch,1
15227,96.13705811876243,3.408424880745789,0,2,0,grocery,4,web,0
15228,62.41046413104891,0.14532116905119782,0,6,0,travel,4,mobile,0
15229,213.89281852819755,4.7966416670215075,0,9,0,clothing,7,branch,1
15230,121.9691679301159,2.650350052663695,0,3,0,grocery,4,web,1
15231,100.02744825570322,12.744635163806542,0,7,0,clothing,23,branch,0
15232,275.5261777180419,3.4613609288002105,0,8,1,travel,7,mobile,1
15233,164.21017239517624,6.171733031573163,0,6,0,travel,0,web,1
15234,425.4602256207363,1.2350587980821546,0,3,0,electronics,19,branch,1
15235,255.3904344185381,7.155905622565709,0,1,0,travel,8,web,1
15236,91.06969964099625,6.381916662549685,0,3,0,travel,13,mobile,0
15237,277.8963600912705,11.721292902851337,0,6,1,travel,1,branch,1
15238,229.40235932068106,0.17203412955639602,0,4,1,luxury,10,mobile,0
15239,88.09736287305533,2.9665155412352324,0,1,0,travel,3,branch,0
15240,110.14541470638657,5.683991968802905,0,6,1,electronics,3,web,0
15241,268.8270189424959,0.5000072837236194,0,1,0,clothing,16,mobile,0
15242,30.876303731136325,2.6432855459626587,0,8,0,luxury,15,web,1
15243,18.797606397232737,14.249215536904556,0,3,0,clothing,6,branch,1
15244,194.96730642139676,2.862924416634085,0,3,1,clothing,11,branch,0
15245,184.37771229639776,21.135307198059113,0,1,0,electronics,16,mobile,0
15246,207.8650518841762,0.2925917198756004,0,3,1,luxury,4,mobile,1
15247,184.76894568261287,6.326223797248485,0,7,0,grocery,7,branch,0
15248,235.2305160444434,4.349615549033349,0,8,0,travel,19,web,0
15249,390.6954399159179,3.471135588732505,0,8,0,clothing,4,branch,1
15250,172.48474339046513,17.676056136386503,0,3,0,clothing,10,web,1
15251,45.19672000394095,0.6943015476651883,0,5,0,electronics,18,mobile,0
15252,26.752275562534226,11.316771499501748,1,1,0,electronics,20,web,0
15253,130.78529281392767,5.875961672,0,9,0,electronics,18,branch,1
15254,133.5257152507312,1.4987467725465586,0,8,1,luxury,3,web,1
15255,53.30300669541239,11.597087107240663,0,2,0,travel,10,mobile,0
15256,14.510156746663046,2.8044134819094952,1,1,0,luxury,18,web,1
15257,123.18514364553299,8.416157733491522,0,4,0,electronics,4,branch,1
15258,506.7868222632371,2.461953947,0,9,0,electronics,1,branch,0
15259,228.40643139097475,9.516724176753751,1,8,0,clothing,18,web,1
15260,214.3369210746807,5.061656270187144,0,3,0,luxury,16,branch,1
15261,150.6339861653242,0.7602032334736935,0,6,1,luxury,20,mobile,1
15262,130.61018459792746,5.244300986060237,0,9,0,travel,19,web,0
15263,245.02453033604152,1.0619130592142063,0,8,1,luxury,17,web,1
15264,59.64988876211535,2.654483773,0,5,1,travel,14,web,0
15265,594.8085082608196,0.9334288361206793,0,9,0,grocery,15,branch,0
15266,64.02711901994766,0.11131043635162177,1,9,0,travel,11,web,1
15267,260.7865167336717,1.1905660700978684,0,3,0,electronics,7,web,0
15268,69.70611000813683,3.8433641180854634,0,8,1,grocery,5,web,1
15269,188.22530100029843,3.2846642156955856,0,4,0,clothing,23,web,1
15270,280.53810566115476,3.480729315950618,0,7,0,clothing,17,mobile,0
15271,36.536441889481544,1.4230132832604019,0,8,0,clothing,10,branch,0
15272,76.94490455,5.7784725956286795,1,7,0,electronics,5,mobile,1
15273,81.61030219993414,6.091428514917707,0,5,0,clothing,16,web,1
15274,139.50036458119598,2.2155843029863074,0,1,0,travel,9,branch,0
15275,205.79322721881672,10.650310616122852,0,8,0,electronics,18,web,1
15276,513.5896471006475,5.164448827625537,0,5,0,luxury,14,mobile,1
15277,109.33778655193949,6.242049600890266,0,3,0,electronics,15,web,0
15278,492.1170740383633,1.6240815833567153,0,2,0,electronics,22,mobile,0
15279,222.6889058508573,0.003059111,0,3,0,luxury,16,mobile,0
15280,61.98651769489296,10.026333451176988,0,9,0,travel,21,branch,1
15281,151.17841963411274,8.641793792063186,0,2,0,grocery,6,web,0
15282,46.00324534295078,0.6573355552760709,0,1,0,luxury,18,web,0
15283,130.84522371839367,2.3428643460064915,0,2,0,electronics,7,web,1
15284,123.70465105572505,5.413782913,1,2,0,clothing,7,branch,0
15285,190.5438953051307,5.279357025916936,1,5,1,luxury,4,mobile,1
15286,261.4020482391877,9.843091920386115,0,1,1,luxury,10,branch,0
15287,160.44998501058862,0.7556737710720254,0,8,0,grocery,1,branch,0
15288,68.84982902295646,2.810066090499231,1,2,0,electronics,17,mobile,1
15289,424.2603918,0.5114064064401553,0,6,0,clothing,20,web,0
15290,535.4448318704495,2.468165073509006,0,5,0,clothing,3,mobile,1
15291,148.59754257470595,0.076113628,0,2,0,grocery,11,mobile,0
15292,215.65860267458956,11.427315822425875,0,1,1,clothing,3,mobile,0
15293,142.2660350321323,3.7437645568381726,1,6,0,travel,4,web,1
15294,191.68454893225083,9.479012958559068,0,6,0,luxury,16,mobile,1
15295,199.26717156626384,0.30887013472785485,0,3,1,luxury,22,branch,1
15296,54.13196924291868,1.290345228776935,0,8,0,clothing,18,mobile,0
15297,132.82038641650385,1.5013379964191196,0,9,1,clothing,9,mobile,1
15298,342.4537003044353,2.444435991279484,0,3,1,clothing,13,branch,0
15299,322.45705402789946,8.119367337457094,0,9,0,luxury,14,web,1
15300,130.87283637157745,2.4433467649576985,0,8,0,clothing,13,branch,0
15301,202.06373892120607,1.1448872375027188,0,5,0,travel,15,web,0
15302,138.87676340850498,0.3359916649886186,0,6,1,travel,7,web,1
15303,268.4685576307793,0.41414657019614914,0,1,0,luxury,8,web,0
15304,36.19260966905763,7.136565332452646,0,5,0,electronics,7,web,0
15305,245.49688664684126,2.942161285589371,0,7,1,electronics,10,branch,0
15306,443.24956594667793,6.476442101836657,0,1,1,electronics,11,web,1
15307,95.24300040021888,5.733036013442138,0,9,0,travel,13,branch,1
15308,403.7663957605638,0.7272244540248403,0,7,0,grocery,17,mobile,1
15309,209.53073936778196,0.7709330184841225,0,4,0,electronics,22,branch,0
15310,160.13926657341108,7.039470125454846,0,4,0,grocery,11,mobile,1
15311,130.0648150317464,6.387527926074297,1,7,0,luxury,3,branch,1
15312,413.2589612465396,2.3743232594725723,0,6,0,travel,12,mobile,0
15313,139.23385975762983,0.402918196,0,3,0,electronics,20,branch,0
15314,487.70593664258746,0.060858992,0,9,0,travel,15,branch,1
15315,451.1177768479502,1.6994891325336452,0,6,0,luxury,9,branch,1
15316,115.57086035644562,0.04632531,0,2,0,travel,20,branch,0
15317,147.48808205487674,1.307295408519312,0,2,0,clothing,10,mobile,0
15318,25.067865901957127,2.719333765,0,1,0,electronics,11,web,0
15319,164.18510352201764,0.6472174563771111,0,5,0,travel,17,branch,0
15320,180.13435055483916,0.5506245582311974,0,6,0,travel,1,mobile,1
15321,367.3291975887731,11.33789681547679,0,3,1,travel,18,branch,1
15322,467.33800521380937,4.403050003413705,0,4,0,luxury,4,web,0
15323,286.2940898957406,13.625144135583886,0,5,0,electronics,19,mobile,0
15324,347.1990440139975,2.121910791178358,0,4,0,electronics,9,mobile,0
15325,147.39615040006683,5.652758894234027,0,9,0,clothing,15,mobile,1
15326,57.55896953064208,1.1451270442513173,0,3,0,clothing,11,branch,0
15327,209.24688965099642,4.816129751896957,0,5,0,travel,8,branch,0
15328,363.1631565120278,0.6939300413264649,0,7,0,electronics,2,web,1
15329,7.092074936406763,0.010414033565366115,2,7,0,electronics,0,web,1
15330,186.62538371343828,13.406929478338608,0,6,0,travel,4,branch,1
15331,29.410669600016753,4.047218340354747,0,9,0,grocery,7,branch,1
15332,88.66870731272674,13.082416647029682,0,7,0,electronics,16,mobile,1
15333,192.22414610669614,2.0310633650915153,0,4,1,travel,0,branch,1
15334,472.3928261381461,1.9858931982987698,0,9,0,travel,12,mobile,1
15335,172.84778408912166,2.5595894484650508,0,6,1,grocery,5,web,0
15336,273.39528516547415,6.121574612894839,0,1,1,clothing,14,branch,0
15337,207.7590936918138,4.171349535050644,0,9,0,travel,6,web,1
15338,93.43901961135553,12.975052459539844,0,7,1,electronics,23,branch,1
15339,238.13166087354168,0.1288505827503495,0,6,1,clothing,7,branch,1
15340,56.04293478018864,6.158363612013678,0,6,1,clothing,2,mobile,0
15341,170.96641190452965,2.0048338742338383,0,4,0,clothing,14,branch,0
15342,408.0416998652734,0.9936796028466652,0,4,1,travel,3,web,1
15343,196.23543695345174,3.5707880344641008,0,3,0,electronics,8,branch,1
15344,207.82501300189472,3.5166319082274944,0,8,1,grocery,10,web,1
15345,130.69174488037913,0.7367668372855469,0,8,0,luxury,20,branch,1
15346,39.09414779902999,1.1275821727113333,0,2,1,luxury,13,web,0
15347,142.93174747103018,2.6226341648030527,0,5,0,clothing,8,web,0
15348,311.32004960126443,2.628101066551854,0,9,0,luxury,11,web,1
15349,227.34993648685514,1.9103897090376287,0,9,1,luxury,4,branch,1
15350,59.29660122031254,0.8040440306689717,0,7,0,travel,20,mobile,1
15351,27.66320522483687,0.021916358076782636,0,4,0,grocery,5,web,0
15352,92.49151330021623,17.572120848711748,0,4,0,luxury,18,web,0
15353,144.07687657406615,14.367505036819317,0,7,1,grocery,4,mobile,0
15354,152.2626648251626,3.3048559160218325,0,3,1,luxury,0,web,1
15355,153.82966588607007,26.54360981057477,0,3,0,clothing,9,web,1
15356,171.56190773410844,5.598990621748754,0,5,1,clothing,13,branch,0
15357,232.7966563,0.356714963,0,6,0,grocery,22,mobile,1
15358,123.6270959043883,0.6262188591570215,0,8,0,grocery,16,web,1
15359,75.64579440424517,12.39129460707229,0,1,0,grocery,10,branch,0
15360,252.20081512828037,4.971966850942231,0,7,0,grocery,3,branch,1
15361,316.47453136125216,9.263398773446458,0,8,0,electronics,17,branch,0
15362,108.08389564863032,11.42714795,0,5,0,clothing,18,branch,1
15363,597.4838367580269,2.970510930989782,0,2,0,luxury,3,mobile,1
15364,455.71921219584357,0.24871433501109427,0,4,0,electronics,11,mobile,0
15365,63.47148202199103,1.0430012784909088,0,6,0,grocery,13,branch,1
15366,30.102211273514083,0.3444569580155189,0,9,1,luxury,17,mobile,1
