ID,transaction_amount,account_tenure_years,num_prior_fraud_flags,country_risk_score,is_international,merchant_category,hour_of_day,channel,is_fraud,customer_age,device_trust_score,ethnicity,gender,country_of_origin,,,,
10367,239.367939,1.961894827,0,2,0,clothing,9,web,0,70,0.788579217,Other,Male,Nigeria,,,,
10368,149.446473,8.014908341,0,6,0,electronics,18,mobile,0,46,0.711115599,Other,Male,France,,,,
10369,138.2283584,1.182699399,0,9,1,travel,20,branch,1,40,0.319214107,Black,Female,France,,,Average Transaction Amount,201.75399
10370,138.2302294,3.94360479,0,4,0,grocery,10,mobile,0,74,0.490208089,Asian,Male,UK,,,,
10371,464.9714412,0.991328855,0,3,0,clothing,11,web,1,67,0.076153386,Asian,Female,India,,,Median Transaction Amount,169.1314404
10372,286.6706231,2.133934261,0,9,0,travel,9,branch,1,38,0.827500268,Other,Other,UK,,,,
10373,113.1078002,13.39428018,0,2,0,grocery,6,branch,1,65,0.265954809,Black,Other,India,,,,
10374,246.9814473,0.789651483,0,9,0,clothing,23,mobile,0,60,0.889225142,Other,Female,India,,,Average Customer Age,48.5238
10375,199.8960264,5.003811618,0,2,0,grocery,7,mobile,1,27,0.596796693,Other,Female,France,,,,
10376,21.59149435,4.494148742,1,3,0,luxury,10,branch,1,58,0.567820162,Asian,Female,Nigeria,,,,
10377,67.12422827,0.643363804,0,7,1,grocery,17,mobile,0,29,0.162718742,Other,Female,Nigeria,,,,
10378,210.6165637,1.972470381,0,2,0,luxury,15,mobile,0,47,0.06953536,Black,Male,Brazil,,,,
10379,436.5176867,4.138898805,0,1,0,luxury,0,web,0,78,0.552616581,Asian,Other,India,,,,
10380,139.1852185,1.036219424,0,9,1,grocery,5,branch,0,68,0.467989123,Asian,Female,France,,,,
10381,105.8027439,8.062805332,0,6,0,luxury,16,web,1,50,0.119683034,Other,Female,India,,,,
10382,181.4007541,17.90578038,0,9,0,clothing,21,web,1,35,0.835587723,White,Other,China,,,,
10383,100.5284481,1.208825556,1,3,0,luxury,12,branch,1,31,0.417240119,Other,Female,Brazil,,,,
10384,131.7741381,1.034579455,0,3,0,electronics,22,branch,0,39,0.2604578,Black,Other,China,,,,
10385,164.9302479,3.034251785,0,3,0,clothing,9,web,1,38,0.788272093,White,Other,France,,,,
10386,64.01373048,6.886975925,0,2,1,clothing,9,branch,0,18,0.913064157,Black,Female,India,,,,
10387,297.0060094,1.653648057,0,6,1,clothing,0,web,1,66,0.305962703,Asian,Male,Nigeria,,,,
10388,53.51814463,0.100400863,0,3,0,electronics,6,web,1,60,0.775949885,Black,Female,Nigeria,,,,
10389,47.27934438,3.895929278,0,5,0,electronics,19,mobile,0,69,0.652519657,Black,Male,Brazil,,,,
10390,193.3950418,15.6865446,0,5,0,electronics,8,web,0,77,0.989727784,Black,Female,China,,,,
10391,281.3353808,2.481958606,0,3,0,electronics,10,branch,1,32,0.203992707,Other,Male,Nigeria,,,,
10392,189.7835574,2.724795962,0,3,0,electronics,19,web,0,53,0.960678995,Other,Other,India,,,,
10393,152.1779177,17.35301337,0,1,0,travel,1,web,0,64,0.315272057,Black,Other,Brazil,,,,
10394,130.7381435,5.93078905,0,6,0,travel,0,branch,0,71,0.411954298,Other,Female,China,,,,
10395,113.9909831,6.35006311,0,3,0,electronics,22,branch,1,39,0.358825814,Asian,Female,UK,,,,
10396,343.7799301,4.135702032,0,1,0,clothing,11,mobile,1,49,0.268450697,Asian,Male,Brazil,,,,
10397,212.1043939,18.36684402,0,9,0,luxury,6,branch,1,75,0.693222581,White,Male,Nigeria,,,,
10398,121.7318814,5.837665742,1,1,0,luxury,18,web,1,63,0.589145321,Other,Male,France,,,,
10399,93.66065293,11.27053449,0,5,0,travel,4,branch,0,71,0.305691946,Other,Male,Brazil,,,,
10400,258.7618957,6.009522486,0,5,0,electronics,11,branch,0,50,0.132212457,Black,Male,India,,,,
10401,338.3441673,6.642313117,0,2,0,grocery,13,mobile,0,75,0.317375638,White,Female,China,,,,
10402,318.1209782,1.7153462,0,1,0,luxury,6,web,1,58,0.381231312,Asian,Other,Brazil,,,,
10403,80.10470482,1.808284509,0,6,0,luxury,7,mobile,1,76,0.380653443,Asian,Male,Nigeria,,,,
10404,129.8497801,7.638935943,0,7,1,clothing,13,mobile,1,56,0.357259534,Black,Other,Brazil,,,,
10405,112.1434968,1.75990339,1,9,0,luxury,11,web,1,40,0.048722506,Other,Other,India,,,,
10406,143.8288116,4.136480342,0,8,0,travel,8,branch,1,60,0.464033108,Black,Female,India,,,,
10407,295.1088523,1.434094298,0,3,0,electronics,9,web,0,72,0.836208097,White,Male,Nigeria,,,,
10408,410.2262457,8.490891575,0,9,0,electronics,9,mobile,1,19,0.180366292,Asian,Male,India,,,,
10409,217.848714,0.585486455,0,1,0,luxury,0,mobile,0,19,0.145657343,White,Male,Nigeria,,,,
10410,96.48446231,8.84353534,0,6,0,grocery,21,web,1,55,0.471851055,Asian,Male,Brazil,,,,
10411,162.0841965,4.615693133,0,2,0,travel,5,mobile,0,72,0.370603012,Asian,Female,Brazil,,,,
10412,461.2539535,1.034564512,0,9,0,luxury,13,branch,1,68,0.561280641,White,Female,UK,,,,
10413,178.1588602,3.904816794,0,9,0,travel,22,branch,0,46,0.94707431,Asian,Male,Nigeria,,,,
10414,130.9684703,1.659903551,0,8,0,grocery,8,web,1,69,0.76088625,Asian,Male,France,,,,
10415,139.8852612,1.953872734,0,7,0,travel,22,web,0,63,0.687058153,White,Other,Nigeria,,,,
10416,217.1513364,2.165682584,0,6,0,travel,22,branch,0,77,0.415936944,Asian,Other,Brazil,,,,
10417,82.56317345,0.327063833,0,2,0,travel,11,web,0,20,0.287359836,White,Male,China,,,,
10418,109.9197118,21.3298243,0,4,0,electronics,18,b,1,56,0.540264103,Black,Male,Brazil,,,,
10419,314.9772394,0.160212756,1,7,0,grocery,19,branch,1,24,0.885443528,Other,Other,India,,,,
10420,212.8127615,5.43090252,0,6,1,electronics,21,branch,1,53,0.876742511,Other,Other,UK,,,,
10421,179.516084,2.31993004,1,9,1,clothing,22,branch,1,46,0.445514949,Other,Male,France,,,,
10422,325.6013565,5.192437184,1,5,0,luxury,11,web,1,72,0.246220353,Asian,Other,UK,,,,
10423,91.46857838,2.202210567,0,6,0,electronics,12,branch,0,54,0.22534445,White,Female,Nigeria,,,,
10424,127.8434917,5.600466506,0,6,0,travel,2,branch,1,66,0.033988417,Other,Other,China,,,,
10425,207.8930305,6.532529373,0,8,0,clothing,10,mobile,1,75,0.842664246,Asian,Male,Nigeria,,,,
10426,202.6914591,5.864836417,0,8,0,grocery,1,mobile,0,53,0.264838034,Asian,Female,Brazil,,,,
10427,42.58455743,0.604977094,0,6,1,grocery,17,mobile,0,40,0.358999141,White,Female,India,,,,
10428,118.0461414,5.348568055,0,8,0,electronics,17,mobile,1,62,0.809216141,Black,Other,France,,,,
10429,146.699837,1.642433873,0,7,1,travel,23,web,0,33,0.120024052,White,Male,China,,,,
10430,224.4605542,0.146121349,0,1,0,travel,8,mobile,0,65,0.461234079,Asian,Other,India,,,,
10431,202.1763642,2.679270119,1,5,0,grocery,0,mobile,1,48,0.12234138,Black,Other,France,,,,
10432,157.2392964,2.841771438,1,5,0,travel,15,mobile,1,51,0.44184857,Black,Other,China,,,,
10433,21.41050819,3.147803062,0,9,0,luxury,0,web,0,67,0.047139574,Other,Female,UK,,,,
10434,163.2671194,6.100920253,0,7,0,electronics,20,branch,0,18,0.517622826,Asian,Other,Brazil,,,,
10435,174.5639028,1.846947224,0,7,1,electronics,19,mobile,1,35,0.795709719,White,Other,India,,,,
10436,729.7997789,1.893730164,0,2,1,travel,23,branch,0,75,0.676296675,White,Other,Nigeria,,,,
10437,143.0459773,0.312315415,0,8,0,grocery,4,mobile,1,79,0.50916901,Other,Other,Brazil,,,,
10438,208.7059522,5.804905283,0,3,0,luxury,16,web,0,57,0.828758712,Asian,Male,France,,,,
10439,362.0212759,4.194636028,0,9,0,luxury,7,web,0,60,0.227787975,White,Male,China,,,,
10440,283.8072696,2.149494325,1,6,1,luxury,5,web,1,73,0.830796285,White,Male,Brazil,,,,
10441,421.2804581,6.107103672,0,9,0,clothing,0,branch,1,73,0.27636348,White,Female,Nigeria,,,,
10442,43.29122194,3.854006,0,9,0,travel,12,web,1,32,0.362486341,Black,Male,Nigeria,,,,
10443,68.70618942,3.167273279,0,7,0,luxury,17,branch,1,65,0.128430202,Black,Other,France,,,,
10444,103.7267044,3.580283492,1,8,1,travel,3,web,1,66,0.101754756,Other,Other,Brazil,,,,
10445,35.93171949,5.057791285,0,2,0,grocery,14,mobile,0,34,0.932111519,Other,Male,India,,,,
10446,175.6757294,5.39408661,0,5,1,grocery,13,mobile,0,61,0.189978247,White,Female,Brazil,,,,
10447,73.91777106,1.705117624,0,3,0,grocery,15,mobile,0,27,0.333296155,Asian,Female,Nigeria,,,,
10448,457.5208747,0.758438198,0,1,0,clothing,4,mobile,0,37,0.529151699,Asian,Female,China,,,,
10449,84.62008804,0.851772332,0,6,0,grocery,0,branch,0,23,0.347867133,Other,Other,France,,,,
10450,128.4503218,5.099803469,0,9,0,travel,22,web,1,25,0.870133283,Asian,Male,UK,,,,
10451,295.296216,10.3128547,0,2,0,electronics,3,branch,1,62,0.900714763,Asian,Female,UK,,,,
10452,52.9138057,2.633896704,0,9,0,electronics,16,branch,1,51,0.325990457,White,Other,China,,,,
10453,33.35831649,0.928758126,0,8,0,travel,5,mobile,0,78,0.092027696,White,Female,Brazil,,,,
10454,191.6571744,7.065296813,0,9,0,electronics,3,web,1,49,0.210158234,Asian,Female,Nigeria,,,,
10455,202.5190486,8.933545452,0,5,0,luxury,6,branch,0,68,0.474392921,White,Male,Brazil,,,,
10456,289.345464,10.62564523,0,2,0,electronics,0,branch,1,71,0.288481042,Asian,Other,France,,,,
10457,243.537722,4.667584125,0,6,0,clothing,9,branch,1,59,0.453472238,Asian,Female,India,,,,
10458,208.0223671,9.8566522,0,7,0,grocery,12,branch,0,21,0.7587035,Black,Other,UK,,,,
10459,93.3881417,0.077675021,0,3,0,electronics,8,web,1,61,0.420638434,Asian,F,Brazil,,,,
10460,198.4844912,0.567163944,0,6,0,electronics,13,mobile,1,67,0.196997456,Black,Male,Nigeria,,,,
10461,207.437426,0.485727684,0,6,0,clothing,0,mobile,1,56,0.357967641,Other,Female,China,,,,
10462,90.40842928,6.234483021,0,8,0,clothing,8,branch,1,37,0.742981218,Asian,Male,UK,,,,
10463,542.207552,0.360605494,0,1,0,electronics,5,web,1,41,0.42406212,Other,Female,UK,,,,
10464,235.6273571,3.429511168,0,4,0,luxury,9,web,1,41,0.249537853,White,Male,India,,,,
10465,69.84617455,3.199993577,0,1,1,electronics,10,branch,0,72,0.427411639,Black,Female,Brazil,,,,
10466,290.3277905,1.860419004,0,8,1,luxury,6,web,1,43,0.454806688,Other,Female,India,,,,
10467,324.539514,10.21671194,0,2,0,grocery,19,branch,1,42,0.296377205,White,Female,Nigeria,,,,
10468,225.8378349,0.934258222,0,8,0,travel,21,mobile,0,53,0.995685089,Asian,Other,Nigeria,,,,
10469,136.9519838,2.172895056,0,3,1,grocery,11,mobile,1,24,0.767626019,Black,Other,Brazil,,,,
10470,87.0685346,7.439897087,0,8,0,electronics,21,mobile,0,27,0.692454987,Asian,Female,UK,,,,
10471,156.9097196,0.15447339,0,6,1,electronics,11,branch,1,75,0.854866985,Other,Other,France,,,,
10472,214.7025946,5.588217192,2,1,1,luxury,13,branch,1,64,0.666419196,Asian,Other,India,,,,
10473,168.350845,8.474917086,0,7,0,clothing,9,mobile,1,29,0.790980343,White,Female,UK,,,,
10474,433.5527217,13.46097079,0,7,0,luxury,15,branch,1,18,0.412525645,Other,Female,China,,,,
10475,261.1912836,10.44934421,0,6,0,clothing,21,web,0,69,0.50037177,Black,Female,Nigeria,,,,
10476,78.69200544,1.923785901,0,1,0,clothing,3,mobile,0,67,0.046996383,White,Other,Nigeria,,,,
10477,63.11876548,4.413846303,0,5,1,clothing,22,web,1,42,0.280646391,White,Other,UK,,,,
10478,237.0351115,0.402220362,1,1,1,clothing,13,web,1,33,0.368012409,Black,Other,UK,,,,
10479,139.4502526,1.491154269,0,1,1,electronics,1,branch,0,22,0.625470225,White,Female,China,,,,
10480,276.8812146,0.494807271,0,6,0,travel,1,branch,1,36,0.464211285,Other,Other,Nigeria,,,,
10481,235.5305629,1.893049472,1,8,1,travel,10,mobile,1,21,0.607838262,Asian,Other,India,,,,
10482,157.4401879,10.40470186,0,1,1,grocery,10,branch,0,23,0.713327335,Black,Male,India,,,,
10483,79.50606811,2.132168398,0,2,1,grocery,5,branch,0,43,0.042718668,Black,Male,UK,,,,
10484,37.61997247,4.126518771,0,5,1,grocery,2,web,0,66,0.258277747,Other,Female,Brazil,,,,
10485,195.8620742,2.840339454,0,8,0,luxury,22,branch,1,56,0.170903873,Other,Female,Nigeria,,,,
10486,52.02515336,3.070908566,0,4,0,grocery,8,mobile,0,73,0.187455119,Black,Other,France,,,,
10487,76.62041294,17.46196873,0,5,0,grocery,2,branch,0,72,0.503125396,Black,Male,Nigeria,,,,
10488,187.310628,1.75598181,0,5,0,grocery,0,mobile,0,56,0.739978776,Black,Male,India,,,,
10489,174.2948876,4.935235647,0,3,0,electronics,1,web,0,26,0.272777034,Black,Female,India,,,,
10490,58.37219565,2.724176161,0,6,0,grocery,14,web,0,62,0.824449238,Other,Other,France,,,,
10491,349.2326564,0.315477446,2,5,0,travel,10,web,1,69,0.892456517,Asian,Female,India,,,,
10492,343.085843,3.360166592,1,2,0,electronics,7,mobile,1,31,0.350533872,Black,Other,France,,,,
10493,242.3914208,8.392421669,0,4,1,clothing,15,web,0,65,0.681356539,White,Male,India,,,,
10494,242.1844454,0.519879422,0,4,0,luxury,22,web,1,72,0.117049294,White,Other,China,,,,
10495,242.3934789,0.360659577,0,7,0,electronics,16,branch,1,26,0.744028285,White,Male,France,,,,
10496,322.6559947,0.834002296,0,7,0,electronics,2,mobile,1,32,0.165023875,Other,Male,Brazil,,,,
10497,265.6975361,7.2281015,0,9,0,travel,7,web,1,54,0.687415804,Black,Male,Nigeria,,,,
10498,85.47978107,6.436688446,0,2,0,grocery,6,branch,0,67,0.421900003,Other,Female,India,,,,
10499,137.9248481,4.162250484,0,6,0,clothing,20,branch,0,70,0.928456322,White,Female,UK,,,,
10500,679.6532198,3.157687259,0,2,0,travel,2,web,0,37,0.464460582,Asian,Female,France,,,,
10501,23.14843191,10.96084854,0,9,1,travel,6,mobile,1,25,0.030902817,White,Other,France,,,,
10502,112.8629709,7.277103861,0,2,0,electronics,4,web,1,49,0.480669036,Black,Female,France,,,,
10503,350.4812556,8.355030947,1,6,1,clothing,0,branch,1,64,0.795498744,Asian,Male,India,,,,
10504,90.32668262,8.390251639,1,8,1,travel,4,mobile,1,38,0.647084331,Asian,Female,Nigeria,,,,
10505,270.6979288,5.146137636,0,6,1,luxury,2,branch,1,74,0.966315197,Asian,Male,UK,,,,
10506,172.6194638,3.0625813,0,3,0,luxury,17,web,1,58,0.84327249,White,Female,France,,,,
10507,95.9044917,10.00048164,0,5,0,travel,18,mobile,1,36,0.526551663,Other,Other,France,,,,
10508,18.10112171,13.01895214,0,4,0,electronics,9,web,0,46,0.206520566,White,Other,France,,,,
10509,191.915252,0.120469931,0,1,0,luxury,3,web,0,75,0.00377463,Black,Male,China,,,,
10510,83.86093215,0.26465672,0,5,0,electronics,12,web,1,48,0.980502397,Asian,Female,France,,,,
10511,152.2887375,15.9397084,0,5,0,grocery,0,branch,0,71,0.938319698,Other,Female,UK,,,,
10512,240.730097,1.622841153,0,7,0,grocery,3,mobile,0,23,0.274143994,Other,Male,France,,,,
10513,305.2812298,10.33240703,0,7,0,electronics,8,mobile,0,21,0.638215786,Black,Other,China,,,,
10514,112.5632356,2.461615276,0,2,1,travel,16,branch,0,60,0.729239563,Black,Female,UK,,,,
10515,95.75016153,0.634056161,0,4,0,grocery,10,mobile,1,46,0.578013461,Black,Female,UK,,,,
10516,51.13060779,0.419317322,0,1,0,grocery,6,mobile,1,59,0.842961675,Asian,Female,France,,,,
10517,315.4629072,0.851023708,0,5,1,luxury,23,web,0,20,0.077824648,Asian,Other,Brazil,,,,
10518,618.1725976,1.437698379,1,5,1,travel,6,web,1,18,0.896494034,Black,Female,UK,,,,
10519,338.6476383,3.352217884,0,4,0,electronics,12,branch,0,61,0.392019011,Asian,Other,Brazil,,,,
10520,389.5601053,6.044891564,0,7,0,grocery,18,mobile,0,72,0.480690022,White,Female,UK,,,,
10521,90.98340955,21.48790411,0,6,0,travel,16,branch,1,32,0.44473365,Other,Other,China,,,,
10522,230.7801665,2.912563672,0,3,1,grocery,17,branch,0,64,0.531286223,Asian,Male,India,,,,
10523,288.0069499,3.650974682,2,2,0,luxury,12,branch,1,38,0.598168472,Other,Other,France,,,,
10524,66.31385974,3.688795294,0,4,0,travel,16,branch,1,63,0.710343433,White,Male,India,,,,
10525,478.7152146,3.876499415,1,9,0,clothing,17,web,1,75,0.524940339,Asian,Female,UK,,,,
10526,41.82134336,3.646366269,0,5,0,luxury,20,branch,0,48,0.684773256,Black,Female,India,,,,
10527,430.5657016,0.0440674,0,1,0,electronics,19,mobile,0,24,0.338297444,Black,Female,France,,,,
10528,41.52821277,0.008631557,0,3,0,travel,1,web,1,34,0.93668087,White,Male,France,,,,
10529,69.35376599,0.513854459,0,9,0,grocery,18,web,1,73,0.06453102,White,Female,UK,,,,
10530,233.7250493,0.535457862,0,7,0,travel,14,branch,1,36,0.545540609,Asian,Other,UK,,,,
10531,175.8414638,6.102152613,0,3,0,electronics,8,web,0,56,0.087396176,White,Other,Brazil,,,,
10532,121.7076633,1.146537752,0,1,1,travel,13,web,0,77,0.442767036,Other,Male,Nigeria,,,,
10533,466.7143805,11.25537909,0,4,1,grocery,18,web,1,20,0.257582358,Black,Other,India,,,,
10534,52.49726881,13.19773032,0,9,0,luxury,7,web,1,47,0.93690345,Asian,Male,Brazil,,,,
10535,147.8292201,18.6263352,0,7,0,luxury,11,web,1,52,0.013075386,White,Male,India,,,,
10536,254.739509,13.99107585,0,5,1,grocery,16,web,0,75,0.391203631,Other,Female,France,,,,
10537,205.638091,1.586504193,1,6,1,clothing,11,mobile,1,74,0.78204275,Black,Male,UK,,,,
10538,98.50895712,3.564472863,0,1,0,clothing,14,web,0,46,0.188461413,Black,Other,India,,,,
10539,101.5710584,0.964617619,1,7,0,luxury,4,web,1,67,0.815588205,Asian,Other,Nigeria,,,,
10540,302.1699922,8.204892005,0,5,0,electronics,1,branch,0,79,0.859725088,Asian,Female,France,,,,
10541,311.8691319,10.96559183,0,7,0,travel,19,web,0,69,0.708003,Asian,Male,China,,,,
10542,209.5698833,9.528746866,0,5,0,grocery,17,web,0,71,0.209069182,Asian,Female,France,,,,
10543,80.91719372,2.840216803,0,5,1,electronics,2,branch,1,31,0.272038657,White,Female,Brazil,,,,
10544,104.3033892,7.108030423,0,3,0,travel,4,mobile,1,52,0.166934729,Asian,Female,Nigeria,,,,
10545,163.9828188,0.513371576,1,5,0,luxury,1,mobile,1,45,0.184063737,White,Female,France,,,,
10546,182.2770574,0.205384982,0,8,0,grocery,8,web,0,75,0.036492296,Other,Female,Nigeria,,,,
10547,247.7436118,6.996622718,0,8,0,electronics,23,mobile,1,47,0.857315081,Other,Male,UK,,,,
10548,141.9027223,2.770016488,0,2,0,travel,4,mobile,0,43,0.528502287,Black,Other,China,,,,
10549,297.5512233,27.07342985,1,1,0,luxury,16,mobile,1,24,0.327759224,Other,Male,Nigeria,,,,
10550,295.2947829,0.511571444,0,2,0,luxury,20,mobile,0,56,0.289576996,Other,Male,Brazil,,,,
10551,398.3953683,9.676798856,0,7,0,travel,19,web,0,48,0.544696296,Asian,Female,Brazil,,,,
10552,169.3929829,3.269469508,0,3,0,clothing,14,web,1,22,0.326684822,Asian,Other,India,,,,
10553,212.1168842,8.776661218,1,8,0,clothing,12,branch,1,52,0.863717975,Asian,Male,China,,,,
10554,150.4235207,8.494824496,0,4,0,travel,8,web,0,67,0.210957435,Other,Male,UK,,,,
10555,81.77946825,12.38421631,0,8,0,travel,1,web,1,64,0.882301791,Asian,Other,UK,,,,
10556,609.009622,1.768041193,0,2,0,travel,22,mobile,0,69,0.664092453,Asian,Male,Nigeria,,,,
10557,365.3416728,14.95863687,0,5,0,luxury,1,mobile,1,31,0.95662922,Asian,Other,Brazil,,,,
10558,291.1842928,0.822409924,0,6,0,grocery,10,web,0,78,0.015107242,Asian,Male,Brazil,,,,
10559,165.0906093,0.427619388,0,1,0,luxury,2,web,1,53,0.059095566,White,Female,Brazil,,,,
10560,75.59481042,2.824785916,0,1,0,luxury,2,mobile,0,44,0.500894594,Asian,Other,UK,,,,
10561,326.909391,8.81070146,0,9,0,clothing,9,web,1,41,0.91237883,Other,Male,Brazil,,,,
10562,148.3933791,3.206770796,1,5,0,travel,23,web,1,57,0.730794952,Asian,Male,India,,,,
10563,225.8616318,8.838848031,0,4,0,luxury,1,mobile,1,46,0.622135933,Asian,Other,France,,,,
10564,103.9690452,6.540870068,1,1,0,luxury,0,mobile,0,70,0.031602156,White,Other,Brazil,,,,
10565,200.3341752,1.174995167,0,3,0,travel,5,branch,0,62,0.354163788,Asian,Other,India,,,,
10566,109.4132063,14.86805628,0,4,0,grocery,5,web,0,39,0.345852893,Asian,Other,India,,,,
10567,112.951952,0.313533898,0,5,0,clothing,10,mobile,0,25,0.542085682,Black,Other,France,,,,
10568,198.4549378,11.42764232,0,5,0,electronics,15,mobile,0,32,0.257827779,Asian,Other,UK,,,,
10569,40.90654751,1.815214805,0,8,0,luxury,0,web,1,66,0.267155715,Other,Female,Brazil,,,,
10570,42.99690786,3.467216954,0,3,0,grocery,4,web,0,22,0.6208608,Black,Female,China,,,,
10571,90.05744379,2.74395186,1,7,0,electronics,9,mobile,1,69,0.944567543,Black,Other,India,,,,
10572,140.6015155,0.94271167,0,6,0,travel,20,web,1,21,0.660179104,Other,Male,India,,,,
10573,303.7192913,2.216978827,0,6,1,electronics,22,branch,1,28,0.668130124,Other,Female,France,,,,
10574,146.8596316,1.071751851,0,9,1,travel,5,mobile,1,35,0.986214813,Asian,Female,China,,,,
10575,164.2880374,1.140067423,0,7,0,grocery,10,mobile,1,59,0.153478167,Asian,Male,India,,,,
10576,132.1094543,1.035470404,0,7,0,electronics,15,web,0,66,0.033834774,Asian,Female,Brazil,,,,
10577,211.897453,3.357098509,0,1,0,clothing,19,mobile,1,47,0.745513951,Black,Female,UK,,,,
10578,81.05795587,7.995739372,0,1,1,grocery,12,web,1,32,0.438787433,Other,Other,India,,,,
10579,153.0163934,4.20788832,0,9,0,electronics,11,branch,1,23,0.428823355,White,Female,UK,,,,
10580,224.0924793,11.18429522,0,9,0,luxury,17,branch,1,72,0.225303376,White,Female,India,,,,
10581,197.3030808,5.060491895,0,3,1,electronics,12,branch,1,70,0.506863041,Asian,Female,India,,,,
10582,168.29763,5.845282923,0,8,0,electronics,4,mobile,0,33,0.442172344,Other,Other,Brazil,,,,
10583,169.8509838,5.507189832,1,9,0,clothing,12,branch,1,64,0.345450008,Asian,Male,UK,,,,
10584,239.5790327,2.984270994,3,1,0,grocery,12,web,1,57,0.442745159,Black,Male,China,,,,
10585,627.8199197,5.845262106,1,3,1,luxury,18,web,1,26,0.383834771,Black,Male,Nigeria,,,,
10586,85.93368334,0.361282455,0,6,1,grocery,18,branch,1,60,0.939896358,White,Male,Brazil,,,,
10587,639.3352327,9.825262519,0,4,0,grocery,12,branch,0,76,0.980251657,Other,Female,UK,,,,
10588,82.57896113,7.521160271,1,8,0,luxury,10,web,1,51,0.839900933,Other,Other,UK,,,,
10589,15.35134953,1.406710783,0,9,0,luxury,15,branch,0,44,0.990414091,Black,Other,UK,,,,
10590,107.5890009,7.305789031,0,7,0,clothing,22,branch,0,30,0.265719429,Other,Female,Nigeria,,,,
10591,214.7949261,0.063615996,0,1,0,travel,13,branch,0,53,0.84292511,White,Male,Brazil,,,,
10592,545.1596816,1.2246877,0,2,0,clothing,9,web,0,44,0.406629012,Asian,Other,Nigeria,,,,
10593,75.50641684,0.336777699,0,1,0,luxury,1,web,1,26,0.746136398,Other,Female,India,,,,
10594,238.5808096,7.575798521,0,9,0,electronics,7,branch,1,22,0.201392641,Other,Female,France,,,,
10595,47.72399446,7.050357064,0,4,0,electronics,22,web,1,68,0.81195609,White,Female,Nigeria,,,,
10596,532.5389688,8.400268281,0,8,0,grocery,7,branch,1,39,0.083464426,White,Female,India,,,,
10597,370.0079811,0.022458831,1,5,1,grocery,21,branch,1,48,0.270557707,Asian,Other,Nigeria,,,,
10598,113.137586,3.478078391,0,5,0,travel,20,branch,1,20,0.821952617,White,Female,UK,,,,
10599,409.6692791,6.10112407,0,5,0,travel,19,mobile,0,47,0.747159222,Black,Other,France,,,,
10600,152.3126377,0.844467365,0,5,0,travel,13,mobile,1,38,0.501246755,Black,Female,France,,,,
10601,382.9820613,5.246121909,0,3,0,travel,23,branch,0,52,0.672792774,Asian,Female,China,,,,
10602,167.3445423,0.439295586,0,6,0,electronics,13,mobile,0,23,0.185574024,Asian,Other,India,,,,
10603,172.8057053,1.000345725,0,1,0,luxury,17,branch,0,45,0.667763622,Other,Female,China,,,,
10604,115.0538879,3.229379561,0,8,1,travel,14,mobile,1,49,0.007976167,Black,Male,Nigeria,,,,
10605,260.7008541,5.300302544,0,4,1,clothing,21,branch,0,59,0.833215867,Black,Other,Nigeria,,,,
10606,182.6841281,0.788354249,0,6,0,travel,15,mobile,1,54,0.516287608,Black,Other,Nigeria,,,,
10607,242.2925945,1.024206144,0,2,0,electronics,13,web,0,79,0.943878452,Black,Female,India,,,,
10608,36.70537385,1.143585065,0,2,0,grocery,9,web,0,42,0.478164267,White,Other,Nigeria,,,,
10609,392.0130741,1.363644188,0,8,1,clothing,21,mobile,1,49,0.433087282,Black,Other,France,,,,
10610,457.8291159,1.284496141,one,1,0,travel,20,branch,0,52,0.450052812,Asian,Male,France,,,,
10611,182.0506589,2.513866558,0,8,1,electronics,1,mobile,1,39,0.35972862,Other,Other,Brazil,,,,
10612,599.3706642,5.303543715,0,1,0,grocery,4,mobile,0,41,0.166675084,Other,Male,Nigeria,,,,
10613,511.5041656,2.881549922,0,9,0,travel,2,web,1,56,0.842062727,Asian,Other,Nigeria,,,,
10614,264.6391842,7.479963776,0,1,0,electronics,22,web,0,71,0.389085408,Black,Male,China,,,,
10615,413.1494632,6.351783018,0,4,0,electronics,6,web,0,47,0.529108428,White,Other,France,,,,
10616,344.0524248,0.676389808,0,9,0,luxury,23,mobile,0,67,0.019886916,Black,Other,France,,,,
10617,27.11297009,0.250373467,0,1,0,electronics,11,web,0,49,0.060253873,Black,Male,UK,,,,
10618,134.2496319,10.51627683,0,9,0,travel,9,web,1,48,0.597183229,Asian,Male,UK,,,,
10619,277.5230774,0.415990012,0,8,0,electronics,10,web,1,40,0.879228083,Other,Male,Brazil,,,,
10620,477.7257298,0.802834654,0,5,0,clothing,16,branch,1,57,0.493395828,Other,Other,France,,,,
10621,44.44439183,0.111909459,0,6,0,electronics,3,branch,1,50,0.164974581,Other,Female,Brazil,,,,
10622,29.2989072,4.948830208,0,5,0,electronics,5,mobile,1,42,0.116127314,Asian,Female,Nigeria,,,,
10623,159.5978494,4.365803772,0,4,0,clothing,6,web,1,53,0.899788001,White,Other,Nigeria,,,,
10624,16.88628454,21.67711484,0,4,0,travel,4,mobile,0,41,0.701637854,White,Other,France,,,,
10625,155.4240344,10.89884688,0,8,0,grocery,5,mobile,1,48,0.966195555,Other,Male,India,,,,
10626,218.6154517,2.645314393,1,8,0,luxury,16,web,1,75,0.082348621,Other,Male,Brazil,,,,
10627,72.39257955,2.322779204,0,9,0,grocery,13,mobile,1,56,0.902612855,White,Male,India,,,,
10628,158.7050792,1.760939659,0,3,0,travel,10,web,0,63,0.845632313,Asian,Female,Nigeria,,,,
10629,322.8847676,0.826773084,0,8,1,travel,4,web,1,30,0.893185183,White,Other,China,,,,
10630,107.1554077,0.742985312,0,3,0,clothing,1,branch,0,27,0.005762957,Black,Other,Brazil,,,,
10631,83.83217977,0.709452351,0,2,1,grocery,13,mobile,1,40,0.741903481,Black,Female,Nigeria,,,,
10632,153.2274391,0.605839298,0,2,0,electronics,15,mobile,1,35,0.548938114,Asian,Male,UK,,,,
10633,65.55867037,1.375554064,0,9,1,clothing,1,web,1,49,0.573179434,Other,Male,France,,,,
10634,570.741,1.831236136,0,4,0,clothing,16,branch,0,50,0.469201987,Black,Male,UK,,,,
10635,171.2607481,16.2957517,0,5,0,luxury,15,branch,0,53,0.742676918,White,Male,Brazil,,,,
10636,91.67015073,4.319360211,0,2,0,clothing,8,mobile,0,45,0.99983929,Black,Female,UK,,,,
10637,195.8457092,21.9485905,0,9,0,grocery,19,branch,1,33,0.710538359,White,Male,China,,,,
10638,152.5816981,2.329794683,0,7,1,travel,19,mobile,1,33,0.678050416,White,Male,Brazil,,,,
10639,139.736246,3.059003225,0,3,0,luxury,8,mobile,1,35,0.654437716,White,Female,India,,,,
10640,107.1319895,1.962092871,0,6,0,electronics,4,branch,1,25,0.69521167,Black,Male,France,,,,
10641,102.833341,1.009893397,0,7,0,grocery,3,web,1,59,0.342112467,Asian,Female,India,,,,
10642,37.60351887,0.77254785,0,6,0,electronics,6,mobile,1,33,0.320219744,White,Male,China,,,,
10643,412.7340683,14.50931546,0,6,1,clothing,4,mobile,0,72,0.784337978,Black,Other,Nigeria,,,,
10644,252.730291,21.64174002,0,8,0,grocery,23,mobile,1,73,0.053088017,Other,Male,France,,,,
10645,210.1646157,0.229745875,0,8,0,luxury,2,mobile,0,28,0.759247738,Asian,Other,UK,,,,
10646,150.6920021,0.814629619,0,5,0,luxury,7,branch,0,23,0.813841585,Black,Female,Brazil,,,,
10647,71.23918757,2.754108654,0,4,0,electronics,15,branch,1,18,0.52159796,Asian,Male,France,,,,
10648,86.8497732,1.031023365,0,5,0,travel,5,branch,0,79,0.910148095,Black,Male,Nigeria,,,,
10649,42.22776239,2.261843365,0,9,0,luxury,8,branch,1,78,0.473087437,White,Male,India,,,,
10650,96.35421394,0.69111964,0,6,0,electronics,21,mobile,0,78,0.178086668,Other,Other,Nigeria,,,,
10651,62.40143537,3.048736021,0,3,0,travel,19,web,0,29,0.361398649,Black,Male,UK,,,,
10652,493.1346537,1.585174177,0,3,0,grocery,17,web,0,74,0.905867506,Asian,Female,Brazil,,,,
10653,308.3615003,2.168590372,1,1,0,luxury,10,branch,1,55,0.993738288,Other,Male,Brazil,,,,
10654,176.8557294,0.495305612,0,5,0,luxury,18,mobile,1,45,0.421853967,Other,Female,UK,,,,
10655,78.36941735,2.794200888,0,6,1,electronics,6,branch,1,62,0.166846546,Other,Other,Brazil,,,,
10656,65.41988835,20.44905755,0,8,0,luxury,9,web,0,75,0.28632928,White,Female,France,,,,
10657,143.281893,1.993686803,0,9,0,electronics,4,branch,1,34,0.553296343,White,Other,France,,,,
10658,317.1084328,10.45470807,0,7,1,luxury,6,mobile,1,18,0.572095918,Black,Other,UK,,,,
10659,43.4640195,9.263893484,0,1,0,electronics,22,mobile,0,49,0.630059407,White,Other,UK,,,,
10660,250.4220386,15.18886029,0,7,0,luxury,5,mobile,1,25,0.835353373,Other,Female,Nigeria,,,,
10661,95.99005983,7.805846856,0,9,0,grocery,17,branch,1,71,0.711214152,Asian,Female,Brazil,,,,
10662,111.3571397,5.388122806,0,4,1,grocery,20,web,1,57,0.260840227,Other,Female,China,,,,
10663,173.0095879,9.710044393,0,7,0,electronics,14,mobile,1,73,0.395044061,Other,Male,India,,,,
10664,80.76137834,0.393293683,0,9,0,grocery,9,web,0,60,0.839816584,White,Female,UK,,,,
10665,137.682672,3.107209422,0,1,1,electronics,5,web,0,63,0.633382671,Asian,Other,Nigeria,,,,
10666,74.81184392,22.66715015,0,9,0,electronics,23,branch,0,41,0.166418048,Other,Female,UK,,,,
10667,102.7441907,7.339695034,0,4,0,clothing,0,branch,0,27,0.325538804,Asian,Other,UK,,,,
10668,284.4443802,16.36077361,0,8,0,grocery,9,web,0,64,0.791090912,Asian,Female,France,,,,
10669,179.8221208,7.562335473,0,3,0,clothing,22,mobile,1,56,0.172094123,Other,Female,China,,,,
10670,283.7067826,10.39248863,0,2,0,clothing,14,mobile,0,56,0.691050653,White,Other,Brazil,,,,
10671,94.9233158,6.129893033,0,8,0,luxury,13,branch,1,27,0.563536536,White,Female,China,,,,
10672,251.716371,7.146051157,0,8,0,electronics,15,mobile,1,53,0.147474906,Black,Male,UK,,,,
10673,32.48005475,3.70306022,0,3,1,travel,4,web,0,42,0.688878924,Other,Male,Brazil,,,,
10674,172.9517976,12.90077241,0,8,0,clothing,13,mobile,0,77,0.142348971,Other,Other,Nigeria,,,,
10675,263.4490506,8.715958381,0,6,0,luxury,15,branch,1,67,0.398435579,Asian,Other,UK,,,,
10676,31.02780555,9.285810719,0,9,0,grocery,13,web,0,76,0.308559925,Asian,Other,China,,,,
10677,95.88343664,5.589114701,0,6,1,travel,6,web,1,74,0.690009953,Black,Male,India,,,,
10678,172.8610021,1.816196117,1,8,0,electronics,18,mobile,1,27,0.782362357,Black,Other,China,,,,
10679,333.2560616,0.181400142,0,2,0,luxury,3,mobile,1,36,0.168316582,Asian,Other,France,,,,
10680,102.7329194,13.7174903,0,1,0,travel,17,web,0,63,0.811996743,Asian,Male,India,,,,
10681,244.847144,4.410900225,0,2,0,electronics,21,branch,0,62,0.007214056,Black,Other,France,,,,
10682,430.6374896,1.770127792,0,4,0,electronics,20,branch,0,32,0.530058547,White,Female,UK,,,,
10683,252.8180839,0.807509633,0,9,1,travel,14,mobile,1,33,0.51678889,Black,Female,China,,,,
10684,141.8038522,8.845779298,0,7,0,luxury,16,branch,1,19,0.623821431,Asian,Female,UK,,,,
10685,219.3197064,9.055329049,0,9,1,travel,0,web,1,46,0.23970053,Other,Female,Brazil,,,,
10686,100.220344,8.423716764,0,9,0,clothing,23,branch,1,21,0.00985683,Asian,Male,France,,,,
10687,178.0971491,5.179352259,1,9,1,electronics,14,web,1,70,0.454762916,White,Female,Nigeria,,,,
10688,147.3658447,2.278652977,0,8,0,grocery,15,mobile,0,67,0.071406211,Asian,Female,India,,,,
10689,214.1605581,1.812533038,0,6,0,travel,23,branch,0,46,0.892193887,Asian,Male,China,,,,
10690,118.9478797,0.042957861,0,7,0,travel,21,web,0,48,0.173666326,Black,Male,Nigeria,,,,
10691,222.9527095,8.967030882,0,2,0,electronics,10,mobile,0,34,0.425232967,White,Male,France,,,,
10692,118.0113542,0.4574672,0,1,0,electronics,8,web,0,27,0.43400039,Black,Female,Nigeria,,,,
10693,306.3201573,4.981474467,0,5,0,travel,16,branch,0,44,0.552864648,Other,Other,France,,,,
10694,128.0208379,3.506652331,0,8,0,grocery,14,web,1,70,0.782532349,Other,Other,Brazil,,,,
10695,17.72228907,3.740016798,0,3,1,electronics,7,mobile,0,58,0.472148151,White,Female,Brazil,,,,
10696,67.45884716,13.06684964,0,7,0,electronics,17,mobile,1,32,0.025753267,Other,Other,Nigeria,,,,
10697,169.055795,0.160627776,0,5,0,clothing,7,branch,0,77,0.771110411,Other,Other,Nigeria,,,,
10698,490.2919929,7.422673089,0,8,0,luxury,2,mobile,0,61,0.082173315,Asian,Male,China,,,,
10699,298.3097852,0.267280254,0,6,0,clothing,21,branch,1,48,0.641553292,Black,Female,France,,,,
10700,13.16696819,0.194502573,0,6,0,grocery,22,mobile,0,38,0.803429509,Black,Female,Brazil,,,,
10701,39.38223821,2.808995707,0,7,0,luxury,18,branch,1,77,0.282690172,Black,Other,China,,,,
10702,362.2229507,0.325761144,1,7,0,travel,13,mobile,1,76,0.449106482,White,Female,Nigeria,,,,
10703,262.4324494,7.78289806,0,4,0,grocery,1,branch,1,75,0.014335842,Asian,Male,China,,,,
10704,665.2682801,3.77046714,0,8,0,grocery,0,web,1,58,0.8038752,Asian,Other,France,,,,
10705,114.1190947,0.147343762,0,6,0,clothing,4,web,1,63,0.70326109,White,Male,France,,,,
10706,79.26586418,0.206718395,0,8,0,luxury,16,branch,1,62,0.231387394,Black,Other,Nigeria,,,,
10707,176.0776039,4.742372201,0,7,1,grocery,0,mobile,0,77,0.390226198,Asian,Female,India,,,,
10708,112.2939244,8.202368329,0,1,0,luxury,20,mobile,1,43,0.695316502,Asian,Male,China,,,,
10709,339.6997183,2.879483934,0,4,0,travel,15,branch,1,55,0.358163122,Black,Male,UK,,,,
10710,109.1137942,4.043695647,0,7,1,luxury,2,mobile,0,68,0.162414776,Other,Male,France,,,,
10711,134.197322,8.04292773,0,9,0,clothing,9,branch,0,53,0.518505529,White,Other,Brazil,,,,
10712,69.55147035,4.714536325,0,2,0,clothing,18,web,0,69,0.72356757,Asian,Other,China,,,,
10713,284.7389927,1.272914634,0,5,0,grocery,10,branch,1,34,0.320809507,Black,Male,UK,,,,
10714,73.71216087,4.747325144,0,9,0,luxury,22,mobile,1,68,0.121772272,Other,Male,France,,,,
10715,225.9412343,4.948064705,0,9,1,clothing,2,mobile,1,20,0.829544162,Black,Other,China,,,,
10716,545.337489,6.623306174,0,6,0,electronics,1,branch,1,78,0.252801866,Black,Female,India,,,,
10717,26.35151456,4.84943585,0,7,0,clothing,2,branch,1,31,0.512814954,Other,Female,UK,,,,
10718,444.0161681,17.40804699,0,9,1,travel,14,branch,1,66,0.691343149,White,Male,Brazil,,,,
10719,205.486165,1.098798345,0,8,0,electronics,19,branch,1,30,0.3170752,Asian,Female,UK,,,,
10720,59.50072545,15.08893649,0,6,0,luxury,8,web,0,58,0.648636537,White,Other,China,,,,
10721,181.1921371,3.864627428,0,6,1,grocery,14,mobile,1,44,0.459709506,White,Female,Nigeria,,,,
10722,279.0173792,5.573039808,0,7,0,electronics,1,mobile,0,18,0.570436655,Black,Other,France,,,,
10723,84.02816406,0.523812347,0,7,0,clothing,5,branch,1,74,0.590576104,Black,Male,Nigeria,,,,
10724,235.2430393,2.394825852,0,2,0,grocery,4,branch,0,34,0.824150687,Black,Female,India,,,,
10725,468.5557345,7.334901218,0,9,1,grocery,5,branch,1,65,0.656326273,White,Female,UK,,,,
10726,108.9971017,6.136395067,1,4,0,grocery,4,web,0,67,0.264306692,Asian,Other,Nigeria,,,,
10727,68.77282117,0.204836005,0,9,0,grocery,21,web,1,51,0.059604341,Black,Other,India,,,,
10728,150.949347,3.954839444,0,3,0,luxury,11,branch,0,31,0.001985544,Other,Male,Nigeria,,,,
10729,173.9647272,0.462101858,0,5,0,luxury,3,mobile,0,71,0.904417385,Asian,Male,Brazil,,,,
10730,351.5929908,27.43098673,0,5,0,luxury,23,web,1,72,0.942110052,Asian,Other,Nigeria,,,,
10731,147.0888338,11.37954972,0,7,1,clothing,22,mobile,0,76,0.094111488,Asian,Other,France,,,,
10732,117.4076374,0.106530152,0,4,0,luxury,13,web,0,34,0.487053618,Other,Male,China,,,,
10733,67.17540869,9.782566079,0,4,1,grocery,13,branch,1,20,0.151595203,Other,Other,Nigeria,,,,
10734,31.30912241,12.59311975,0,1,0,electronics,10,branch,0,51,0.948749087,Black,Female,Nigeria,,,,
10735,49.44204228,2.181283369,0,6,0,electronics,0,mobile,1,57,0.246832517,Asian,Male,Nigeria,,,,
10736,49.14873817,6.355937272,0,4,0,electronics,20,branch,0,42,0.501647096,White,Female,Nigeria,,,,
10737,135.349637,2.917911295,1,5,1,electronics,22,mobile,1,78,0.165620192,White,Other,Nigeria,,,,
10738,38.18292143,5.324424787,0,9,1,electronics,4,branch,1,19,0.332761085,White,Male,UK,,,,
10739,159.7550348,2.079982376,1,4,1,travel,4,branch,1,51,0.266806361,Black,Male,UK,,,,
10740,537.4544119,1.947165821,0,1,0,electronics,11,mobile,1,43,0.475426043,White,Male,China,,,,
10741,358.5124038,2.762005907,0,9,0,electronics,4,branch,1,48,0.419781962,Asian,Other,Brazil,,,,
10742,134.3075499,0.786590379,2,5,0,electronics,20,web,1,26,0.330797795,Black,Male,UK,,,,
10743,768.5145974,8.893395885,0,7,0,clothing,12,branch,1,47,0.105877618,Black,Male,India,,,,
10744,174.4292235,2.14390841,0,3,0,travel,10,mobile,1,37,0.484487022,Other,Male,France,,,,
10745,193.5695164,2.555374557,0,4,0,electronics,20,branch,0,38,0.850208018,Asian,Male,Nigeria,,,,
10746,148.715851,11.22415766,0,9,0,luxury,0,web,0,46,0.730223337,White,Other,Nigeria,,,,
10747,162.4738961,3.432087519,1,1,0,clothing,11,branch,0,76,0.720574884,Asian,Male,Nigeria,,,,
10748,105.8941186,3.929097217,0,5,0,travel,5,branch,1,42,0.366091737,Asian,Male,Brazil,,,,
10749,135.868805,15.67475617,0,8,0,luxury,10,web,1,55,0.708419081,Black,Other,Brazil,,,,
10750,445.9911452,10.889745,0,7,0,luxury,11,branch,1,75,0.465531481,White,Male,India,,,,
10751,384.843977,0.928436326,0,4,0,clothing,5,branch,0,61,0.150276091,White,Female,Nigeria,,,,
10752,16.7199444,3.204814201,0,7,0,luxury,23,mobile,1,42,0.41904975,White,Male,Brazil,,,,
10753,42.99440082,17.75363358,0,1,0,grocery,4,mobile,0,26,0.132738631,Other,Male,Nigeria,,,,
10754,85.06756008,2.328992801,0,6,0,clothing,17,mobile,1,56,0.114482819,Asian,Female,UK,,,,
10755,318.9954918,2.3226779,0,9,0,clothing,15,mobile,1,79,0.023059308,Black,Other,Nigeria,,,,
10756,390.6169739,1.084752786,0,3,0,grocery,12,web,0,61,0.282854301,Black,Male,India,,,,
10757,278.2727618,0.607015418,1,4,0,clothing,6,mobile,0,43,0.330874784,Black,Female,India,,,,
10758,59.26955857,6.741233039,0,8,0,luxury,13,mobile,0,74,0.699443713,White,Other,Brazil,,,,
10759,107.70811,7.349042257,0,5,0,luxury,0,branch,0,54,0.538004785,White,Other,Nigeria,,,,
10760,238.1637959,17.3709317,1,5,0,luxury,20,web,1,33,0.858449712,Black,Female,India,,,,
10761,137.5261802,7.423246497,0,1,0,grocery,20,web,0,54,0.176470627,Asian,Other,UK,,,,
10762,122.8094581,1.3942889,0,6,0,luxury,11,mobile,1,29,0.265956646,Black,Other,Brazil,,,,
10763,124.2744233,0.204717188,0,2,0,grocery,2,branch,1,41,0.941076111,Asian,Female,UK,,,,
10764,365.6072813,21.14648804,0,1,0,grocery,17,web,1,43,0.444045248,Black,Other,India,,,,
10765,255.5598938,2.080992746,0,6,0,grocery,10,web,0,37,0.789050943,Asian,Female,China,,,,
10766,129.8132677,1.869625396,0,5,0,clothing,19,mobile,0,26,0.492167649,Black,Other,Brazil,,,,
10767,212.4152005,11.81992059,0,5,0,travel,6,mobile,0,40,0.471085657,Other,Female,Nigeria,,,,
10768,51.7065081,4.398587536,0,9,0,grocery,9,mobile,1,56,0.148116288,Other,Other,China,,,,
10769,107.8816361,1.209537325,0,3,0,luxury,18,branch,0,46,0.851199611,White,Female,France,,,,
10770,342.0855447,10.99546253,0,1,0,grocery,12,mobile,0,48,0.078355281,White,Male,Nigeria,,,,
10771,35.65551827,25.07386049,0,8,0,electronics,13,web,1,36,0.310261095,White,Other,Nigeria,,,,
10772,257.7823026,0.453336958,0,5,1,clothing,14,web,1,37,0.673468072,White,Female,UK,,,,
10773,16.48306063,9.911633259,0,5,1,luxury,5,mobile,1,40,0.507257551,Black,Other,Nigeria,,,,
10774,495.6172152,2.475710427,0,8,1,clothing,6,web,1,60,0.881378327,Other,Other,France,,,,
10775,105.7516058,3.712448174,1,8,0,clothing,12,branch,1,44,0.039297953,White,Male,Brazil,,,,
10776,223.6876598,12.31470686,0,2,1,electronics,15,mobile,0,47,0.649407519,Asian,Other,Brazil,,,,
10777,181.8526004,18.13031128,0,3,1,grocery,14,web,0,38,0.477465471,Asian,Other,China,,,,
10778,186.8333023,1.520167899,0,1,1,luxury,17,web,1,61,0.154311823,White,Male,France,,,,
10779,209.6454299,1.196687155,0,3,1,travel,2,mobile,0,52,0.743251907,White,Female,UK,,,,
10780,29.02484785,0.419716217,0,4,0,clothing,15,web,1,66,0.411306855,White,Female,China,,,,
10781,189.7127776,4.125374757,0,7,0,travel,0,web,0,24,0.531581904,Black,Female,France,,,,
10782,144.0249822,0.068488916,0,9,0,travel,23,mobile,1,39,0.967266066,Asian,Female,Brazil,,,,
10783,106.2442001,2.654276914,0,5,0,grocery,0,branch,1,27,0.486230081,Asian,Female,China,,,,
10784,85.02732673,0.381080283,0,1,1,travel,18,web,0,40,0.823372866,Asian,Female,France,,,,
10785,193.2502427,2.597867063,0,2,0,luxury,5,branch,0,32,0.769577523,Other,Male,UK,,,,
10786,69.57965825,0.203756804,1,2,0,grocery,10,branch,0,47,0.662754592,Black,Female,China,,,,
10787,337.9626612,9.015637018,0,9,0,travel,23,branch,1,51,0.896812143,Other,Male,Nigeria,,,,
10788,235.4265064,1.176960003,0,7,0,grocery,6,branch,1,30,0.251601647,Black,Other,Nigeria,,,,
10789,201.9531526,1.989782172,1,2,0,luxury,2,branch,1,77,0.820771231,Asian,Male,Brazil,,,,
10790,328.4433808,10.20295051,0,1,0,clothing,5,web,0,21,0.377787488,Asian,Male,UK,,,,
10791,24.07425922,6.857345233,0,5,0,electronics,0,web,0,35,0.81249089,Other,Male,Nigeria,,,,
10792,50.04072411,1.236146245,0,1,1,grocery,7,branch,0,73,0.493788685,Asian,Male,Nigeria,,,,
10793,242.8264844,0.373075835,0,9,0,electronics,13,mobile,1,40,0.857709253,White,Female,Nigeria,,,,
10794,89.43371156,6.288165135,0,3,1,clothing,3,branch,1,50,0.894843538,Black,Other,India,,,,
10795,99.5291385,2.47724354,0,2,0,luxury,3,mobile,1,51,0.597643876,Asian,Other,Nigeria,,,,
10796,43.03891591,7.263880493,0,6,0,clothing,22,web,0,51,0.507626957,White,Other,India,,,,
10797,69.7600621,2.946592139,0,3,0,electronics,22,mobile,0,53,0.783280143,Other,Male,France,,,,
10798,343.0523651,2.123258085,1,5,0,luxury,15,web,1,52,0.266986203,Asian,Male,Brazil,,,,
10799,238.8102421,3.000155286,0,8,1,travel,10,mobile,1,34,0.015348681,Asian,Female,Brazil,,,,
10800,191.6858371,6.902734262,0,2,1,travel,21,branch,0,45,0.407094583,Black,Female,China,,,,
10801,102.8502224,11.62519076,0,5,0,grocery,6,web,1,31,0.507774133,Asian,Other,China,,,,
10802,182.9194899,0.255241341,0,8,0,travel,0,mobile,0,51,0.297262719,Black,Male,India,,,,
10803,363.419791,3.712858913,0,1,0,electronics,8,branch,1,65,0.383361882,Other,Male,UK,,,,
10804,91.37140205,0.166933055,0,4,0,travel,5,mobile,0,28,0.133058233,Black,Male,China,,,,
10805,162.1903556,3.159409538,0,5,0,grocery,23,mobile,0,74,0.277289903,Other,Other,China,,,,
10806,515.7307289,10.82642782,0,3,0,luxury,12,mobile,0,30,0.240095348,Asian,Other,India,,,,
10807,275.7512219,2.243874931,0,2,0,travel,20,web,0,50,0.300986854,White,Male,Nigeria,,,,
10808,104.0876394,13.47446724,0,3,0,grocery,11,web,1,74,0.299054111,Other,Male,China,,,,
10809,260.5199811,4.979490725,0,5,0,travel,22,branch,0,72,0.558968371,Asian,Other,UK,,,,
10810,35.03136941,13.60228503,0,7,0,travel,18,mobile,1,19,0.25059694,Other,Other,Brazil,,,,
10811,157.2408471,7.076898861,0,2,0,electronics,16,mobile,0,51,0.940961263,Asian,Female,France,,,,
10812,260.3221779,0.545923351,0,7,1,grocery,22,web,1,70,0.51127483,Asian,Female,France,,,,
10813,220.726012,1.314305829,0,6,0,grocery,20,web,1,46,0.128966006,White,Female,India,,,,
10814,258.5731706,2.505783053,1,7,0,clothing,0,mobile,1,54,0.279606271,Black,Male,China,,,,
10815,299.1701771,0.9322918,0,7,0,clothing,8,mobile,0,21,0.729757496,White,Male,India,,,,
10816,233.2525259,3.415109125,0,9,0,grocery,21,mobile,0,29,0.013659038,Other,Male,India,,,,
10817,228.5100228,3.18731518,0,7,0,electronics,22,web,1,43,0.937817986,White,Other,India,,,,
10818,194.9425383,15.64736964,0,6,1,travel,7,mobile,1,75,0.445176922,Asian,Female,Brazil,,,,
10819,62.43440057,2.84340272,0,8,1,luxury,1,mobile,1,78,0.521079023,Asian,Other,Nigeria,,,,
10820,342.9502364,7.700184388,0,7,0,travel,17,web,0,45,0.988412236,White,Other,Brazil,,,,
10821,161.6120944,14.22885563,0,6,0,luxury,3,web,1,20,0.503403086,Other,Other,France,,,,
10822,271.0375205,10.47740061,0,4,0,electronics,0,web,0,37,0.947743994,Black,Male,France,,,,
10823,319.5142839,1.170186015,0,7,0,clothing,23,web,1,27,0.915231116,Black,Male,France,,,,
10824,108.5280654,3.426191633,0,8,0,grocery,20,mobile,1,69,0.941315529,Asian,Other,Nigeria,,,,
10825,116.631018,2.136558449,0,8,0,electronics,11,web,1,35,0.812373057,Black,Female,Nigeria,,,,
10826,129.8541801,2.552950717,0,4,0,luxury,15,web,0,70,0.296398085,Black,Male,UK,,,,
10827,387.0292394,2.23774282,0,9,1,grocery,22,mobile,0,70,0.346382484,Other,Male,Nigeria,,,,
10828,75.79672675,8.7538327,0,3,0,luxury,17,branch,0,70,0.364984068,Black,Other,France,,,,
10829,431.9537644,3.008668872,0,9,0,travel,4,mobile,1,44,0.97918084,White,Male,Nigeria,,,,
10830,193.3513571,3.708477358,0,3,0,travel,15,mobile,0,48,0.360755504,Other,Female,Nigeria,,,,
10831,203.5745401,20.21275372,0,7,0,travel,8,mobile,1,44,0.108689309,White,Other,Nigeria,,,,
10832,309.9188934,0.309266766,0,4,0,grocery,8,mobile,0,59,0.778328895,Asian,Male,India,,,,
10833,177.5167708,3.346739613,0,5,0,clothing,1,mobile,0,18,0.366063292,Other,Other,China,,,,
10834,345.5313558,7.437466783,0,3,1,clothing,13,mobile,0,23,0.620935912,Black,Other,China,,,,
10835,108.4074835,0.819434372,0,2,1,luxury,10,mobile,1,28,0.924360412,Other,Female,Nigeria,,,,
10836,422.8522467,4.727717186,0,8,1,clothing,1,branch,1,51,0.575505577,Asian,Female,India,,,,
10837,115.5146223,1.368664281,0,7,0,clothing,15,mobile,1,56,0.637700178,White,Male,France,,,,
10838,433.5161926,10.10224611,1,7,0,luxury,20,mobile,1,37,0.642862564,Asian,Other,UK,,,,
10839,118.0931808,1.980790258,0,8,0,luxury,18,mobile,1,70,0.612399186,Other,Male,Brazil,,,,
10840,132.8709928,1.995398816,0,1,0,luxury,12,mobile,0,38,0.159769377,White,Male,China,,,,
10841,67.73794471,4.558927958,0,8,0,grocery,16,mobile,0,38,0.456415415,White,Male,UK,,,,
10842,85.89633374,1.014027078,0,5,0,luxury,0,branch,1,35,0.00766402,Other,Female,Brazil,,,,
10843,162.2288486,1.676584993,0,8,0,grocery,20,web,0,38,0.626264804,Asian,Other,China,,,,
10844,198.7690699,2.694684085,0,9,1,grocery,18,web,1,36,0.575358295,Black,Other,France,,,,
10845,328.7745443,2.181976744,1,2,0,grocery,15,mobile,1,21,0.318137219,Asian,Female,India,,,,
10846,140.5390883,3.7209101,0,3,0,luxury,12,branch,0,30,0.523895503,Black,Female,Nigeria,,,,
10847,221.0705613,4.576957482,0,6,0,clothing,18,branch,0,35,0.493057782,Asian,Male,India,,,,
10848,189.0923296,4.181249203,0,9,1,clothing,2,branch,1,69,0.250915216,Other,Male,Brazil,,,,
10849,238.668071,5.309015366,0,8,0,luxury,2,web,1,46,0.293287548,Asian,Female,China,,,,
10850,97.14774528,1.839037093,0,6,1,clothing,0,web,1,42,0.762540997,Asian,Female,Nigeria,,,,
10851,107.0843222,0.675813482,0,5,0,luxury,2,branch,0,73,0.755732319,Other,Other,Brazil,,,,
10852,97.17953546,7.152433926,0,3,1,grocery,15,web,0,30,0.46978215,Other,Other,Brazil,,,,
10853,372.1159212,9.511680581,0,4,0,travel,20,web,0,79,0.717508952,White,Other,China,,,,
10854,425.5372276,1.485338111,0,7,0,electronics,7,mobile,1,44,0.45080128,Asian,Female,Nigeria,,,,
10855,103.3086293,2.613579807,0,7,0,luxury,22,mobile,0,77,0.851374035,Other,Male,UK,,,,
10856,105.0568674,3.451448505,0,3,0,grocery,15,mobile,0,36,0.332806682,Other,Other,UK,,,,
10857,262.4586515,3.810630719,0,4,1,travel,12,branch,0,66,0.9272925,White,Female,China,,,,
10858,456.9063087,5.386556438,0,3,0,grocery,12,mobile,0,18,0.542283651,Other,Female,China,,,,
10859,522.6359626,0.212467127,0,2,0,electronics,10,branch,1,55,0.535687861,White,Male,Brazil,,,,
10860,99.41283399,6.391274674,0,6,0,clothing,3,mobile,0,36,0.670810384,Other,Other,France,,,,
10861,121.4578394,0.319872105,0,7,0,clothing,3,branch,1,69,0.340856011,White,Other,India,,,,
10862,206.3627161,3.158271786,0,4,0,grocery,14,web,0,18,0.724329571,Asian,Female,UK,,,,
10863,213.6808967,8.791753126,0,5,0,electronics,3,branch,0,57,0.320425103,Other,Other,Nigeria,,,,
10864,144.8506608,3.000245531,0,8,1,grocery,7,web,1,34,0.39753883,Other,Male,Brazil,,,,
10865,83.39004635,0.807243093,0,9,1,clothing,23,mobile,1,38,0.674703437,Asian,Other,India,,,,
10866,162.4264684,21.0098198,0,7,1,grocery,1,web,0,39,0.378449101,Asian,Male,China,,,,
10867,522.2710113,11.0040006,0,1,0,travel,14,web,0,32,0.199974123,Asian,Female,India,,,,
10868,108.3761971,7.377018958,0,3,0,electronics,22,mobile,1,67,0.871901459,White,Male,Brazil,,,,
10869,197.2590883,2.650990343,0,5,0,clothing,13,branch,0,56,0.922155381,Other,Male,India,,,,
10870,752.0290828,1.015759409,0,3,0,grocery,20,branch,0,65,0.62673105,Other,Male,France,,,,
10871,107.0966444,14.18605705,0,1,0,electronics,1,branch,0,56,0.811150771,Black,Male,Brazil,,,,
10872,271.1072947,3.800187675,1,2,1,grocery,2,mobile,0,49,0.986652355,Black,Female,China,,,,
10873,536.8209889,9.564738267,0,8,0,clothing,10,branch,1,66,0.614774752,Other,Male,India,,,,
10874,255.1401527,2.093473719,0,7,0,electronics,6,web,1,21,0.908792643,White,Female,India,,,,
10875,354.6836375,2.042009459,0,3,1,clothing,15,mobile,0,61,0.35925475,White,Other,China,,,,
10876,296.6147599,21.18201152,0,4,1,travel,21,branch,0,62,0.700472436,Black,Other,UK,,,,
10877,241.1075168,3.688976683,0,3,0,travel,21,web,1,49,0.055805466,Black,Other,India,,,,
10878,416.3564641,0.758159246,0,4,0,luxury,6,web,0,21,0.788971556,Black,Other,India,,,,
10879,265.2254203,1.240221834,0,8,0,electronics,21,branch,0,70,0.829803145,Black,Female,UK,,,,
10880,146.0093736,3.288362369,0,9,0,travel,10,mobile,1,18,0.401175436,Black,Female,Brazil,,,,
10881,186.3338789,0.216995888,0,7,1,luxury,1,web,0,50,0.638955016,Asian,Other,UK,,,,
10882,218.9366128,3.104448748,0,9,0,electronics,7,web,1,24,0.858361102,Other,Male,Nigeria,,,,
10883,120.8694379,2.714513532,0,9,1,clothing,6,web,1,26,0.883608165,Other,Other,Nigeria,,,,
10884,192.5747665,7.555576494,1,7,1,grocery,5,web,1,18,0.106531524,Black,Other,France,,,,
10885,172.733765,2.192074943,0,7,1,grocery,15,branch,1,33,0.827487747,Other,Other,India,,,,
10886,264.6582019,20.2417233,0,8,0,clothing,20,mobile,0,35,0.274243352,Other,Female,China,,,,
10887,630.9732403,0.996951529,0,3,0,travel,10,web,0,71,0.727306896,Asian,Other,Nigeria,,,,
10888,200.9795313,4.470037842,0,8,0,grocery,21,web,0,64,0.325164153,Asian,Other,Brazil,,,,
10889,464.521419,0.469901456,0,1,1,clothing,2,web,1,23,0.056329671,White,Other,Brazil,,,,
10890,258.1081747,6.618738813,0,6,1,luxury,17,mobile,0,19,0.20987071,White,Female,China,,,,
10891,191.9372091,26.25114969,0,2,0,luxury,8,web,0,26,0.408671776,Black,Other,Nigeria,,,,
10892,115.4205074,8.550122478,0,7,0,clothing,16,mobile,1,21,0.74122862,White,Other,UK,,,,
10893,193.0002505,4.056316191,0,3,0,electronics,1,mobile,0,62,0.100703627,Black,Male,China,,,,
10894,184.4290871,3.315431429,0,5,0,travel,9,mobile,0,40,0.812934125,White,Other,France,,,,
10895,91.63589571,9.009957025,0,2,0,travel,9,mobile,1,71,0.996951092,Other,Female,UK,,,,
10896,104.4223713,13.74233676,0,1,0,clothing,16,branch,0,60,0.788257643,Other,Male,France,,,,
10897,220.2614516,22.64406784,0,5,0,grocery,7,branch,0,62,0.47373652,White,Other,China,,,,
10898,461.4780263,2.525371203,1,9,0,travel,19,branch,1,60,0.568160211,Other,Female,Nigeria,,,,
10899,158.3216322,23.50701509,0,9,0,travel,5,web,1,68,0.006160508,Other,Male,UK,,,,
10900,40.91011251,0.847577046,0,7,0,luxury,10,mobile,0,25,0.209273838,Black,Female,Nigeria,,,,
10901,66.53443196,1.462131717,0,9,0,luxury,4,mobile,1,56,0.898988131,Other,Male,France,,,,
10902,275.8604076,0.46615041,0,4,0,luxury,23,branch,1,42,0.021729403,White,Female,Brazil,,,,
10903,49.99862773,1.585475573,0,3,1,travel,9,branch,0,33,0.904794953,Other,Male,China,,,,
10904,306.5783667,7.303743847,0,4,1,travel,22,mobile,1,52,0.113252608,Black,Other,UK,,,,
10905,265.4879272,9.584041272,0,7,1,travel,0,branch,1,34,0.13307413,White,Other,Nigeria,,,,
10906,154.1881809,7.545534633,0,8,0,grocery,7,web,0,35,0.175349911,Black,Other,France,,,,
10907,92.34931957,4.985684557,0,2,0,grocery,3,web,0,77,0.799385325,Other,Other,Brazil,,,,
10908,137.4227781,3.607388766,0,5,1,grocery,6,web,0,44,0.478186575,Other,Male,UK,,,,
10909,216.3734392,6.167081698,0,5,0,electronics,18,mobile,0,32,0.14519663,Other,Male,France,,,,
10910,51.68131746,2.478318653,0,9,0,travel,14,branch,1,77,0.68680182,Asian,Male,UK,,,,
10911,431.171531,9.203961386,0,3,0,travel,1,web,0,34,0.940688366,Black,Male,UK,,,,
10912,214.9431657,5.653458276,0,6,0,clothing,16,web,1,60,0.572451474,White,Male,India,,,,
10913,232.8607442,5.983408884,0,5,1,clothing,20,web,1,22,0.098700006,Other,Male,Nigeria,,,,
10914,264.1732679,3.838663952,0,2,1,electronics,15,web,1,33,0.054750606,Asian,Other,India,,,,
10915,403.8842666,10.82408151,0,2,1,clothing,13,web,0,32,0.79587236,Asian,Male,UK,,,,
10916,193.346567,1.451859993,1,4,1,grocery,2,branch,1,59,0.626083652,Black,Female,France,,,,
10917,275.9773554,2.39944285,0,4,0,electronics,18,web,0,63,0.922657339,Other,Female,Nigeria,,,,
10918,93.70722911,7.517345727,0,7,0,electronics,7,web,1,51,0.547250151,Black,Female,France,,,,
10919,524.0374844,3.39374562,1,1,0,electronics,16,web,0,65,0.062395403,Other,Male,France,,,,
10920,183.7579314,11.00077494,0,6,0,luxury,17,mobile,1,36,0.40368685,Other,Other,China,,,,
10921,93.29806274,2.126293473,0,9,0,clothing,0,branch,1,25,0.657990689,Other,Female,Brazil,,,,
10922,115.4457907,2.304864002,0,2,1,travel,6,web,1,64,0.384885351,Asian,Male,UK,,,,
10923,22.38570525,10.97923815,0,5,0,luxury,3,branch,0,27,0.999591397,Black,Male,France,,,,
10924,114.8280723,3.121561263,0,4,0,grocery,2,web,0,79,0.405378614,Black,Other,UK,,,,
10925,8.729925638,3.629639054,0,4,0,luxury,18,mobile,0,22,0.546236126,Black,Male,India,,,,
10926,290.0877893,2.02305523,0,8,0,grocery,9,mobile,1,69,0.225392033,White,Male,China,,,,
10927,227.8477495,1.619448247,0,6,0,travel,2,mobile,1,65,0.152138204,White,Female,China,,,,
10928,70.40474346,5.334822682,0,7,1,travel,1,mobile,1,70,0.645305539,Asian,Female,India,,,,
10929,160.5827246,0.638261607,0,9,0,clothing,4,web,1,43,0.588612747,Asian,Female,France,,,,
10930,166.2020133,10.57110254,0,3,0,luxury,16,branch,0,39,0.004338857,Asian,Female,China,,,,
10931,57.39028081,7.552560855,0,2,0,travel,4,web,0,61,0.284781535,Black,Female,UK,,,,
10932,139.7368688,1.058226203,0,3,1,grocery,13,mobile,1,40,0.643579573,Black,Male,Brazil,,,,
10933,170.1617643,5.921176808,0,8,0,travel,15,mobile,0,79,0.812249346,Other,Male,Nigeria,,,,
10934,136.7494341,4.61447397,0,9,1,clothing,23,web,1,30,0.312368653,Black,Other,India,,,,
10935,93.21630961,1.019984193,0,5,1,grocery,22,web,0,26,0.647436369,Asian,Female,India,,,,
10936,67.91665891,1.595543832,0,8,0,electronics,13,branch,0,66,0.26525793,Asian,Female,Brazil,,,,
10937,132.9469645,2.629582128,0,7,1,clothing,18,branch,1,37,0.690379895,Other,Female,France,,,,
10938,103.2680246,6.007258845,0,9,1,clothing,12,branch,1,45,0.697947999,White,Female,India,,,,
10939,252.0537048,5.090557167,1,4,0,electronics,11,branch,0,61,0.130223466,Black,Female,India,,,,
10940,420.4571938,3.798944601,0,3,0,travel,15,mobile,0,74,0.665089784,Black,Male,Nigeria,,,,
10941,316.8024949,7.313945286,0,9,1,clothing,22,mobile,1,54,0.333567182,White,Male,Brazil,,,,
10942,174.4840487,7.092801558,0,8,0,electronics,16,branch,0,41,0.172594932,Asian,Female,Brazil,,,,
10943,96.32161544,4.809830158,0,7,1,electronics,21,branch,1,61,0.500361233,Asian,Male,UK,,,,
10944,311.0060576,7.732082787,0,1,0,clothing,19,mobile,0,50,0.452296684,Asian,Female,Brazil,,,,
10945,262.850267,2.034305721,0,2,1,luxury,5,mobile,1,37,0.773874811,Black,Other,China,,,,
10946,401.1517356,10.65365432,0,9,0,clothing,13,mobile,1,77,0.084515509,White,Female,Nigeria,,,,
10947,193.5003206,4.771392143,0,5,0,luxury,15,branch,1,65,0.789753269,White,Other,China,,,,
10948,506.2393556,8.640080146,0,1,1,travel,2,branch,0,47,0.106082362,Asian,Other,Brazil,,,,
10949,193.5447008,3.951365191,0,9,0,electronics,20,mobile,1,61,0.207459028,Black,Female,UK,,,,
10950,95.92077843,1.232305556,0,1,0,grocery,18,mobile,0,26,0.515882118,White,Female,Nigeria,,,,
10951,111.6770813,3.908909868,0,8,0,clothing,6,web,1,62,0.4631746,Black,Female,India,,,,
10952,243.6863581,2.31900782,1,5,0,grocery,4,web,1,66,0.988858975,Other,Female,France,,,,
10953,103.0316617,5.978354074,0,6,0,travel,19,mobile,0,34,0.589473713,Asian,Male,India,,,,
10954,503.9627469,3.229350724,0,1,0,clothing,22,mobile,0,53,0.327435595,Asian,Male,UK,,,,
10955,229.5800628,9.042884614,0,2,0,grocery,22,web,1,31,0.900148869,Other,Other,Nigeria,,,,
10956,171.6211942,5.667144762,0,7,0,travel,9,branch,0,36,0.312214957,White,Female,India,,,,
10957,182.6478563,5.768687203,0,2,0,luxury,8,mobile,1,24,0.273775635,Asian,Male,UK,,,,
10958,135.5986756,1.224104926,0,5,0,travel,2,mobile,1,76,0.494371795,White,Male,China,,,,
10959,30.7314207,20.75450044,0,9,0,clothing,9,mobile,1,20,0.913174784,Asian,Male,India,,,,
10960,111.7462324,9.215533592,0,5,0,clothing,15,branch,1,50,0.708514255,Other,Other,France,,,,
10961,463.6356658,7.779601477,0,3,0,clothing,23,web,1,61,0.677483215,Other,Male,China,,,,
10962,197.3549992,2.003994249,0,6,0,travel,22,branch,1,49,0.726077265,White,Female,India,,,,
10963,341.6872637,3.83538595,0,7,0,clothing,8,branch,1,64,0.659640611,Asian,Male,India,,,,
10964,348.309573,0.73730082,0,8,0,travel,1,mobile,1,28,0.75979636,Asian,Female,India,,,,
10965,161.7445109,3.866105857,0,3,0,electronics,5,mobile,0,59,0.192762022,Black,Male,UK,,,,
10966,265.8617015,0.788472028,0,4,0,electronics,4,web,1,19,0.177258287,Black,Female,Nigeria,,,,
10967,34.75065094,4.026406751,0,4,1,electronics,2,branch,1,43,0.362163344,Asian,Other,Brazil,,,,
10968,439.1948185,5.230885025,0,2,0,grocery,6,web,1,78,0.850959779,White,Male,UK,,,,
10969,415.8652108,2.473088156,0,7,0,electronics,14,branch,1,21,0.714454215,Other,Male,China,,,,
10970,238.9271343,3.451205819,0,4,0,electronics,20,mobile,0,34,0.566473343,Asian,Other,Brazil,,,,
10971,202.6353486,10.42341176,0,4,1,travel,5,web,1,34,0.019447437,Black,Other,China,,,,
10972,163.3893694,0.57460337,0,8,0,travel,3,branch,1,45,0.235802284,Other,Other,Brazil,,,,
10973,368.5355011,7.844669274,0,6,0,clothing,22,mobile,1,47,0.803513943,White,Female,India,,,,
10974,287.4615961,0.936195446,0,6,1,clothing,12,mobile,1,57,0.242486693,Asian,Female,China,,,,
10975,124.1179321,0.186993381,0,9,0,clothing,22,branch,0,40,0.730290197,Asian,Male,France,,,,
10976,59.87959175,1.026362242,0,4,0,travel,4,mobile,0,63,0.184634265,Other,Female,Brazil,,,,
10977,49.17146549,7.241767844,0,9,0,travel,14,branch,1,41,0.606367558,Other,Male,China,,,,
10978,365.9336547,2.597028919,0,1,0,electronics,6,branch,0,46,0.628211367,Black,Other,China,,,,
10979,160.6823343,10.29899922,0,9,0,luxury,6,branch,1,21,0.751966226,White,Male,Brazil,,,,
10980,236.149414,3.719124808,0,1,0,travel,9,branch,1,55,0.438342401,Other,Other,India,,,,
10981,176.7823509,0.112508126,1,7,0,luxury,12,mobile,1,46,0.632674699,White,Other,France,,,,
10982,49.84328842,6.306484564,1,6,1,travel,23,branch,1,36,0.486969789,White,Male,India,,,,
10983,35.65770141,0.583977728,0,7,0,travel,10,branch,0,44,0.947338045,Asian,Female,Brazil,,,,
10984,117.2815473,7.788489884,0,9,0,grocery,0,branch,0,46,0.521880727,Other,Female,China,,,,
10985,125.5862259,0.920230514,1,4,0,luxury,19,mobile,1,73,0.209597883,Other,Male,UK,,,,
10986,125.5215003,2.119008904,0,9,1,grocery,10,web,0,53,0.667892549,Black,Female,China,,,,
10987,128.4966079,7.162140306,0,3,1,electronics,0,branch,1,52,0.548467328,Asian,Other,Brazil,,,,
10988,604.2322837,15.42078042,0,9,0,grocery,2,web,1,69,0.803829497,Other,Other,UK,,,,
10989,338.1959762,2.32157083,0,1,0,grocery,7,web,0,23,0.176911598,Other,Female,Nigeria,,,,
10990,199.4339521,8.842174673,0,5,0,electronics,12,branch,0,76,0.260939603,Black,Female,France,,,,
10991,157.5928221,1.058498077,1,5,0,luxury,6,web,1,40,0.921629107,Black,Other,China,,,,
10992,161.9073318,8.22998488,0,1,0,clothing,2,web,0,56,0.930026113,White,Male,Nigeria,,,,
10993,280.2703376,5.357331381,0,1,1,travel,19,branch,1,63,0.442256766,Asian,Female,India,,,,
10994,156.4618645,1.070569131,0,3,0,luxury,1,mobile,1,61,0.047751182,White,Female,Brazil,,,,
10995,315.1599225,1.801292216,0,9,1,electronics,17,web,1,65,0.306555069,Black,Male,Nigeria,,,,
10996,215.5192832,0.70649823,0,7,0,grocery,4,branch,0,69,0.247122654,Other,Other,France,,,,
10997,607.7815084,2.414163949,0,6,0,clothing,17,branch,0,25,0.414676852,Other,Male,UK,,,,
10998,149.2874288,1.138573925,0,9,0,grocery,15,web,0,72,0.317800619,Black,Male,UK,,,,
10999,354.5724178,5.164094,0,4,0,travel,6,web,0,19,0.828992344,White,Male,India,,,,
11000,65.23597968,26.01967829,1,4,0,electronics,0,web,1,30,0.003036019,White,Female,India,,,,
11001,98.41175191,0.060409278,1,3,0,clothing,8,branch,1,57,0.644631854,Black,Other,Brazil,,,,
11002,556.0010576,3.892651927,0,5,0,luxury,14,branch,1,74,0.664270225,Other,Other,Nigeria,,,,
11003,306.1154613,4.26266802,0,5,0,luxury,0,mobile,1,38,0.660626575,Asian,Female,Brazil,,,,
11004,239.1983395,12.27919361,0,7,0,electronics,16,mobile,1,48,0.520594681,White,Male,UK,,,,
11005,709.3220825,3.526152805,0,7,0,electronics,8,branch,0,69,0.611104073,Asian,Female,UK,,,,
11006,159.3382274,3.923039511,0,6,0,grocery,22,mobile,0,65,0.810494312,Other,Male,China,,,,
11007,354.0053486,3.190008191,0,4,0,clothing,14,web,0,53,0.784196779,Black,Male,Nigeria,,,,
11008,371.6780609,1.566054587,0,7,0,travel,9,mobile,0,78,0.034625377,White,Male,Brazil,,,,
11009,478.9814023,0.288299874,0,2,0,electronics,19,mobile,1,65,0.030436536,White,Male,India,,,,
11010,58.15596783,2.626801057,0,9,0,clothing,2,branch,1,69,0.838944813,Other,Female,Nigeria,,,,
11011,158.522809,0.270124431,0,7,1,electronics,4,branch,1,55,0.574729688,Black,Male,China,,,,
11012,212.8144786,3.99801336,0,2,0,electronics,1,web,0,44,0.957427335,White,Female,India,,,,
11013,473.8536456,1.835745486,0,2,0,luxury,21,mobile,0,53,0.431591597,Other,Male,Nigeria,,,,
11014,232.3417733,3.813583965,0,6,0,clothing,5,branch,0,65,0.176741821,White,Female,India,,,,
11015,372.2160437,0.721066721,0,7,0,luxury,15,branch,1,40,0.473234912,Asian,Other,France,,,,
11016,53.10970113,13.48777478,0,9,0,luxury,11,branch,1,72,0.436544308,White,Female,UK,,,,
11017,131.1272639,11.24622854,0,4,0,clothing,16,web,1,38,0.517177381,Other,Other,China,,,,
11018,414.8247593,1.053583608,0,8,0,luxury,11,web,1,30,0.807947234,Asian,Female,Nigeria,,,,
11019,145.3067794,2.103738598,0,2,1,grocery,16,mobile,1,54,0.655583988,White,Other,China,,,,
11020,168.6860141,4.753023548,0,6,0,travel,21,web,1,64,0.185275327,White,Female,France,,,,
11021,468.8948623,0.502894315,0,4,0,travel,6,mobile,0,43,0.734477256,Black,Male,Nigeria,,,,
11022,79.49285656,2.189175709,0,8,0,grocery,23,mobile,1,57,0.591896213,Black,Other,UK,,,,
11023,97.03772566,1.445831112,0,9,0,electronics,15,mobile,1,24,0.578310731,White,Male,China,,,,
11024,47.56396092,12.35600869,0,2,0,luxury,17,branch,0,63,0.678256882,Asian,Other,UK,,,,
11025,481.2248641,9.569996081,0,7,0,travel,7,branch,1,56,0.563965459,Black,Male,India,,,,
11026,333.9787116,4.33551206,0,7,0,clothing,17,branch,0,39,0.457513736,Black,Male,China,,,,
11027,328.2556116,3.673454853,1,8,0,electronics,1,web,1,56,0.640380283,Black,Female,UK,,,,
11028,128.1499664,13.34841329,0,5,0,travel,8,branch,1,40,0.72372707,Other,Male,China,,,,
11029,43.93975177,13.47279186,0,3,0,luxury,22,mobile,0,75,0.225766943,White,Other,China,,,,
11030,31.71133175,17.42237194,0,1,0,travel,23,web,0,47,0.497049894,Asian,Other,UK,,,,
11031,416.8590916,0.669822484,0,4,0,luxury,15,web,0,35,0.458172463,Asian,Other,UK,,,,
11032,250.5812495,0.875088341,0,3,0,electronics,16,branch,1,79,0.039903271,White,Female,Brazil,,,,
11033,285.0970624,5.646440567,0,2,0,grocery,9,branch,0,59,0.834438656,Black,Female,Brazil,,,,
11034,205.6677289,3.898260447,0,6,0,luxury,21,branch,1,35,0.377382024,Asian,Other,UK,,,,
11035,87.04940775,0.093192641,0,7,1,luxury,0,branch,1,63,0.072689233,Other,Male,China,,,,
11036,132.9941858,0.319893581,0,7,0,electronics,20,web,0,27,0.457899097,Other,Female,China,,,,
11037,68.84538232,10.94987182,1,8,0,electronics,17,web,1,56,0.161480806,Asian,Male,Brazil,,,,
11038,60.93490179,10.15786074,0,2,0,clothing,14,mobile,1,47,0.704414415,Other,Female,Nigeria,,,,
11039,315.5527296,2.210159921,0,6,0,electronics,8,web,0,43,0.571771575,White,Female,China,,,,
11040,35.01878004,11.0843594,0,6,0,travel,2,web,0,24,0.270113807,Other,Female,France,,,,
11041,69.28336264,4.50301065,0,1,0,luxury,15,branch,1,24,0.950473859,Other,Female,France,,,,
11042,139.3161347,8.197054413,1,2,0,grocery,22,mobile,0,22,0.291745348,Asian,Other,Brazil,,,,
11043,180.6440761,2.788110755,0,9,0,electronics,14,web,1,18,0.554996907,Other,Female,France,,,,
11044,46.95462051,0.60179735,0,8,1,luxury,1,branch,1,63,0.801567824,Asian,Female,Brazil,,,,
11045,230.2441516,2.843395478,0,4,0,grocery,9,branch,0,35,0.513892298,Black,Other,India,,,,
11046,197.2773158,3.055991128,1,6,0,clothing,3,mobile,1,30,0.960855676,Black,Other,China,,,,
11047,412.088387,4.003040545,0,2,0,travel,18,web,1,42,0.843854567,Other,Other,UK,,,,
11048,182.95901,0.557914243,0,5,0,clothing,16,web,1,57,0.921019014,Black,Other,France,,,,
11049,247.1053047,23.78104866,0,2,0,electronics,9,web,1,25,0.372702584,Asian,Male,UK,,,,
11050,91.47389244,1.399474495,0,5,1,travel,21,web,0,27,0.548355417,Black,Other,France,,,,
11051,94.898733,1.106678455,1,7,0,clothing,20,mobile,1,49,0.840166295,White,Other,Nigeria,,,,
11052,52.13665243,3.741216576,0,7,0,luxury,5,branch,1,34,0.903500034,Black,Other,Nigeria,,,,
11053,92.26250437,3.852389788,0,9,0,electronics,0,branch,0,55,0.944363578,Black,Male,Brazil,,,,
11054,131.4150575,2.897492177,0,3,0,clothing,10,mobile,0,32,0.879151993,Asian,Other,UK,,,,
11055,385.2177833,7.389683597,1,4,0,travel,15,web,1,32,0.730754904,Black,Male,Brazil,,,,
11056,80.41168821,3.635116774,0,9,0,travel,23,branch,1,74,0.024214806,Other,Female,India,,,,
11057,625.3124725,4.704139802,0,8,0,grocery,19,web,1,65,0.314953449,White,Male,Brazil,,,,
11058,262.6063479,6.432179709,0,7,0,travel,6,branch,0,57,0.128936285,Black,Other,China,,,,
11059,225.9988302,0.126717768,0,8,1,travel,23,web,1,68,0.154758601,Black,Male,China,,,,
11060,172.3869261,4.227346463,0,9,0,electronics,2,mobile,0,37,0.290907187,Other,Male,Brazil,,,,
11061,148.3999961,10.77921485,1,4,0,travel,13,web,1,32,0.074740457,White,Male,Brazil,,,,
11062,104.5576086,0.087708514,0,5,0,grocery,3,web,1,52,0.243031812,White,Male,France,,,,
11063,44.99749035,2.597499885,0,9,0,travel,8,mobile,0,23,0.956978837,Black,Male,France,,,,
11064,82.95328814,13.03384285,0,7,0,grocery,14,mobile,0,47,0.311943579,Asian,Male,India,,,,
11065,480.4665534,2.178238282,0,4,0,luxury,11,web,0,74,0.15971307,White,Male,UK,,,,
11066,251.4419151,3.069174383,0,6,0,grocery,15,web,1,25,0.71830018,White,Male,Nigeria,,,,
11067,477.6687024,19.96112258,0,1,0,electronics,22,web,0,48,0.82850515,Asian,Female,UK,,,,
11068,102.2857734,1.11149366,0,1,0,clothing,18,branch,0,65,0.31403785,White,Female,Nigeria,,,,
11069,66.98874446,0.337408582,0,9,0,clothing,13,web,1,64,0.278497311,White,Other,France,,,,
11070,171.1056598,9.809984936,0,8,0,luxury,3,branch,1,49,0.241759548,Asian,Other,Brazil,,,,
11071,85.71590896,10.14242449,0,1,0,electronics,22,branch,0,62,0.393261239,Black,Other,China,,,,
11072,198.7068177,3.194032102,0,2,0,luxury,5,branch,0,75,0.087231758,Asian,Other,India,,,,
11073,35.68940244,3.609865154,0,4,0,luxury,21,mobile,1,69,0.669129227,Other,Other,India,,,,
11074,19.03986855,9.033544373,0,1,0,travel,10,mobile,0,32,0.822226325,Other,Other,China,,,,
11075,219.7712555,6.707742738,0,2,0,travel,3,branch,1,35,0.66368228,Black,Female,India,,,,
11076,489.2683063,1.540437622,0,5,1,electronics,7,branch,1,30,0.42119969,Other,Female,UK,,,,
11077,226.825416,0.085188377,0,8,0,clothing,8,branch,1,41,0.288962247,Other,Female,France,,,,
11078,249.6366442,3.266750115,1,6,1,grocery,22,mobile,1,57,0.409446165,White,Male,France,,,,
11079,176.6727408,9.791868906,0,6,0,travel,23,mobile,0,31,0.423837485,White,Male,Brazil,,,,
11080,189.5010944,11.30887997,1,4,0,electronics,1,mobile,1,45,0.666020828,Black,Other,China,,,,
11081,42.67071178,15.64359874,1,2,1,electronics,19,branch,1,28,0.928060356,Other,Female,China,,,,
11082,88.60203864,10.58315229,0,3,0,clothing,2,branch,0,23,0.070586489,Other,Other,UK,,,,
11083,382.5948178,4.338021381,0,6,1,electronics,5,web,1,79,0.953353593,Asian,Female,Brazil,,,,
11084,129.0647776,2.940383928,0,6,0,electronics,1,web,0,73,0.910201284,White,Female,Nigeria,,,,
11085,377.4519645,7.454938753,0,5,0,clothing,22,mobile,0,42,0.1177323,Asian,Other,France,,,,
11086,185.6398631,6.731939308,0,6,0,travel,7,mobile,0,78,0.183585031,Other,Other,India,,,,
11087,192.7098509,3.862504454,0,6,1,clothing,19,web,0,18,0.311595601,Black,Male,China,,,,
11088,129.8602643,0.456890153,0,1,1,luxury,23,mobile,1,42,0.559666041,Other,Female,Brazil,,,,
11089,275.8156523,13.02395036,0,6,0,travel,7,branch,1,19,0.134476196,Black,Male,Nigeria,,,,
11090,323.1978468,3.040378347,0,5,0,luxury,2,web,0,79,0.200334953,Black,Male,India,,,,
11091,84.39547637,2.257548756,0,8,1,electronics,16,branch,1,49,0.902675294,Asian,Male,India,,,,
11092,47.10972391,4.96541877,0,9,0,luxury,10,web,1,30,0.109300631,Other,Male,Brazil,,,,
11093,24.2405757,5.601804847,0,6,0,clothing,2,web,0,50,0.398878265,Asian,Female,Brazil,,,,
11094,241.225985,1.18296747,0,4,1,clothing,11,mobile,1,49,0.763001778,Other,Female,Brazil,,,,
11095,222.0333848,9.068149817,0,3,0,grocery,13,branch,0,73,0.888583117,Black,Male,France,,,,
11096,740.1304238,1.712008562,0,1,0,electronics,0,branch,0,41,0.336042563,White,Female,China,,,,
11097,177.4555648,1.03317735,1,7,1,clothing,11,branch,1,44,0.164437505,Other,Male,China,,,,
11098,154.2232651,2.607746696,0,5,0,travel,17,branch,0,21,0.737011659,Black,Other,UK,,,,
11099,203.625002,6.557049241,0,4,0,clothing,23,mobile,1,41,0.772557759,White,Male,China,,,,
11100,211.7428358,16.82792235,0,9,0,travel,3,branch,1,40,0.980033444,Other,Other,Brazil,,,,
11101,145.0844583,8.284777623,0,7,0,electronics,22,mobile,1,46,0.139541851,White,Male,China,,,,
11102,86.90040978,14.09616967,1,8,0,grocery,2,web,1,51,0.709420883,Other,Male,France,,,,
11103,170.3313752,0.757637807,0,4,0,grocery,16,branch,0,38,0.417292538,Other,Female,UK,,,,
11104,165.492179,0.369184346,0,8,1,luxury,12,mobile,1,47,0.914629438,White,Other,Nigeria,,,,
11105,163.4565335,4.078888302,0,4,0,clothing,16,web,1,43,0.407830884,Asian,Female,UK,,,,
11106,296.1001479,1.714546935,0,1,0,electronics,16,branch,1,37,0.445960376,White,Male,France,,,,
11107,168.0067599,8.802902318,0,8,0,luxury,18,branch,1,33,0.126796598,White,Other,France,,,,
11108,48.19649288,5.573523469,0,1,0,electronics,4,mobile,0,20,0.320936785,Black,Male,China,,,,
11109,99.71286434,17.65564727,0,3,0,electronics,7,web,0,66,0.40084047,White,Other,UK,,,,
11110,143.6752993,1.470461911,0,7,1,luxury,23,web,1,54,0.017508754,Other,Other,UK,,,,
11111,174.0876359,3.325560454,0,3,1,electronics,1,web,0,75,0.437574468,Other,Male,China,,,,
11112,244.828555,3.47815609,0,8,0,luxury,8,web,1,57,0.336318551,White,Male,France,,,,
11113,175.1296117,1.366771336,1,5,0,clothing,6,branch,0,61,0.803839736,Black,Female,France,,,,
11114,19.60057158,4.459129744,0,3,1,luxury,15,web,1,42,0.107112613,Other,Female,Nigeria,,,,
11115,54.19591501,2.928518055,0,5,0,clothing,11,mobile,0,40,0.760211127,Asian,Male,France,,,,
11116,256.7337386,2.959469444,0,5,0,grocery,20,mobile,1,61,0.714011543,White,Female,France,,,,
11117,140.6020089,2.252861417,0,8,0,luxury,4,branch,0,76,0.241782328,Asian,Female,India,,,,
11118,186.6057133,0.08537146,0,9,0,grocery,23,mobile,1,18,0.083271668,Black,Male,India,,,,
11119,126.8267361,3.691719034,0,6,0,luxury,23,branch,1,50,0.841833446,Asian,Other,India,,,,
11120,99.35667909,2.041704965,0,3,0,electronics,20,web,0,32,0.249430043,White,Male,Brazil,,,,
11121,130.5882066,0.006603704,0,2,1,grocery,21,branch,0,34,0.14556012,Asian,Female,China,,,,
11122,188.2680231,1.840439897,0,3,0,travel,5,web,0,51,0.359036602,Other,Male,Brazil,,,,
11123,167.0602155,1.633003932,0,9,0,travel,21,mobile,1,34,0.400882824,Asian,Male,France,,,,
11124,321.7649217,2.499825345,0,7,0,travel,20,branch,1,69,0.32608798,Black,Other,India,,,,
11125,39.07161918,0.7069653,0,9,0,grocery,16,web,0,75,0.976481113,Black,Other,China,,,,
11126,45.15537641,3.54317068,0,6,0,clothing,14,branch,1,58,0.880820669,Black,Female,Nigeria,,,,
11127,139.3009847,5.895431175,0,8,0,luxury,9,web,1,61,0.872975496,Other,Female,Nigeria,,,,
11128,246.7973596,4.973769686,0,9,0,electronics,2,branch,1,21,0.398767591,Black,Female,Nigeria,,,,
11129,285.1389011,8.141955666,0,3,1,electronics,6,branch,1,30,0.96286964,Other,Female,France,,,,
11130,102.7685925,3.007475581,0,7,0,grocery,1,branch,0,21,0.684015296,Black,Female,China,,,,
11131,6.043882729,3.660393673,0,9,0,travel,12,branch,1,24,0.831994669,Black,Male,India,,,,
11132,105.6253132,8.314244629,0,2,0,electronics,13,web,0,63,0.500875125,Black,Male,France,,,,
11133,222.5379103,2.790469977,0,7,0,electronics,3,web,0,76,0.160617293,Other,Female,France,,,,
11134,164.6979764,6.04659116,0,5,0,clothing,7,branch,0,26,0.886885505,Black,Other,Nigeria,,,,
11135,253.1965358,2.851130116,0,8,0,electronics,4,branch,1,40,0.486426739,Other,Other,India,,,,
11136,373.784544,2.7041583,0,4,0,electronics,11,mobile,0,50,0.968554909,Other,Female,Brazil,,,,
11137,147.0268777,7.139867459,0,1,0,luxury,23,web,0,50,0.254861011,Other,Male,UK,,,,
11138,115.7392536,0.96087117,0,8,1,electronics,11,web,1,37,0.992378991,Asian,Other,France,,,,
11139,76.54774487,2.066876345,0,6,0,luxury,10,web,1,21,0.222424682,Black,Other,India,,,,
11140,44.88443461,1.269123948,1,8,0,travel,1,web,1,18,0.368166758,Other,Other,UK,,,,
11141,33.09054277,2.224486773,1,3,0,clothing,23,mobile,0,71,0.594016523,Asian,Other,UK,,,,
11142,94.35241746,1.309258325,0,8,0,electronics,21,branch,1,59,0.693323059,White,Male,Brazil,,,,
11143,340.1907186,4.33043202,0,8,0,clothing,4,branch,1,51,0.720282169,Other,Male,Brazil,,,,
11144,270.3998072,8.001667484,0,1,0,clothing,12,branch,0,44,0.476252409,Other,Other,France,,,,
11145,111.2796033,7.723240737,0,4,0,clothing,17,mobile,0,38,0.076826957,Black,Male,France,,,,
11146,629.1102951,2.266723531,0,7,1,grocery,22,mobile,1,41,0.496048152,Other,Male,India,,,,
11147,100.0613384,22.44156273,0,1,0,luxury,16,branch,0,32,0.334687953,White,Female,Brazil,,,,
11148,397.5333738,4.50521738,0,3,0,clothing,5,mobile,0,52,0.657655609,Other,Female,China,,,,
11149,460.4572676,2.549133129,0,3,0,travel,18,mobile,1,42,0.182275584,Other,Female,Brazil,,,,
11150,233.3804883,9.025417584,0,6,0,electronics,21,mobile,0,72,0.393912325,Black,Female,China,,,,
11151,93.59092111,6.544334045,0,5,0,clothing,16,mobile,1,26,0.966119154,Other,Other,India,,,,
11152,123.8126441,6.916999507,0,7,0,clothing,16,branch,1,34,0.088867399,White,Female,China,,,,
11153,191.6637561,1.091646727,0,3,0,electronics,17,mobile,1,38,0.602334158,Asian,Female,Brazil,,,,
11154,46.23151964,3.158607879,1,1,1,travel,14,branch,0,77,0.090648229,Black,Male,Nigeria,,,,
11155,70.06818995,9.8962847,0,3,1,clothing,22,web,1,30,0.156995656,Asian,Other,UK,,,,
11156,64.75326856,3.506279917,0,8,1,clothing,19,mobile,1,20,0.604934389,White,Male,Nigeria,,,,
11157,245.9915078,5.751413693,0,5,0,travel,3,web,0,21,0.443995523,Other,Male,UK,,,,
11158,371.3859044,4.432855502,0,3,0,clothing,3,web,1,21,0.548498997,Asian,Male,China,,,,
11159,277.7790746,9.237104748,0,8,0,travel,4,mobile,1,60,0.879872171,Black,Female,India,,,,
11160,331.1612311,1.674293574,0,6,0,clothing,14,branch,1,45,0.817240243,Asian,Other,India,,,,
11161,86.81263156,4.283925184,0,3,1,electronics,1,branch,0,24,0.887981449,Other,Female,UK,,,,
11162,128.3832322,0.657579514,1,5,0,travel,10,branch,1,43,0.616254921,Asian,Other,UK,,,,
11163,136.3362278,5.859315688,0,1,1,electronics,22,mobile,0,28,0.48964317,White,Male,UK,,,,
11164,232.7211363,6.583241498,0,6,0,electronics,2,mobile,1,41,0.459197582,Other,Other,UK,,,,
11165,96.62814764,0.218909568,1,9,0,clothing,10,branch,1,60,0.739808556,Other,Male,France,,,,
11166,317.438116,5.631833986,0,7,0,travel,2,branch,0,27,0.521299878,Other,Female,Brazil,,,,
11167,452.1092259,2.678069605,0,8,0,grocery,10,web,0,54,0.105768796,White,Male,Brazil,,,,
11168,241.2002878,0.662498917,0,6,0,electronics,1,web,0,30,0.141939024,Black,Female,India,,,,
11169,123.851704,2.722838938,0,5,1,electronics,21,mobile,0,78,0.357082768,White,Female,France,,,,
11170,80.10532711,1.079802865,0,6,0,electronics,19,branch,0,61,0.067823372,Other,Female,UK,,,,
11171,64.8978497,2.685501773,0,7,0,clothing,19,branch,1,59,0.239231219,Other,Male,France,,,,
11172,19.88423611,2.425294185,0,9,1,clothing,14,mobile,1,56,0.656400853,Asian,Female,UK,,,,
11173,139.7036459,6.704533455,0,8,0,electronics,7,branch,1,36,0.012430312,White,Other,China,,,,
11174,133.4235584,7.44087266,0,5,0,clothing,1,mobile,0,68,0.604092866,Black,Other,Brazil,,,,
11175,304.2615856,4.670092908,0,7,0,clothing,22,web,1,36,0.772356923,Other,Other,UK,,,,
11176,102.1556267,0.114740741,0,8,0,clothing,17,branch,1,29,0.170153752,White,Other,China,,,,
11177,146.0089442,13.36985856,0,1,0,luxury,21,branch,0,69,0.180968563,Other,Female,Brazil,,,,
11178,205.8740302,5.795527497,0,8,1,travel,20,mobile,1,39,0.028856367,Black,Other,UK,,,,
11179,238.426013,0.173968972,0,7,1,clothing,7,mobile,0,64,0.512450039,Black,Male,China,,,,
11180,280.6790563,8.541677324,0,2,1,luxury,21,mobile,0,54,0.654587557,Asian,Other,India,,,,
11181,191.1457607,1.1173815,0,2,0,luxury,11,mobile,1,73,0.456909582,Asian,Other,Brazil,,,,
11182,49.04853144,4.328239871,0,6,0,clothing,22,web,1,47,0.38944881,Asian,Male,China,,,,
11183,223.7743534,3.142740525,0,3,0,luxury,5,mobile,1,63,0.454412817,Black,Male,India,,,,
11184,95.9262371,2.722246263,0,1,0,grocery,23,branch,0,29,0.781528219,White,Other,France,,,,
11185,383.0870019,11.02337875,0,8,0,luxury,1,branch,0,46,0.033514307,White,Female,UK,,,,
11186,169.4279257,2.875587913,0,7,1,travel,11,branch,1,38,0.783818561,Black,Male,France,,,,
11187,199.7198722,0.391668148,0,4,0,luxury,22,branch,1,28,0.666342116,Black,Female,UK,,,,
11188,778.6890427,14.65335012,0,1,0,clothing,20,web,0,77,0.241426554,White,Female,Brazil,,,,
11189,284.0666621,12.66220758,0,2,0,electronics,11,web,0,54,0.524739726,Other,Other,UK,,,,
11190,220.8755914,5.766916373,0,9,0,grocery,12,web,1,65,0.049290671,White,Female,China,,,,
11191,149.4234634,3.154548976,0,4,0,luxury,8,mobile,1,79,0.37958867,Black,Female,Nigeria,,,,
11192,53.30928421,0.487289524,0,3,0,grocery,14,branch,0,75,0.174042479,White,Female,Nigeria,,,,
11193,141.1120379,7.821082892,0,8,0,travel,10,branch,1,35,0.022300386,White,Other,Nigeria,,,,
11194,79.21269581,0.392391696,0,4,0,luxury,8,web,1,61,0.357089498,Black,Male,India,,,,
11195,488.5625073,0.355337529,0,7,0,luxury,23,mobile,1,76,0.726112417,Other,Other,Nigeria,,,,
11196,222.9870971,3.85428801,0,5,0,grocery,7,web,0,44,0.921021867,Black,Male,UK,,,,
11197,373.7978124,0.872530328,0,5,1,luxury,19,branch,0,54,0.662263513,Asian,Female,France,,,,
11198,99.68805311,0.038801504,1,6,0,luxury,23,branch,1,65,0.401970128,Asian,Male,India,,,,
11199,84.48500081,2.750548097,0,4,0,electronics,17,web,1,29,0.999496112,White,Male,Brazil,,,,
11200,265.1498571,0.737961682,0,2,0,grocery,10,branch,0,40,0.282943508,Black,Male,India,,,,
11201,76.34124415,0.874835825,0,6,0,clothing,4,web,0,51,0.187131433,Other,Male,China,,,,
11202,116.3298634,0.400146165,0,5,0,clothing,3,web,1,79,0.463682269,White,Female,China,,,,
11203,503.8063732,1.147655502,0,3,0,travel,20,web,1,78,0.504911415,Black,Male,France,,,,
11204,120.2143854,6.284832099,0,4,0,electronics,4,web,0,55,0.35482338,White,Male,Nigeria,,,,
11205,42.42905896,8.275506664,0,3,0,grocery,20,branch,0,40,0.695499079,White,Female,France,,,,
11206,27.03343717,3.012271347,0,3,1,grocery,6,mobile,0,70,0.183864412,Black,Male,India,,,,
11207,37.10501926,3.531707377,0,4,0,electronics,16,branch,0,42,0.51033976,Other,Other,India,,,,
11208,388.577074,0.166000547,0,2,0,electronics,17,web,0,79,0.500126959,Other,Male,India,,,,
11209,105.0915034,0.359178801,0,4,0,travel,22,branch,1,21,0.823786423,Asian,Other,France,,,,
11210,763.1051586,1.489118127,0,2,1,clothing,0,mobile,1,47,0.926968199,Other,Other,UK,,,,
11211,455.5433299,3.925198663,0,8,0,grocery,15,branch,0,47,0.663265874,Asian,Other,UK,,,,
11212,582.9605098,6.726743927,0,5,0,electronics,8,web,0,30,0.30537159,Black,Female,China,,,,
11213,336.9103692,4.644386322,0,7,0,grocery,11,mobile,0,59,0.68961102,White,Other,Nigeria,,,,
11214,255.4613165,2.488953535,1,4,0,clothing,18,branch,1,66,0.251371129,White,Other,China,,,,
11215,81.78121908,0.629653601,0,6,0,grocery,10,mobile,1,31,0.96654439,Other,Female,Brazil,,,,
11216,166.2314055,7.588243139,0,4,0,grocery,5,branch,1,73,0.822362119,White,Female,France,,,,
11217,273.7039502,2.261101877,0,6,0,electronics,3,mobile,0,64,0.431190255,Black,Other,UK,,,,
11218,322.9174485,6.660053985,0,1,0,electronics,15,web,0,25,0.784343517,Other,Female,Nigeria,,,,
11219,58.4544157,3.597238555,0,6,0,electronics,2,web,0,72,0.408655645,Other,Male,Brazil,,,,
11220,142.8946342,6.709704476,0,6,0,clothing,7,mobile,0,41,0.074610159,Asian,Other,Nigeria,,,,
11221,156.2188844,11.89137104,0,2,1,luxury,15,branch,0,35,0.706768873,Black,Other,Nigeria,,,,
11222,151.4380356,12.69340559,0,9,0,clothing,1,web,1,52,0.404613833,Asian,Male,China,,,,
11223,66.32788549,3.829737671,0,6,0,electronics,12,branch,0,42,0.930319817,Other,Female,China,,,,
11224,538.903098,3.582164655,1,7,0,travel,18,mobile,1,34,0.306561214,Asian,Male,Brazil,,,,
11225,139.1042009,1.544041442,0,2,1,grocery,23,branch,0,49,0.843332821,Black,Male,India,,,,
11226,70.95396239,13.72874722,0,2,0,grocery,15,mobile,0,73,0.680437845,Asian,Female,UK,,,,
11227,547.5571605,3.061700753,0,2,0,grocery,18,branch,0,41,0.853324616,Other,Female,UK,,,,
11228,455.829475,0.682486013,0,9,0,grocery,7,mobile,1,24,0.291881877,Asian,Other,Brazil,,,,
11229,185.5246567,2.834378389,0,3,0,travel,22,mobile,1,30,0.461345403,Other,Other,UK,,,,
11230,113.450897,0.679403609,0,4,0,electronics,1,mobile,0,79,0.823129011,Other,Other,France,,,,
11231,33.92605124,3.491117057,0,1,0,luxury,0,mobile,0,44,0.643818819,Asian,Female,France,,,,
11232,242.1536665,4.119418297,0,1,0,grocery,16,branch,0,65,0.359921899,White,Other,France,,,,
11233,106.9206175,2.060604254,0,4,1,luxury,17,web,0,22,0.511995626,Black,Male,Brazil,,,,
11234,163.1396836,0.371735619,0,2,0,clothing,6,mobile,0,53,0.996098094,Other,Other,China,,,,
11235,516.128599,14.3678861,0,8,0,clothing,8,mobile,1,43,0.741847995,White,Female,Nigeria,,,,
11236,100.383513,7.421810193,0,4,0,grocery,22,web,0,59,0.614522653,Black,Female,Nigeria,,,,
11237,234.8056707,9.128062781,0,3,0,electronics,2,web,1,62,0.82791138,White,Other,India,,,,
11238,286.4196751,2.285384853,0,3,0,travel,23,mobile,1,48,0.442030339,Asian,Female,India,,,,
11239,380.5406674,7.152924947,0,6,0,grocery,23,mobile,1,27,0.950064005,Other,Female,France,,,,
11240,154.0683101,3.321563544,0,6,1,clothing,10,branch,1,63,0.552021229,White,Other,France,,,,
11241,141.731026,1.122494149,0,6,0,clothing,15,web,0,43,0.32687215,White,Other,Brazil,,,,
11242,139.1047968,0.664363059,0,6,1,luxury,8,branch,1,39,0.086019978,Black,Male,France,,,,
11243,218.7341654,2.115988547,0,8,0,travel,11,mobile,0,29,0.375695219,Black,Female,France,,,,
11244,443.1841332,0.739902755,0,8,0,grocery,13,mobile,1,49,0.568638377,Other,Other,France,,,,
11245,134.0578512,31.79521128,0,9,0,electronics,3,mobile,1,44,0.703248139,White,Male,UK,,,,
11246,8.723404079,0.25219982,0,1,0,luxury,3,mobile,0,50,0.875116693,Other,Female,Nigeria,,,,
11247,308.829791,2.909313625,0,8,0,travel,10,web,1,78,0.943960835,Black,Female,UK,,,,
11248,175.4655854,3.008253339,0,5,0,luxury,1,branch,1,70,0.102453846,Other,Male,China,,,,
11249,242.5412527,1.787890534,0,3,0,electronics,23,web,0,79,0.600904986,Asian,Female,France,,,,
11250,35.38298999,4.235590983,0,3,1,clothing,17,mobile,1,69,0.666589649,Other,Other,France,,,,
11251,107.2713273,0.812459497,0,6,0,grocery,2,branch,1,37,0.172063817,Asian,Male,UK,,,,
11252,291.6718411,7.660356541,0,8,0,grocery,1,mobile,1,56,0.54560068,Other,Male,UK,,,,
11253,51.51884075,2.020687835,0,2,0,electronics,0,web,1,58,0.334833636,Other,Other,Brazil,,,,
11254,234.4255355,4.474390509,0,9,1,grocery,4,mobile,1,57,0.077417332,Asian,Male,Brazil,,,,
11255,162.107585,6.287557757,1,5,1,grocery,6,web,1,76,0.065865991,Black,Other,France,,,,
11256,88.68156109,10.99302294,0,5,0,luxury,19,web,0,30,0.75921298,Other,Other,UK,,,,
11257,82.42109603,9.032967856,0,1,0,electronics,3,mobile,1,31,0.615455452,Black,Female,China,,,,
11258,66.91388439,4.686410435,0,6,0,luxury,2,mobile,1,61,0.715121678,White,Female,Brazil,,,,
11259,174.7569877,2.458328273,0,5,0,grocery,5,web,1,57,0.685278155,Black,Female,India,,,,
11260,190.4986527,3.497885744,1,7,1,travel,11,branch,1,70,0.1343123,White,Female,UK,,,,
11261,123.6320476,7.320950732,0,7,0,travel,15,web,0,39,0.151565257,Black,Female,Nigeria,,,,
11262,63.03456754,10.50008047,1,4,0,luxury,7,branch,1,35,0.252483724,Black,Other,India,,,,
11263,229.6178053,0.547857559,0,5,0,clothing,10,web,0,65,0.399100587,White,Male,India,,,,
11264,312.7197218,2.429496595,0,8,0,clothing,12,mobile,1,46,0.939176225,Asian,Male,China,,,,
11265,260.0584774,7.483149456,0,2,0,electronics,13,web,1,60,0.673892361,Black,Female,UK,,,,
11266,598.3856055,2.825104771,0,1,0,travel,17,branch,1,33,0.255171934,White,Other,China,,,,
11267,144.1523225,2.019040639,1,6,0,travel,21,branch,1,63,0.055984102,Black,Other,France,,,,
11268,414.6279024,2.649385589,0,4,0,luxury,7,branch,0,52,0.684223931,Black,Other,Nigeria,,,,
11269,96.40875973,4.617140044,0,3,0,grocery,0,branch,0,70,0.625318471,Black,Male,Brazil,,,,
11270,83.31726571,42.7162521,0,7,0,electronics,3,branch,1,51,0.675763418,Black,Other,China,,,,
11271,183.0102324,3.396146714,0,8,0,luxury,16,web,0,20,0.261179654,Other,Female,Brazil,,,,
11272,476.7008448,1.169092096,0,4,0,clothing,19,mobile,0,21,0.516963217,Black,Other,France,,,,
11273,131.7611661,0.888739611,0,6,0,grocery,21,mobile,0,71,0.361702801,White,Female,Nigeria,,,,
11274,35.35336709,0.216363243,0,2,0,electronics,5,web,0,22,0.817698939,Black,Male,China,,,,
11275,308.6476036,4.09148028,0,8,0,grocery,4,mobile,1,27,0.069396662,White,Male,Nigeria,,,,
11276,156.8185291,3.932589219,0,6,0,clothing,13,web,0,69,0.275441789,White,Other,India,,,,
11277,208.287109,1.148537276,0,9,0,luxury,18,branch,1,46,0.602953744,Asian,Male,India,,,,
11278,87.23151997,5.942620536,0,6,0,luxury,13,web,0,49,0.205223777,White,Male,Nigeria,,,,
11279,181.7216559,6.756702954,0,6,0,travel,1,mobile,1,48,0.672713436,White,Other,China,,,,
11280,41.40483905,1.499435967,0,2,0,luxury,8,mobile,0,19,0.136772503,Asian,Male,China,,,,
11281,544.3427812,2.108732905,0,5,1,travel,6,mobile,1,29,0.022812292,Black,Female,China,,,,
11282,348.598174,23.2674303,0,9,0,luxury,17,web,0,44,0.863494533,Other,Other,UK,,,,
11283,175.5811507,2.344137349,0,1,1,electronics,19,web,0,22,0.333444401,Asian,Female,China,,,,
11284,302.7791921,7.152311229,0,4,0,clothing,10,web,0,54,0.156848983,Other,Male,UK,,,,
11285,96.625311,3.014023201,0,3,0,grocery,7,mobile,0,44,0.172709026,Black,Other,UK,,,,
11286,338.1292204,7.883518549,0,1,0,clothing,21,web,1,40,0.885895394,Black,Female,Nigeria,,,,
11287,127.0755349,7.327190872,0,1,0,clothing,20,web,0,50,0.654431406,Other,Other,Brazil,,,,
11288,119.7982653,5.50942858,0,1,0,travel,9,mobile,0,21,0.956346267,Other,Female,UK,,,,
11289,71.26980242,9.647470288,0,1,0,travel,17,branch,0,76,0.800040323,White,Female,Brazil,,,,
11290,227.5523369,14.00234864,0,2,0,electronics,16,branch,0,38,0.767542685,Black,Other,UK,,,,
11291,169.8129786,4.337304276,0,5,1,grocery,16,mobile,0,41,0.49982066,Asian,Female,Nigeria,,,,
11292,423.5426034,1.35555997,0,2,0,luxury,0,mobile,0,61,0.820804899,Asian,Other,UK,,,,
11293,63.69484232,2.542715833,0,4,0,luxury,21,branch,0,48,0.412652538,Black,Male,China,,,,
11294,228.3011865,7.100408152,0,9,0,clothing,3,web,1,61,0.827000497,Other,Female,Brazil,,,,
11295,371.7564593,5.261747795,0,3,0,electronics,10,mobile,1,65,0.757741292,Other,Female,France,,,,
11296,193.0421521,0.978847919,0,2,0,grocery,8,branch,0,41,0.678438626,Asian,Female,China,,,,
11297,125.1042704,0.262994633,0,4,0,luxury,8,web,1,66,0.329716186,Other,Female,Brazil,,,,
11298,189.3745706,5.743661782,0,9,0,clothing,2,mobile,0,70,0.630711637,Asian,Male,France,,,,
11299,401.1989146,1.445609035,0,4,1,electronics,5,branch,1,27,0.506787625,White,Other,China,,,,
11300,401.0870498,3.462439427,1,5,0,grocery,5,web,1,66,0.461542867,White,Other,Brazil,,,,
11301,151.8840361,6.866826958,1,4,1,clothing,9,web,1,66,0.990246333,White,Other,China,,,,
11302,396.4404123,4.135299294,0,8,1,clothing,9,branch,0,67,0.50439783,Black,Male,China,,,,
11303,163.7318098,0.434889159,0,4,0,electronics,16,web,0,19,0.031986205,Other,Male,UK,,,,
11304,300.4491424,1.026396831,0,2,0,electronics,14,branch,0,48,0.626467869,White,Other,UK,,,,
11305,247.6824422,1.238002137,0,4,0,electronics,3,branch,0,42,0.728010845,Asian,Other,Brazil,,,,
11306,121.0342312,1.49111553,0,2,0,electronics,21,web,0,21,0.885183869,White,Male,UK,,,,
11307,73.69381238,4.16668508,0,9,0,grocery,9,branch,0,68,0.632684727,Other,Male,UK,,,,
11308,378.3567803,3.505551812,0,8,0,electronics,7,branch,1,28,0.019457117,Asian,Female,Nigeria,,,,
11309,450.3156111,1.135507107,0,9,0,electronics,0,mobile,1,34,0.119744336,White,Other,India,,,,
11310,224.4100561,0.349724713,1,4,0,electronics,23,branch,0,61,0.161240049,Other,Other,India,,,,
11311,163.5625009,0.940283081,0,1,1,grocery,21,web,1,19,0.211261353,Asian,Other,China,,,,
11312,56.08895346,20.79643586,0,3,0,luxury,16,branch,1,23,0.799776897,White,Other,Brazil,,,,
11313,371.8211124,3.160702098,0,7,0,clothing,11,web,0,26,0.30976005,White,Other,India,,,,
11314,205.9792631,10.10003655,0,1,0,travel,11,mobile,0,22,0.312362323,Other,Female,France,,,,
11315,135.4267822,9.444187454,0,8,0,clothing,12,web,0,37,0.755587441,White,Male,Brazil,,,,
11316,306.3535909,3.58227922,0,9,0,grocery,13,branch,1,46,0.412436575,Other,Female,Brazil,,,,
11317,46.29450842,6.132586981,0,8,1,electronics,7,web,1,38,0.064639532,White,Female,France,,,,
11318,68.00814418,1.070621799,0,5,0,grocery,13,mobile,0,26,0.585126446,Asian,Other,India,,,,
11319,93.58832007,5.830121952,0,9,1,luxury,6,mobile,1,45,0.130067687,White,Female,France,,,,
11320,242.2046353,1.589913193,2,4,0,travel,16,mobile,1,78,0.57166428,Black,Female,UK,,,,
11321,190.9421772,8.920804957,0,9,0,luxury,10,web,0,72,0.779638108,White,Other,Brazil,,,,
11322,262.7715042,0.437188975,0,1,0,electronics,0,web,0,25,0.929489637,Other,Female,Nigeria,,,,
11323,354.896474,7.41708171,0,3,0,grocery,7,web,1,48,0.067052607,White,Female,France,,,,
11324,269.4469046,0.526452072,0,4,0,grocery,12,mobile,0,37,0.303966584,Black,Male,Brazil,,,,
11325,551.9327049,10.65111639,0,1,1,electronics,23,web,1,44,0.652463983,Asian,Other,China,,,,
11326,354.3371087,1.813497549,0,6,0,electronics,16,mobile,0,25,0.315453003,Black,Other,China,,,,
11327,151.6035746,5.312270216,0,4,0,travel,23,mobile,1,71,0.451025611,Asian,Female,Brazil,,,,
11328,106.6685162,3.34229507,0,4,0,luxury,23,branch,1,38,0.020090863,Black,Other,France,,,,
11329,155.2499505,2.28092293,0,1,0,electronics,11,branch,1,78,0.693498006,Black,Male,Nigeria,,,,
11330,276.0583244,5.184414326,0,5,0,electronics,15,mobile,1,45,0.883280132,Black,Female,Brazil,,,,
11331,116.5302921,14.73689965,0,9,1,luxury,9,mobile,1,40,0.976859648,Asian,Male,UK,,,,
11332,281.3983276,0.210727618,0,6,0,electronics,15,mobile,0,23,0.830533349,White,Female,UK,,,,
11333,259.4013603,12.55745589,0,8,0,travel,2,branch,0,20,0.031776262,Other,Female,UK,,,,
11334,72.72191186,4.696282886,0,4,0,travel,0,mobile,0,22,0.651853968,White,Other,Nigeria,,,,
11335,349.8526048,8.233474595,0,9,0,luxury,18,branch,1,26,0.495659246,Black,Other,India,,,,
11336,218.722065,2.421526692,0,7,0,clothing,23,branch,1,24,0.937895493,Asian,Female,UK,,,,
11337,534.424605,3.191808217,0,7,1,travel,7,web,1,77,0.902138865,Asian,Male,France,,,,
11338,164.172156,10.15709653,0,8,0,grocery,15,web,0,21,0.988046174,White,Female,India,,,,
11339,130.5103088,2.679417924,0,2,0,grocery,14,web,0,56,0.861934224,Asian,Female,France,,,,
11340,64.28892495,3.824930134,0,6,0,clothing,6,branch,1,22,0.546892134,Asian,Female,Nigeria,,,,
11341,63.32777942,0.102008141,0,7,0,travel,1,mobile,0,28,0.714900515,Black,Male,UK,,,,
11342,321.9157596,0.863428689,0,3,0,electronics,12,web,1,78,0.964677236,Asian,Other,Brazil,,,,
11343,499.4062706,5.131734999,1,8,0,clothing,4,branch,1,32,0.578116728,Asian,Other,UK,,,,
11344,153.5427161,6.311133815,0,1,0,electronics,9,mobile,0,51,0.839979187,Black,Male,Nigeria,,,,
11345,145.808098,4.368562643,0,1,0,grocery,7,web,0,30,0.942209876,White,Other,UK,,,,
11346,175.8749251,0.773395976,0,3,0,clothing,12,branch,1,71,0.570537691,Other,Female,UK,,,,
11347,366.1630228,2.947589671,0,6,0,travel,18,web,0,65,0.159154246,Other,Other,UK,,,,
11348,73.32406567,2.193259488,0,7,0,grocery,5,web,0,24,0.155563393,Other,Other,Nigeria,,,,
11349,199.3728187,3.422536501,0,2,0,travel,17,branch,1,57,0.115317174,White,Male,UK,,,,
11350,326.925149,10.21377536,0,6,0,electronics,7,web,1,23,0.47632318,Asian,Male,China,,,,
11351,240.0884604,7.477454205,0,5,0,travel,8,branch,0,73,0.480141578,Black,Female,Brazil,,,,
11352,4.591897611,0.438637265,0,6,0,clothing,16,branch,0,56,0.617371188,White,Female,Brazil,,,,
11353,270.3907965,11.0504488,0,1,0,electronics,3,web,1,67,0.482872814,Other,Other,India,,,,
11354,241.7568329,3.191090454,0,7,0,clothing,21,mobile,0,47,0.973055015,Asian,Male,India,,,,
11355,414.3393006,6.810197415,0,8,0,electronics,17,mobile,1,39,0.291310821,Other,Male,India,,,,
11356,473.4824603,0.754342543,0,7,1,clothing,5,mobile,1,42,0.873816626,Other,Female,India,,,,
11357,400.5770806,5.55422693,1,9,0,grocery,10,branch,1,45,0.100330428,Other,Other,Brazil,,,,
11358,176.5960135,1.348071528,0,1,0,clothing,22,web,1,71,0.601917678,White,Other,India,,,,
11359,33.60263412,2.884657059,0,9,0,grocery,21,mobile,1,37,0.648325217,Asian,Male,France,,,,
11360,144.9754898,0.085033336,0,3,0,luxury,9,web,0,56,0.772230127,Other,Male,China,,,,
11361,172.3593286,0.822077976,0,2,0,travel,10,mobile,1,20,0.503022213,White,Male,Nigeria,,,,
11362,495.2421349,0.482997766,0,6,0,electronics,7,mobile,1,22,0.197226287,Black,Male,China,,,,
11363,88.01532484,1.370501439,0,5,0,travel,20,web,0,18,0.368997613,Black,Female,Nigeria,,,,
11364,47.7358124,0.526903079,0,4,1,grocery,2,web,0,32,0.272161516,White,Female,Brazil,,,,
11365,117.1603473,5.886817087,1,4,0,grocery,1,web,0,43,0.419105516,Black,Male,Nigeria,,,,
11366,92.30465613,0.147349527,0,8,0,grocery,17,web,0,20,0.529968308,Other,Other,Nigeria,,,,
11367,43.05690828,4.808277916,0,3,0,clothing,1,mobile,1,57,0.625070291,White,Female,UK,,,,
11368,156.1663546,0.758231439,0,1,0,travel,11,web,0,74,0.845121945,White,Male,India,,,,
11369,177.5377442,14.51680998,0,5,1,grocery,4,branch,1,58,0.910010321,Black,Male,India,,,,
11370,40.4293003,13.52233861,0,8,0,luxury,3,mobile,0,64,0.462581285,Asian,Other,UK,,,,
11371,129.8501407,1.277708125,0,3,0,grocery,15,branch,0,59,0.088671437,Black,Other,Brazil,,,,
11372,87.20089053,4.765049759,0,2,0,travel,13,mobile,0,51,0.79706519,Other,Male,France,,,,
11373,181.9618691,0.142024736,0,1,0,grocery,1,mobile,1,69,0.477157725,Asian,Female,Brazil,,,,
11374,195.7331269,13.42571369,1,4,0,grocery,20,branch,1,22,0.546446601,Asian,Female,France,,,,
11375,87.2165729,3.701060904,1,2,0,electronics,6,mobile,0,48,0.59579414,Other,Other,France,,,,
11376,347.7456592,0.220925464,0,8,0,grocery,20,branch,1,68,0.667867759,Asian,Female,UK,,,,
11377,169.433156,2.096552521,0,9,0,travel,10,mobile,1,30,0.89010086,White,Female,Brazil,,,,
11378,90.91984566,0.399814806,0,1,0,electronics,23,web,0,60,0.952146195,Asian,Female,India,,,,
11379,37.67421563,2.495674795,0,2,0,electronics,11,mobile,0,18,0.940169319,Asian,Male,China,,,,
11380,203.5858084,5.542197219,0,6,0,grocery,21,branch,0,39,0.809463652,Black,Male,Brazil,,,,
11381,241.3472021,3.173352867,0,7,0,grocery,4,web,1,79,0.889242254,White,Female,Brazil,,,,
11382,111.7586355,2.42028701,0,2,1,luxury,23,web,0,32,0.049654769,Other,Male,China,,,,
11383,186.3449106,0.634379636,0,8,0,travel,15,web,1,43,0.849112666,White,Other,France,,,,
11384,473.4675368,1.404783994,0,9,0,travel,21,web,1,35,0.072265237,Asian,Female,France,,,,
11385,311.3282704,0.527598685,0,8,1,clothing,6,mobile,1,65,0.746193908,Black,Female,India,,,,
11386,14.6278874,8.238262682,0,9,0,clothing,7,branch,1,26,0.169363622,Other,Other,China,,,,
11387,89.99672633,0.726515341,0,6,0,travel,3,web,1,18,0.360110446,Other,Female,China,,,,
11388,150.2892573,4.523952649,0,7,0,grocery,3,branch,1,60,0.184183679,Asian,Female,India,,,,
11389,176.786378,2.098381149,0,6,1,electronics,5,branch,0,26,0.443461637,White,Female,China,,,,
11390,189.4018006,1.280777395,0,7,0,luxury,1,web,0,40,0.411747444,Black,Other,France,,,,
11391,230.478974,5.100878898,1,3,1,grocery,8,branch,1,60,0.048062844,White,Male,Brazil,,,,
11392,154.2602318,3.05325106,0,4,1,electronics,7,branch,0,62,0.830497945,White,Male,France,,,,
11393,169.1120053,2.555340493,0,9,0,travel,17,branch,1,75,0.854186496,Other,Female,Nigeria,,,,
11394,322.4825391,4.492892676,0,3,0,grocery,11,branch,1,19,0.787507244,White,Male,Nigeria,,,,
11395,206.5501546,3.379165967,0,2,0,luxury,15,mobile,0,31,0.847606603,White,Female,France,,,,
11396,58.32372129,1.808324067,0,7,0,clothing,0,mobile,1,55,0.750879035,Other,Other,India,,,,
11397,181.0781752,4.094246939,0,6,0,electronics,19,mobile,0,57,0.937484445,Other,Other,France,,,,
11398,150.6171824,5.535721564,0,3,1,grocery,3,branch,1,35,0.57639225,White,Female,Brazil,,,,
11399,22.64714823,0.135279452,0,6,0,luxury,13,mobile,1,33,0.582642547,Other,Female,Nigeria,,,,
11400,188.1675596,3.135596304,0,7,1,grocery,17,web,1,70,0.859909908,Black,Female,UK,,,,
11401,66.08453065,0.297069225,0,6,0,travel,4,branch,1,46,0.349415547,Black,Male,India,,,,
11402,325.7652483,1.031465444,0,1,0,electronics,2,mobile,1,61,0.050082354,White,Other,UK,,,,
11403,228.1240491,4.110687174,0,1,0,travel,18,mobile,0,28,0.749855395,Asian,Female,India,,,,
11404,55.18213661,10.05663145,0,9,0,travel,11,branch,1,23,0.254589179,Other,Male,UK,,,,
11405,315.7182439,10.7196093,0,6,1,clothing,18,branch,1,20,0.474235812,Asian,Female,UK,,,,
11406,418.8109283,0.362552452,0,2,0,travel,19,branch,1,31,0.240439836,Other,Other,China,,,,
11407,136.4250579,2.715927049,0,1,0,luxury,10,web,0,77,0.827090852,Other,Other,France,,,,
11408,149.9218267,4.37342302,0,2,0,electronics,20,mobile,0,19,0.958292965,White,Other,India,,,,
11409,294.7844405,0.795388431,0,8,0,clothing,19,web,1,49,0.055023104,Black,Female,China,,,,
11410,398.1326461,7.250053392,1,5,0,grocery,8,mobile,1,48,0.233371631,Asian,Other,Nigeria,,,,
11411,30.98691388,6.817486176,0,7,0,travel,19,branch,1,28,0.189562124,Black,Female,UK,,,,
11412,61.77192851,11.6828305,0,7,0,grocery,22,mobile,1,39,0.673203513,Black,Male,France,,,,
11413,119.0574765,0.042611116,0,2,0,clothing,4,branch,0,20,0.4286784,Asian,Male,Brazil,,,,
11414,129.9785978,1.221096999,0,4,0,grocery,9,mobile,0,67,0.456261664,Other,Male,India,,,,
11415,288.9424144,8.777717702,0,2,1,luxury,8,web,1,48,0.157079084,Asian,Female,India,,,,
11416,399.5111555,5.552109505,0,7,0,clothing,12,mobile,1,50,0.414734642,Black,Other,Nigeria,,,,
11417,419.5793936,11.24000415,0,5,0,electronics,7,branch,0,79,0.303228281,Asian,Other,UK,,,,
11418,30.1143559,0.294397642,0,1,0,electronics,21,web,0,41,0.611190915,White,Female,France,,,,
11419,82.7754042,4.54364653,1,2,0,electronics,12,web,1,18,0.217238229,Other,Male,UK,,,,
11420,101.2837023,4.208776286,0,6,0,electronics,21,mobile,0,61,0.614811341,Other,Male,France,,,,
11421,82.47349612,0.181631495,0,4,1,clothing,17,mobile,0,32,0.377745192,Asian,Female,Nigeria,,,,
11422,227.6257457,3.602818787,0,7,1,clothing,22,web,0,54,0.346294562,Other,Other,UK,,,,
11423,247.6069097,4.701896623,0,2,0,clothing,8,mobile,1,44,0.305556634,Other,Other,Brazil,,,,
11424,167.4971537,1.061594092,0,2,0,travel,8,branch,1,55,0.673833494,Black,Other,Nigeria,,,,
11425,155.5173454,1.596411255,0,6,0,clothing,1,branch,0,65,0.562418405,Black,Other,Nigeria,,,,
11426,123.3167233,5.113082821,0,8,1,clothing,6,mobile,1,44,0.8517217,Other,Male,India,,,,
11427,135.4390259,3.158388203,0,1,0,clothing,4,web,0,61,0.241610178,Other,Other,France,,,,
11428,469.9613582,9.76012203,0,5,1,electronics,20,mobile,0,29,0.040119579,Black,Female,China,,,,
11429,273.8058445,2.095653538,0,1,1,luxury,5,web,0,20,0.182023482,Other,Other,UK,,,,
11430,127.1785506,1.550726858,0,6,1,electronics,12,web,1,47,0.343356364,Other,Male,France,,,,
11431,153.1942668,20.95403734,1,7,0,luxury,23,branch,1,49,0.17965499,Black,Other,Nigeria,,,,
11432,231.4058223,12.10322791,0,6,0,luxury,17,mobile,0,40,0.083510678,Black,Other,UK,,,,
11433,55.16433333,0.147106695,0,9,0,luxury,2,web,1,19,0.445338473,Black,Female,Brazil,,,,
11434,185.810011,7.364244455,0,3,0,electronics,9,web,0,24,0.676933664,White,Other,France,,,,
11435,263.3542259,0.584550187,0,8,0,travel,22,web,1,51,0.751570767,Black,Other,France,,,,
11436,240.0473463,0.139349899,0,3,0,grocery,2,web,0,49,0.398727325,Other,Female,Brazil,,,,
11437,84.24839923,1.598929763,0,7,0,travel,0,branch,0,70,0.478044595,Black,Female,China,,,,
11438,98.67743609,1.56907545,0,5,0,electronics,5,branch,1,56,0.755470493,White,Female,China,,,,
11439,19.48202386,8.555104591,0,1,0,luxury,22,branch,0,49,0.35270783,Black,Female,Nigeria,,,,
11440,283.0673424,6.200889275,0,4,0,grocery,15,branch,0,60,0.784766211,Black,Male,China,,,,
11441,603.4206098,19.9795855,0,9,0,travel,16,branch,1,60,0.967376066,White,Other,France,,,,
11442,73.92074747,6.215524546,0,8,0,clothing,15,mobile,1,31,0.880480623,Asian,Other,India,,,,
11443,353.0321587,2.708620113,0,3,1,travel,9,mobile,1,20,0.453595337,Asian,Male,India,,,,
11444,568.8724444,6.00202357,0,2,0,electronics,6,branch,1,63,0.579518495,Black,Female,UK,,,,
11445,113.5234441,37.61107738,1,9,0,grocery,7,web,1,49,0.716426387,Asian,Other,Brazil,,,,
11446,153.3595495,6.19181863,0,1,0,clothing,2,web,1,60,0.349300442,Asian,Female,Nigeria,,,,
11447,201.6173114,7.170733302,0,9,1,grocery,4,mobile,1,53,0.7992381,Other,Female,India,,,,
11448,234.6303167,13.93262817,0,7,1,grocery,18,mobile,1,34,0.436916995,Other,Male,UK,,,,
11449,209.6828559,0.603223978,0,2,0,travel,6,mobile,1,65,0.846841558,Other,Male,UK,,,,
11450,121.0456613,6.100244906,1,5,0,luxury,17,branch,1,20,0.254733895,White,Female,China,,,,
11451,260.478587,9.512537624,0,2,0,travel,21,web,0,74,0.011378056,Asian,Other,France,,,,
11452,123.3590456,15.4368919,0,5,0,clothing,17,web,0,27,0.632688396,Black,Female,Nigeria,,,,
11453,220.2441199,1.184750179,0,7,0,electronics,5,mobile,0,70,0.451889117,White,Other,China,,,,
11454,162.9173255,3.505181165,0,5,1,travel,4,mobile,1,64,0.059823117,Asian,Female,China,,,,
11455,26.56680136,5.705848435,0,2,0,luxury,5,mobile,0,57,0.487612353,Black,Female,India,,,,
11456,388.426688,1.421556994,0,5,0,luxury,5,mobile,1,35,0.168569845,White,Other,Brazil,,,,
11457,100.9878722,4.587367946,0,6,0,travel,21,branch,1,20,0.629749163,Other,Male,China,,,,
11458,414.5240161,1.489192592,0,5,0,clothing,21,web,0,56,0.445045578,Black,Male,France,,,,
11459,343.5571012,2.028253281,1,2,0,luxury,22,branch,0,79,0.171124752,Other,Female,India,,,,
11460,197.1797906,2.912670687,0,6,0,luxury,10,web,0,27,0.411938947,Asian,Other,UK,,,,
11461,243.4015738,3.766504366,0,6,1,clothing,16,branch,1,69,0.232708808,Black,Male,China,,,,
11462,264.6110078,2.983423521,0,2,0,clothing,8,web,1,26,0.65309678,Other,Other,Brazil,,,,
11463,142.466421,3.398149952,0,4,1,clothing,21,branch,0,63,0.295143374,Other,Male,UK,,,,
11464,147.8902255,1.773304555,0,7,1,clothing,15,web,1,72,0.82201735,Asian,Other,China,,,,
11465,255.63809,0.865610573,0,1,0,travel,9,branch,0,63,0.014163205,Asian,Female,France,,,,
11466,164.2630251,0.242538401,1,1,0,travel,14,web,0,28,0.403417977,Asian,Other,Brazil,,,,
11467,121.3724562,1.090647728,0,6,1,grocery,7,mobile,1,77,0.617080456,Asian,Female,Brazil,,,,
11468,85.47544231,4.360695133,0,7,0,grocery,13,web,0,50,0.022608284,Asian,Male,France,,,,
11469,224.9334349,7.711594426,0,5,0,grocery,15,web,1,53,0.215841903,White,Other,UK,,,,
11470,98.14410509,0.927117399,0,8,0,luxury,18,branch,1,43,0.32741996,Other,Male,China,,,,
11471,304.6319794,0.574559693,0,4,1,clothing,2,mobile,1,44,0.021844555,Asian,Male,Brazil,,,,
11472,322.480216,6.917299122,0,3,0,travel,12,branch,0,55,0.546690705,Other,Female,Nigeria,,,,
11473,242.0684394,1.820356365,0,7,1,travel,8,web,1,39,0.630868389,White,Other,Nigeria,,,,
11474,278.895293,15.13089959,0,4,1,clothing,11,web,1,43,0.227522252,Black,Female,China,,,,
11475,242.5808893,6.26437936,0,1,0,grocery,4,web,1,39,0.543482727,Other,Other,UK,,,,
11476,292.825394,1.978237647,0,8,0,luxury,20,web,1,22,0.999126889,Other,Male,Brazil,,,,
11477,284.2416407,1.709232495,1,5,0,travel,18,branch,1,52,0.886919288,Other,Male,UK,,,,
11478,216.2801662,3.708519916,0,8,0,electronics,6,mobile,1,19,0.058660832,Black,Other,Nigeria,,,,
11479,346.5124972,0.412261662,0,8,0,luxury,6,web,0,52,0.127882464,White,Male,Brazil,,,,
11480,146.4887336,0.625982623,0,5,0,luxury,18,branch,0,26,0.494403321,Other,Male,Brazil,,,,
11481,87.81034991,0.967061449,0,8,1,grocery,7,branch,1,68,0.245201115,White,Female,China,,,,
11482,83.86916622,7.452135783,0,7,0,clothing,5,branch,1,68,0.080969237,Other,Male,China,,,,
11483,129.9865559,3.606265993,0,3,1,electronics,2,branch,1,66,0.254554493,Other,Male,China,,,,
11484,22.24804953,0.053116756,0,4,0,grocery,21,branch,0,35,0.061178098,Other,Male,China,,,,
11485,195.7470779,5.596879758,0,7,1,clothing,0,web,1,60,0.529912442,Black,Other,UK,,,,
11486,267.0837106,2.755549393,0,4,0,electronics,5,web,1,29,0.490250104,White,Male,Brazil,,,,
11487,319.3721218,3.575454615,0,6,1,travel,22,mobile,1,20,0.006326154,White,Female,UK,,,,
11488,33.3549316,1.204731949,0,2,0,electronics,19,mobile,0,35,0.482516396,Asian,Female,India,,,,
11489,86.31799546,4.012380337,0,2,0,grocery,19,mobile,0,73,0.519805147,Other,Female,India,,,,
11490,298.3229666,19.35278363,0,3,0,electronics,18,mobile,0,55,0.605703741,Black,Female,Nigeria,,,,
11491,142.875215,0.381407692,0,7,0,electronics,20,branch,1,24,0.970099724,Other,Male,Nigeria,,,,
11492,262.8933388,1.669798775,0,3,0,electronics,12,branch,0,50,0.982692427,White,Female,France,,,,
11493,52.41108079,1.391944229,0,3,1,travel,16,branch,1,23,0.526929311,White,Other,India,,,,
11494,411.2670184,1.428748442,0,4,0,clothing,21,branch,0,35,0.845186698,Other,Other,India,,,,
11495,48.36695221,2.379757273,0,6,0,electronics,17,branch,0,62,0.08516577,White,Male,China,,,,
11496,191.5460572,8.521759934,1,1,0,luxury,19,branch,1,39,0.531154622,Other,Other,China,,,,
11497,195.2252561,12.20112112,0,6,1,grocery,5,branch,1,68,0.678900059,Other,Other,France,,,,
11498,110.9126665,1.129581255,0,8,0,luxury,10,branch,0,56,0.56472882,Asian,Male,UK,,,,
11499,236.0381881,3.914811746,0,8,0,clothing,5,mobile,0,68,0.230720994,Black,Male,India,,,,
11500,240.8097617,5.065370849,0,6,0,grocery,6,web,1,26,0.062657986,Black,Female,China,,,,
11501,222.6337211,3.688918397,1,6,1,clothing,0,mobile,1,52,0.386669285,White,Female,India,,,,
11502,109.2163002,2.84648091,0,3,0,grocery,21,branch,0,40,0.647642498,White,Male,Nigeria,,,,
11503,92.10523499,1.065814532,0,2,0,luxury,23,branch,0,29,0.991713074,Asian,Other,France,,,,
11504,119.2155787,3.349295908,0,7,0,luxury,7,branch,0,69,0.236533451,White,Male,France,,,,
11505,81.44267563,2.564261946,0,8,0,travel,13,web,1,41,0.91778991,White,Female,Nigeria,,,,
11506,357.3231312,7.937485963,0,6,0,clothing,21,branch,0,79,0.0682614,Other,Male,India,,,,
11507,127.8183341,7.211242167,0,5,0,luxury,19,branch,0,67,0.930989274,Asian,Male,Brazil,,,,
11508,187.5152256,0.719344238,0,4,0,grocery,0,mobile,1,57,0.832366768,Other,Other,France,,,,
11509,297.4907942,0.463422938,0,1,0,electronics,4,mobile,0,26,0.020945353,Other,Male,India,,,,
11510,77.91393361,11.938207,0,9,0,electronics,4,branch,1,30,0.298185374,White,Female,UK,,,,
11511,46.30048593,3.834058905,0,4,0,electronics,13,web,0,57,0.050956654,Other,Male,France,,,,
11512,81.69619735,9.752636765,0,2,0,travel,6,web,0,71,0.995505872,Black,Other,Nigeria,,,,
11513,202.9130652,0.299552213,0,4,0,luxury,16,mobile,1,59,0.427844005,Black,Male,France,,,,
11514,192.9290661,3.73818174,0,5,0,clothing,10,mobile,1,34,0.66217352,Black,Other,Nigeria,,,,
11515,222.3283435,3.876414293,0,2,0,clothing,21,web,0,24,0.234190575,Asian,Male,UK,,,,
11516,153.6927981,9.855699947,0,7,0,travel,6,mobile,1,34,0.933736239,Asian,Other,India,,,,
11517,8.462726373,0.513542389,0,3,0,grocery,0,branch,0,72,0.274174089,Black,Male,Nigeria,,,,
11518,149.9253851,1.375116428,0,8,0,luxury,14,branch,1,79,0.260214607,Black,Male,Nigeria,,,,
11519,324.9466078,2.608913114,0,4,0,luxury,18,branch,0,67,0.314600096,Other,Male,China,,,,
11520,382.6032529,10.04366579,2,5,0,grocery,9,branch,1,41,0.462489165,Asian,Male,UK,,,,
11521,178.3763173,13.97485187,0,3,1,grocery,8,mobile,1,19,0.018532726,White,Male,Brazil,,,,
11522,193.4598372,24.61629589,0,5,1,luxury,12,branch,0,52,0.5978375,White,Female,France,,,,
11523,259.4713554,15.99456782,0,9,0,luxury,23,branch,1,78,0.031665797,Asian,Female,China,,,,
11524,375.4044538,0.029797392,0,2,0,electronics,12,branch,0,45,0.539202488,Other,Male,Brazil,,,,
11525,166.7348352,0.244419635,0,7,0,clothing,5,branch,0,36,0.457884902,Black,Other,France,,,,
11526,256.9538665,0.798536894,0,8,0,electronics,7,web,0,50,0.242547058,Other,Other,UK,,,,
11527,105.216984,2.145169131,1,3,1,electronics,11,branch,0,38,0.329768017,Other,Female,UK,,,,
11528,53.52608902,8.857373937,0,4,0,clothing,1,mobile,0,70,0.705659811,Asian,Female,Brazil,,,,
11529,114.7332239,11.15859234,0,2,0,travel,15,branch,0,27,0.00959752,Black,Female,UK,,,,
11530,433.2923396,1.034102539,0,9,0,travel,11,web,0,70,0.316647138,Asian,Other,India,,,,
11531,260.5890496,4.833503025,0,3,1,travel,22,branch,0,63,0.680297254,Asian,Female,Brazil,,,,
11532,58.63797728,12.46642738,1,9,0,travel,17,mobile,1,62,0.152273865,Other,Female,Nigeria,,,,
11533,269.0748609,3.115603752,0,7,0,grocery,2,mobile,1,26,0.560385654,Asian,Female,Nigeria,,,,
11534,63.05359424,0.546527947,0,6,0,electronics,17,web,1,55,0.168932928,Asian,Male,UK,,,,
11535,220.1367327,3.060727588,0,3,0,grocery,10,mobile,1,23,0.154761877,Asian,Male,UK,,,,
11536,75.22979953,2.356381412,0,7,0,grocery,4,mobile,1,68,0.772280096,Asian,Female,France,,,,
11537,55.44359101,4.309699287,1,3,0,clothing,12,mobile,1,70,0.266525353,Other,Other,Brazil,,,,
11538,481.3970767,2.887130764,0,6,0,travel,9,web,1,59,0.375769119,Black,Male,China,,,,
11539,127.7400646,0.08749065,1,8,0,luxury,20,web,1,72,0.730018066,Black,Female,Brazil,,,,
11540,257.2952709,25.57809058,0,5,0,travel,21,web,0,52,0.179519601,Other,Male,India,,,,
11541,172.0053187,3.921273634,1,3,0,electronics,14,web,0,35,0.531737021,White,Other,Nigeria,,,,
11542,67.8764013,3.208761634,0,6,1,grocery,5,web,1,70,0.917819664,Asian,Female,Nigeria,,,,
11543,138.8622032,15.4631294,0,8,0,electronics,15,web,1,36,0.553826819,Other,Female,India,,,,
11544,68.43388569,0.847186784,0,3,0,grocery,22,web,0,22,0.048845767,White,Male,France,,,,
11545,712.4457926,1.048901213,0,5,0,grocery,7,web,1,42,0.589697275,White,Female,India,,,,
11546,289.8644573,8.25168364,0,9,0,grocery,19,web,1,28,0.0901534,Asian,Male,France,,,,
11547,169.5838574,1.511144025,0,3,0,luxury,2,branch,1,27,0.28212454,Other,Other,France,,,,
11548,247.7472664,8.027904459,0,2,0,travel,4,web,1,34,0.849675105,Asian,Male,China,,,,
11549,277.1313388,1.584068079,0,8,0,grocery,14,branch,0,53,0.011069128,White,Female,France,,,,
11550,277.6397978,0.168754178,0,7,0,clothing,2,web,1,43,0.077013309,White,Other,UK,,,,
11551,269.4980404,3.63884555,0,9,0,grocery,14,web,1,48,0.363364129,Asian,Other,UK,,,,
11552,255.3390006,1.095050741,0,4,0,travel,1,web,1,49,0.99939588,Asian,Other,France,,,,
11553,180.165113,7.090913006,0,3,0,travel,11,branch,0,38,0.291863906,Asian,Male,India,,,,
11554,457.2895124,5.124945633,0,5,0,luxury,4,branch,1,35,0.157274619,Black,Other,India,,,,
11555,188.8549024,12.85903752,0,1,0,grocery,8,web,0,77,0.549422133,Other,Female,India,,,,
11556,173.3229374,7.639021369,0,5,0,clothing,21,web,0,35,0.519255022,Other,Other,UK,,,,
11557,190.0614995,0.996988366,0,3,0,luxury,3,branch,0,18,0.449619588,Other,Other,China,,,,
11558,200.1863128,8.051147045,0,1,0,luxury,22,web,0,31,0.946653752,White,Male,France,,,,
11559,33.64978975,5.132440253,0,3,0,grocery,20,web,0,25,0.280149371,Other,Male,Nigeria,,,,
11560,80.95691355,5.527454084,1,5,0,grocery,6,branch,1,19,0.293324229,Other,Female,India,,,,
11561,153.6887611,8.926786613,1,5,0,luxury,15,branch,1,68,0.140256971,White,Female,China,,,,
11562,31.80580568,4.264515174,0,8,1,luxury,12,branch,1,32,0.697288018,White,Male,UK,,,,
11563,169.3776684,3.136830106,0,1,0,luxury,1,web,1,77,0.321369471,Black,Other,Brazil,,,,
11564,198.2593482,5.06182025,0,7,0,electronics,1,branch,1,51,0.802740293,White,Male,France,,,,
11565,51.17285278,1.768806171,0,5,0,luxury,8,web,1,53,0.971757877,Asian,Male,India,,,,
11566,99.08636431,1.00811599,0,3,1,travel,14,mobile,0,79,0.043685242,Black,Male,UK,,,,
11567,392.9195423,4.793223638,0,4,0,clothing,3,mobile,1,18,0.99312189,White,Female,Brazil,,,,
11568,249.529198,1.331875886,0,3,0,clothing,16,web,0,68,0.254104226,Other,Female,France,,,,
11569,239.6157785,0.416446704,0,8,1,grocery,8,web,0,38,0.420110357,Black,Female,Nigeria,,,,
11570,361.4426364,0.002771691,0,4,0,luxury,14,branch,0,59,0.777743354,Black,Female,France,,,,
11571,82.37225626,4.686542854,0,3,0,clothing,0,web,0,18,0.665331142,Other,Other,France,,,,
11572,51.32499938,2.248251129,0,2,1,clothing,1,web,0,49,0.778436921,Other,Female,India,,,,
11573,329.3865638,6.977906168,0,3,0,travel,8,branch,1,37,0.466332016,Other,Female,China,,,,
11574,157.05246,2.351429532,1,7,1,travel,10,web,1,71,0.916067079,Asian,Other,France,,,,
11575,80.42790208,3.327693611,0,6,0,electronics,18,mobile,0,64,0.789940805,Black,Other,Brazil,,,,
11576,33.3504634,2.613520917,0,5,1,electronics,0,web,1,53,0.309227975,Asian,Male,Brazil,,,,
11577,191.6722972,5.257328674,1,8,0,clothing,18,branch,1,56,0.948480221,Asian,Other,France,,,,
11578,143.3168708,2.201363332,0,1,0,grocery,8,web,0,47,0.961054193,Other,Other,France,,,,
11579,124.6485476,16.58901456,0,3,1,clothing,1,web,1,24,0.415053556,White,Female,China,,,,
11580,13.14970494,13.75585751,0,2,0,grocery,4,web,0,39,0.651960488,Asian,Female,Brazil,,,,
11581,453.3571741,9.420291726,0,2,0,clothing,16,mobile,0,74,0.814768535,White,Female,Brazil,,,,
11582,42.1397691,12.64744544,0,1,0,travel,0,branch,1,67,0.817300717,White,Female,India,,,,
11583,134.5577209,2.9813701,0,5,0,luxury,13,mobile,1,62,0.014123545,Other,Other,Nigeria,,,,
11584,117.1662472,3.843993683,0,5,1,clothing,11,mobile,1,27,0.629013633,White,Female,Brazil,,,,
11585,254.7799487,6.775773222,0,3,0,electronics,22,branch,0,73,0.973699297,Asian,Female,Nigeria,,,,
11586,33.77344078,5.956038545,0,9,0,grocery,9,branch,0,25,0.231347148,White,Male,Nigeria,,,,
11587,233.7362409,11.06731536,1,6,0,grocery,18,mobile,1,44,0.795608859,Asian,Other,Brazil,,,,
11588,192.3768284,6.299736548,0,6,1,clothing,14,mobile,0,27,0.534247621,Other,Other,China,,,,
11589,94.98023763,30.79281261,0,6,0,grocery,0,web,0,31,0.221470211,Asian,Other,China,,,,
11590,227.9160789,2.142433924,0,2,0,electronics,0,branch,0,63,0.051037974,White,Male,India,,,,
11591,169.1508755,8.948739736,0,8,1,travel,10,mobile,1,76,0.759921711,Asian,Other,France,,,,
11592,524.9822397,5.980598981,0,6,0,luxury,10,web,1,69,0.31647035,White,Other,China,,,,
11593,143.215942,5.878327083,1,3,0,luxury,4,mobile,1,71,0.375586028,White,Female,UK,,,,
11594,71.17357582,1.971406366,0,9,0,grocery,2,mobile,1,28,0.485231053,Other,Other,France,,,,
11595,235.3954316,7.69960105,0,2,0,clothing,10,branch,1,23,0.507194903,White,Female,UK,,,,
11596,129.429872,11.53176202,0,7,0,grocery,3,mobile,1,38,0.206185577,Black,Male,Brazil,,,,
11597,166.5752042,1.23301071,0,3,0,electronics,5,branch,0,79,0.67064199,Asian,Female,France,,,,
11598,51.7482796,4.910775152,1,6,0,clothing,17,mobile,1,50,0.69253998,Black,Male,France,,,,
11599,257.5243255,2.4890109,0,5,0,travel,6,web,1,36,0.142300924,Black,Male,UK,,,,
11600,113.0512048,22.80486672,0,6,0,electronics,20,branch,1,56,0.53290954,Asian,Male,India,,,,
11601,203.4016942,3.258421989,0,8,0,travel,23,branch,1,41,0.609259348,Other,Female,China,,,,
11602,611.2587447,1.295927739,0,3,0,clothing,3,web,1,35,0.186251543,Asian,Male,Brazil,,,,
11603,136.7665972,2.405182341,0,2,0,travel,13,branch,1,52,0.894462127,Other,Female,Brazil,,,,
11604,282.3845666,5.304247658,0,8,0,electronics,7,web,0,69,0.482825861,White,Female,China,,,,
11605,144.3483916,0.395699671,0,1,0,electronics,19,branch,0,79,0.115028358,Black,Female,Brazil,,,,
11606,96.1035584,4.626681603,0,2,1,grocery,10,branch,1,60,0.334396178,Asian,Male,France,,,,
11607,402.0589944,13.38455735,0,1,0,clothing,13,branch,0,54,0.476960448,White,Female,Nigeria,,,,
11608,23.17355149,9.497707494,0,5,0,luxury,20,branch,0,36,0.010144153,Asian,Female,UK,,,,
11609,333.5062838,0.350361215,0,8,0,luxury,2,mobile,1,70,0.031909876,Asian,Male,China,,,,
11610,19.76722669,25.0957664,0,2,0,travel,10,mobile,1,41,0.055520595,White,Female,France,,,,
11611,310.4983821,5.998690976,0,4,1,luxury,3,mobile,1,73,0.538135226,Asian,Male,India,,,,
11612,168.5161108,0.885361736,0,4,0,luxury,8,branch,0,79,0.336088196,White,Male,India,,,,
11613,71.3565349,0.062469064,0,7,0,electronics,4,mobile,1,51,0.893104048,Black,Male,France,,,,
11614,119.4476543,0.939380592,0,1,0,electronics,12,branch,0,39,0.559233872,White,Female,UK,,,,
11615,271.8985458,9.10622732,0,9,0,electronics,19,branch,1,21,0.759896329,Asian,Female,China,,,,
11616,574.1840888,0.109384443,1,3,0,luxury,3,web,1,74,0.687133177,Black,Other,Brazil,,,,
11617,35.3051387,1.327302739,1,6,0,travel,6,web,1,27,0.520320727,Black,Other,Brazil,,,,
11618,75.47829155,7.079761105,0,5,0,clothing,1,web,0,19,0.74472044,White,Other,Nigeria,,,,
11619,47.16085986,4.410781679,0,4,0,grocery,19,branch,0,25,0.544705703,Other,Male,China,,,,
11620,143.424141,7.63320371,0,9,0,travel,18,web,1,50,0.385456305,White,Other,France,,,,
11621,316.2118173,6.855068612,0,9,0,electronics,6,web,0,76,0.435804833,Other,Female,Nigeria,,,,
11622,40.75029945,0.25963267,0,1,0,travel,19,branch,0,55,0.83850134,White,Male,India,,,,
11623,165.1108566,11.15185331,0,7,0,clothing,23,branch,1,60,0.563273558,Black,Male,Brazil,,,,
11624,309.3836347,1.28758707,0,9,0,electronics,20,mobile,1,76,0.377296148,White,Female,China,,,,
11625,118.0341943,4.030375062,0,5,1,clothing,8,branch,0,79,0.179743152,Other,Other,Brazil,,,,
11626,193.6926983,5.168171522,0,1,0,grocery,18,mobile,0,45,0.495357842,Asian,Other,Nigeria,,,,
11627,382.5249577,0.923390923,0,8,0,travel,19,branch,0,27,0.25240411,Other,Female,France,,,,
11628,63.10787398,18.69691934,0,5,0,grocery,1,web,0,62,0.955579878,Black,Female,Nigeria,,,,
11629,26.35652273,3.34867651,1,6,0,luxury,20,branch,1,18,0.490982085,White,Other,China,,,,
11630,211.4331504,0.296853861,0,7,0,travel,15,mobile,0,51,0.008948274,Black,Female,India,,,,
11631,215.7013752,13.84394334,0,7,0,luxury,5,branch,1,20,0.092877189,Asian,Other,China,,,,
11632,111.3469596,4.412682394,0,7,0,clothing,18,branch,1,26,0.284324492,Asian,Female,France,,,,
11633,93.76741543,6.00643537,0,1,0,luxury,17,web,0,22,0.092162842,Asian,Other,China,,,,
11634,171.1147187,3.724053138,0,7,0,clothing,16,branch,1,59,0.893962225,White,Female,India,,,,
11635,62.02008956,9.00111456,0,3,1,grocery,10,web,1,27,0.854351567,Other,Male,France,,,,
11636,62.11503431,0.168474049,0,5,0,electronics,22,mobile,1,29,0.970861509,White,Male,Nigeria,,,,
11637,270.6578904,1.562458956,0,5,0,grocery,3,branch,0,35,0.706465614,Black,Male,UK,,,,
11638,57.99942856,3.17107507,0,8,0,luxury,23,mobile,1,75,0.645464546,White,Female,Nigeria,,,,
11639,28.39979259,0.398483426,0,7,0,clothing,7,branch,1,38,0.923496638,Black,Other,France,,,,
11640,93.60416549,6.119290554,0,7,0,luxury,23,web,1,38,0.946393145,White,Other,China,,,,
11641,113.6140353,2.501600124,0,6,0,electronics,17,branch,0,18,0.877487843,Other,Other,India,,,,
11642,233.7181621,1.591861105,0,7,0,travel,12,web,1,20,0.861472844,Asian,Male,Nigeria,,,,
11643,100.8170517,0.01692284,0,7,0,travel,20,mobile,1,22,0.671703255,White,Male,France,,,,
11644,425.9873097,6.36179915,0,5,0,travel,7,mobile,1,42,0.001605947,Other,Other,India,,,,
11645,177.9256127,8.973097041,0,5,1,luxury,9,web,1,75,0.42951705,White,Female,India,,,,
11646,82.58159348,2.512969122,0,4,0,travel,17,branch,1,66,0.635662771,White,Female,India,,,,
11647,226.7270072,4.15306554,0,4,0,clothing,17,web,1,25,0.54712738,Asian,Other,China,,,,
11648,420.9940822,1.291824432,0,5,0,electronics,16,web,0,34,0.82112663,Black,Other,France,,,,
11649,265.5317597,4.866920469,0,9,0,grocery,15,web,1,26,0.818902277,Other,Female,India,,,,
11650,38.18594983,0.061058594,0,6,0,clothing,5,web,0,49,0.598682009,White,Other,India,,,,
11651,121.848245,3.353445285,0,8,1,electronics,13,mobile,1,23,0.021994053,Asian,Female,Nigeria,,,,
11652,201.0989798,5.167009555,0,9,0,grocery,4,web,0,66,0.369329952,White,Female,India,,,,
11653,257.9054481,12.51688734,0,4,0,travel,14,web,1,57,0.228816585,White,Male,China,,,,
11654,144.1171463,2.400963345,1,7,0,grocery,12,mobile,0,38,0.338788109,Asian,Male,UK,,,,
11655,128.6016481,7.244897335,0,5,0,luxury,15,mobile,1,24,0.617292655,White,Male,France,,,,
11656,522.4516926,4.552624804,0,4,0,luxury,15,mobile,0,24,0.066461903,White,Other,India,,,,
11657,268.2661557,13.08730891,0,7,0,travel,16,branch,0,64,0.022242049,Other,Female,India,,,,
11658,227.2327403,2.540626994,1,3,0,travel,23,branch,0,56,0.436872916,Other,Other,Brazil,,,,
11659,104.4809976,1.921664912,0,1,0,clothing,23,mobile,0,71,0.793573832,Other,Other,Nigeria,,,,
11660,61.16192936,10.90812438,0,7,0,clothing,4,web,1,44,0.030698575,White,Other,India,,,,
11661,230.0882949,0.252491218,0,9,0,luxury,10,web,1,25,0.849048585,White,Female,Nigeria,,,,
11662,288.8075427,0.733143332,0,2,0,electronics,14,mobile,0,26,0.383879633,Other,Male,Nigeria,,,,
11663,165.9452671,0.42999273,0,7,0,clothing,2,mobile,1,45,0.118235429,White,Female,UK,,,,
11664,268.7660226,9.261050397,0,2,0,electronics,7,branch,0,32,0.567497729,Asian,Female,France,,,,
11665,273.5512901,0.053320416,0,3,0,luxury,2,mobile,0,19,0.952360561,Asian,Other,UK,,,,
11666,302.074029,9.890101472,0,3,1,clothing,3,branch,1,24,0.542512899,White,Other,France,,,,
11667,37.47530956,3.00072372,0,4,1,electronics,13,mobile,1,64,0.686634756,White,Male,Brazil,,,,
11668,124.6928262,0.02016701,0,6,0,electronics,22,web,0,35,0.816421287,Black,Female,UK,,,,
11669,240.0179161,2.567856759,0,3,0,clothing,22,mobile,0,39,0.799340122,Asian,Male,Nigeria,,,,
11670,173.1753565,1.033896157,0,9,0,travel,19,web,0,67,0.073118729,White,Other,India,,,,
11671,274.1428252,4.896159147,0,2,0,grocery,5,mobile,0,27,0.740995413,Black,Other,Brazil,,,,
11672,227.135344,5.687162533,0,7,0,travel,23,branch,1,71,0.949449566,Asian,Male,France,,,,
11673,14.58897566,3.342541827,0,6,0,grocery,22,mobile,0,67,0.700652234,Black,Male,UK,,,,
11674,352.2221748,0.206816567,1,2,1,electronics,3,web,1,50,0.836442894,Other,Female,Brazil,,,,
11675,112.1768855,5.337440615,0,3,0,clothing,11,web,0,24,0.485549701,Black,Male,China,,,,
11676,78.25303619,9.22702871,0,6,0,luxury,1,web,0,20,0.319069326,Other,Male,UK,,,,
11677,344.3689661,6.370622401,0,4,1,clothing,17,mobile,0,31,0.676239223,White,Female,Nigeria,,,,
11678,259.6855462,8.858546685,1,1,0,travel,13,branch,1,61,0.492199978,White,Other,China,,,,
11679,377.1951618,1.118903293,0,1,0,grocery,7,branch,0,63,0.895288856,Asian,Female,UK,,,,
11680,202.720181,10.98608017,0,3,1,clothing,7,branch,0,78,0.974381969,Black,Other,France,,,,
11681,123.394246,1.944466786,0,8,0,grocery,11,web,0,53,0.819802068,Black,Other,China,,,,
11682,185.8718377,0.067477349,0,4,0,travel,0,web,0,30,0.992679617,White,Male,China,,,,
11683,65.9664027,9.270035764,0,1,0,travel,0,branch,0,33,0.348370598,Asian,Male,France,,,,
11684,45.92776703,14.22117719,0,8,0,clothing,3,branch,1,33,0.895755379,White,Male,India,,,,
11685,97.91335179,5.329150679,0,6,0,luxury,16,mobile,0,71,0.329933629,Asian,Male,India,,,,
11686,453.4311408,1.316161303,2,1,0,luxury,9,mobile,1,22,0.118038075,Black,Male,France,,,,
11687,106.623146,1.45005367,0,6,0,grocery,0,mobile,1,69,0.621373695,Other,Other,France,,,,
11688,29.13814256,3.142351533,0,1,0,clothing,10,branch,0,42,0.454988634,Asian,Female,France,,,,
11689,147.3395697,11.40563877,0,3,1,electronics,20,branch,0,55,0.921699233,Black,Male,Brazil,,,,
11690,105.4308489,0.810228479,0,2,0,travel,16,branch,1,55,0.492193888,Asian,Other,China,,,,
11691,356.544118,8.742743335,0,4,0,grocery,9,web,0,67,0.927632579,Other,Male,UK,,,,
11692,432.3244469,1.721634682,0,2,0,travel,5,branch,1,55,0.078633867,Other,Female,Brazil,,,,
11693,118.7842102,8.266587713,0,5,1,grocery,3,mobile,1,56,0.830511836,White,Other,Nigeria,,,,
11694,202.5775204,12.64562187,0,4,0,clothing,12,mobile,1,73,0.759114268,Other,Female,India,,,,
11695,215.1057307,2.788659198,0,6,0,grocery,10,web,0,79,0.719978273,Other,Male,UK,,,,
11696,160.4642464,2.271050268,0,7,0,grocery,4,mobile,0,73,0.355135855,White,Other,India,,,,
11697,138.656457,8.10303323,0,2,1,electronics,13,mobile,1,65,0.783759636,Other,Female,Nigeria,,,,
11698,73.55730548,3.769614694,0,2,1,grocery,1,web,1,58,0.483296579,White,Male,France,,,,
11699,23.88590193,5.767175577,0,8,0,luxury,2,mobile,1,43,0.715203511,Asian,Male,India,,,,
11700,73.16305016,4.875286209,1,9,0,grocery,2,web,1,76,0.552227147,Black,Other,France,,,,
11701,156.1252678,0.8296168,0,5,0,grocery,10,mobile,0,30,0.157439705,White,Male,India,,,,
11702,40.82760519,9.314892808,0,7,0,clothing,8,web,1,61,0.06455859,Asian,Female,Nigeria,,,,
11703,194.8823003,1.089381684,0,9,0,grocery,18,web,1,68,0.366186651,Other,Male,India,,,,
11704,175.7802266,13.46202692,0,1,0,electronics,9,branch,0,43,0.932788823,Asian,Female,Nigeria,,,,
11705,105.5838237,1.442220423,1,8,1,clothing,20,web,1,72,0.529735021,White,Female,UK,,,,
11706,133.9985131,6.619058007,0,9,1,travel,5,mobile,1,72,0.802192068,White,Female,Brazil,,,,
11707,48.89166404,1.674954426,0,9,0,luxury,21,branch,1,18,0.575953071,White,Female,Nigeria,,,,
11708,298.371991,1.912055102,0,7,0,luxury,5,branch,0,25,0.957905286,White,Other,India,,,,
11709,294.8955287,1.855331833,0,3,0,travel,0,branch,1,21,0.369455562,Asian,Female,UK,,,,
11710,58.03333478,6.889493597,0,5,0,grocery,21,web,0,38,0.057050455,Black,Other,Nigeria,,,,
11711,59.69221514,4.068841275,0,2,0,electronics,0,web,0,79,0.780668383,Black,Other,India,,,,
11712,74.06212469,10.72587533,0,3,0,electronics,21,branch,1,39,0.705456508,Asian,Other,China,,,,
11713,248.4806469,1.836316294,0,7,0,electronics,21,web,1,68,0.527534382,Black,Male,Nigeria,,,,
11714,214.6165915,5.888156086,0,1,1,electronics,18,mobile,0,70,0.326391243,Other,Female,Nigeria,,,,
11715,341.7329769,6.990794327,0,3,1,grocery,2,mobile,0,75,0.188265148,Asian,Male,France,,,,
11716,367.8481116,0.821320569,0,5,1,travel,5,mobile,0,54,0.482276044,Asian,Female,India,,,,
11717,36.84711262,2.559041844,0,4,0,travel,1,web,0,66,0.666201409,Asian,Other,Brazil,,,,
11718,242.262099,3.296797289,0,3,0,luxury,14,mobile,0,20,0.578886429,Black,Male,Nigeria,,,,
11719,358.0368247,2.197856256,0,6,1,travel,11,mobile,1,36,0.43749051,Asian,Male,UK,,,,
11720,127.1507672,1.943870378,0,6,0,electronics,20,web,0,18,0.539694444,Asian,Other,India,,,,
11721,163.6445497,5.79850215,0,4,0,grocery,9,web,0,46,0.10795493,White,Other,Brazil,,,,
11722,145.1557365,1.21587931,0,9,1,clothing,18,mobile,1,40,0.695840104,White,Other,India,,,,
11723,150.2632761,6.178878407,0,6,0,clothing,20,branch,1,50,0.734256044,Black,Male,China,,,,
11724,297.6710899,13.67024092,0,9,1,electronics,12,branch,1,72,0.011452604,White,Other,Brazil,,,,
11725,509.9361926,4.164317113,0,2,0,luxury,2,web,1,69,0.270519556,Other,Male,Brazil,,,,
11726,416.1889393,4.726464243,0,6,0,clothing,17,web,1,58,0.09211686,White,Female,Nigeria,,,,
11727,109.8006419,0.357118594,0,4,0,electronics,19,web,1,40,0.998232132,White,Other,France,,,,
11728,203.0493833,9.993066001,0,2,0,grocery,4,branch,1,22,0.593342834,Asian,Male,India,,,,
11729,84.57799711,1.680496041,0,5,0,clothing,21,mobile,0,24,0.465738094,Other,Other,UK,,,,
11730,92.46842778,4.773224255,1,3,0,electronics,12,branch,1,74,0.463001019,Other,Other,China,,,,
11731,158.1435477,19.34294287,0,6,0,clothing,13,web,0,75,0.964773919,White,Male,UK,,,,
11732,90.28753208,4.525549858,0,8,1,grocery,14,branch,1,23,0.659855638,Black,Male,France,,,,
11733,102.4376009,6.449641649,0,4,0,travel,17,web,0,66,0.168659558,Asian,Male,UK,,,,
11734,199.5235035,2.946816099,0,4,0,travel,13,mobile,0,39,0.448158828,Black,Other,India,,,,
11735,239.8565098,0.311323374,0,5,0,grocery,18,web,0,66,0.774196841,Black,Female,UK,,,,
11736,235.329781,7.987530638,0,6,1,grocery,2,mobile,0,30,0.423350067,Black,Female,China,,,,
11737,236.9986292,0.178129884,0,7,0,travel,21,mobile,1,29,0.309533426,Other,Other,India,,,,
11738,52.50641802,6.030839875,0,6,1,grocery,0,branch,1,21,0.991216077,Black,Other,Brazil,,,,
11739,86.27126903,0.115941785,0,7,0,grocery,22,web,0,79,0.935637135,Black,Male,Nigeria,,,,
11740,171.6125528,9.913579514,0,9,0,grocery,23,branch,1,25,0.941560369,Other,Female,France,,,,
11741,347.1075238,0.857715483,0,4,0,travel,6,web,0,54,0.13167253,White,Female,France,,,,
11742,695.9995817,3.610527219,0,1,0,travel,19,web,0,48,0.234255257,Other,Female,UK,,,,
11743,209.046792,4.545963718,0,9,0,clothing,6,web,0,54,0.442066958,Other,Male,India,,,,
11744,278.2528561,3.058254486,0,7,0,travel,16,branch,1,62,0.832129258,White,Female,China,,,,
11745,46.70095889,2.083364578,0,4,0,clothing,14,branch,0,43,0.73682754,Black,Male,Nigeria,,,,
11746,273.0810787,3.153813916,0,8,0,travel,12,web,1,60,0.849667395,Black,Other,China,,,,
11747,578.9308456,1.865588032,0,7,0,luxury,23,branch,0,25,0.920763291,White,Male,UK,,,,
11748,85.99105444,2.882355761,0,2,1,clothing,14,web,0,57,0.780766843,Black,Other,China,,,,
11749,105.3100897,2.222950459,0,1,0,grocery,2,branch,1,50,0.26177001,White,Female,Nigeria,,,,
11750,304.090841,4.175913999,0,9,0,luxury,16,branch,1,62,0.285445682,Other,Other,India,,,,
11751,169.9658303,1.358546018,0,7,0,travel,15,mobile,0,46,0.352487682,Black,Other,China,,,,
11752,21.38087666,22.39557614,0,1,0,travel,21,branch,0,22,0.303075367,Black,Other,UK,,,,
11753,110.7664398,3.474443014,2,4,1,luxury,0,web,1,45,0.24909895,Asian,Male,UK,,,,
11754,431.1392714,1.079363227,0,5,0,electronics,23,branch,0,70,0.75248606,Black,Male,China,,,,
11755,133.1844374,3.241507256,1,5,0,grocery,13,branch,1,57,0.033991051,Asian,Male,Nigeria,,,,
11756,133.0958267,10.06509135,0,5,0,clothing,2,web,0,34,0.728393738,Black,Other,UK,,,,
11757,290.9426307,0.110240377,0,3,0,luxury,19,branch,1,72,0.823563772,Asian,Other,China,,,,
11758,214.5344055,5.690209376,0,5,0,clothing,21,mobile,1,40,0.066044043,White,Other,Nigeria,,,,
11759,127.4494498,3.970009278,0,4,0,travel,3,mobile,0,62,0.061847107,Black,Female,China,,,,
11760,99.46333478,0.928985915,0,5,0,electronics,23,mobile,1,26,0.285463803,White,Male,China,,,,
11761,910.8814529,8.504380073,0,7,0,electronics,8,mobile,1,19,0.208306816,Asian,Female,India,,,,
11762,384.5270486,2.301332922,0,5,0,clothing,20,web,0,49,0.581133674,Asian,Female,Nigeria,,,,
11763,236.9361273,1.739298342,0,8,0,travel,0,web,0,68,0.675451544,Asian,Female,India,,,,
11764,247.7717637,8.804944634,1,8,0,electronics,23,mobile,1,69,0.634141996,Asian,Other,India,,,,
11765,150.9895525,5.087812619,0,3,0,grocery,13,web,0,66,0.35734737,Other,Male,Brazil,,,,
11766,212.6803548,11.42662867,0,5,0,travel,12,branch,1,48,0.498397835,White,Female,Nigeria,,,,
11767,138.7251098,4.969690042,0,4,0,luxury,14,branch,0,24,0.63999083,Asian,Male,France,,,,
11768,79.14305694,6.751117208,1,5,0,luxury,17,branch,1,47,0.119426269,Black,Male,Brazil,,,,
11769,218.7521416,9.053057168,0,8,0,luxury,15,mobile,0,75,0.229511914,Asian,Other,Brazil,,,,
11770,129.3784342,0.281474359,0,4,0,grocery,5,mobile,0,20,0.890496154,White,Female,Nigeria,,,,
11771,226.995971,7.481639087,0,5,0,travel,21,web,1,68,0.342326377,Other,Other,Brazil,,,,
11772,257.9274758,4.755788944,0,7,0,clothing,15,web,0,68,0.801156382,White,Male,Brazil,,,,
11773,235.5946972,0.360207909,0,3,0,clothing,10,web,0,73,0.250989752,Black,Female,UK,,,,
11774,73.39667643,3.552259454,0,6,0,travel,6,mobile,1,26,0.041640352,Other,Male,India,,,,
11775,118.382768,0.430285043,0,9,0,grocery,8,web,0,27,0.500400592,White,Male,France,,,,
11776,131.3996062,6.658031012,1,4,0,travel,0,branch,1,78,0.892482044,Asian,Other,Nigeria,,,,
11777,327.0504053,3.953818944,1,4,0,clothing,9,branch,1,63,0.819284549,Black,Female,UK,,,,
11778,315.5799642,15.34942834,0,6,0,travel,7,branch,1,67,0.252939169,Black,Other,China,,,,
11779,90.81877296,1.011409457,0,6,0,luxury,10,mobile,0,75,0.909935774,Other,Other,China,,,,
11780,51.27044103,4.657446391,0,3,1,travel,4,web,1,64,0.479715895,White,Male,France,,,,
11781,717.2514439,1.188635218,0,1,0,electronics,5,web,0,43,0.048999004,Black,Female,France,,,,
11782,229.0428519,4.76043139,0,3,0,travel,23,mobile,0,18,0.02792462,Other,Female,UK,,,,
11783,44.5773801,6.412369797,0,8,0,clothing,23,mobile,1,47,0.485113734,Asian,Female,China,,,,
11784,103.8701628,6.406147374,1,8,1,clothing,11,branch,1,74,0.546322856,Asian,Other,Nigeria,,,,
11785,336.357689,8.438997418,0,6,0,clothing,10,mobile,1,55,0.079912921,Other,Other,India,,,,
11786,607.802328,9.605363811,0,7,0,luxury,6,branch,1,79,0.922240654,White,Other,UK,,,,
11787,543.6801513,0.402102412,0,2,1,clothing,6,branch,0,32,0.718216828,Asian,Male,Brazil,,,,
11788,222.1952886,2.102389875,0,9,0,electronics,11,web,1,42,0.801282358,Asian,Other,China,,,,
11789,167.1028226,5.80971802,0,3,0,travel,11,branch,1,23,0.584023251,Other,Female,France,,,,
11790,67.04928532,3.451618725,0,2,0,grocery,0,web,0,35,0.663544076,White,Male,Brazil,,,,
11791,177.9753795,1.057779409,0,5,0,clothing,23,branch,1,18,0.38786023,Asian,Female,Nigeria,,,,
11792,75.74031875,4.022735821,0,1,0,travel,18,web,0,79,0.679297085,White,Other,China,,,,
11793,119.3376272,2.616479045,0,5,0,luxury,20,mobile,0,73,0.978182891,Other,Female,China,,,,
11794,303.8717645,2.47179537,0,4,0,travel,3,web,0,20,0.647715911,White,Male,India,,,,
11795,138.1751232,8.297179111,0,6,0,clothing,18,mobile,0,34,0.341633723,White,Other,India,,,,
11796,130.8949047,2.61785192,0,5,1,clothing,20,web,1,65,0.285239122,Black,Male,India,,,,
11797,160.2689322,0.134053612,0,9,0,clothing,18,mobile,1,25,0.963345941,Asian,Other,China,,,,
11798,785.6043147,0.299086227,0,5,0,electronics,10,mobile,0,77,0.185002297,Asian,Male,Brazil,,,,
11799,60.38356952,9.698190755,0,8,0,travel,8,mobile,1,66,0.806196612,Asian,Male,Nigeria,,,,
11800,205.5853051,16.17005011,0,2,0,grocery,12,branch,0,57,0.465262292,White,Female,Brazil,,,,
11801,512.3988519,5.830324642,0,3,1,electronics,21,mobile,0,34,0.443759754,Other,Other,China,,,,
11802,159.9024499,2.265679811,0,3,0,grocery,18,web,0,42,0.747537788,White,Other,France,,,,
11803,379.7880525,13.95175294,0,3,0,clothing,4,mobile,0,79,0.14803843,Asian,Other,India,,,,
11804,47.77931672,5.435441029,0,6,0,grocery,10,mobile,0,58,0.466295926,Asian,Male,Nigeria,,,,
11805,141.8113579,9.300198484,0,7,0,grocery,23,web,0,29,0.035833688,Asian,Female,Brazil,,,,
11806,83.24844505,7.259015917,0,7,0,electronics,2,mobile,0,46,0.670406822,Asian,Female,Brazil,,,,
11807,158.5994563,2.383242816,0,7,0,electronics,4,web,0,42,0.058377284,Other,Other,Brazil,,,,
11808,161.1990947,3.257169045,0,3,0,travel,12,mobile,0,68,0.087288798,Black,Other,Brazil,,,,
11809,174.2701512,1.02978639,0,1,1,grocery,13,web,0,53,0.844826381,White,Male,China,,,,
11810,301.9452309,1.726655507,0,6,0,electronics,12,web,1,70,0.442955187,Other,Male,Brazil,,,,
11811,12.33527434,7.528220496,1,3,0,travel,1,mobile,1,71,0.200975689,Black,Male,France,,,,
11812,99.97083353,11.22056178,0,3,0,grocery,1,mobile,0,42,0.592584576,Asian,Female,India,,,,
11813,195.4583596,6.445120032,0,3,0,grocery,17,mobile,0,46,0.519283265,Other,Male,Brazil,,,,
11814,22.82835096,3.129066257,0,9,0,clothing,5,mobile,1,28,0.410908327,Other,Male,France,,,,
11815,260.1552589,0.452410249,0,4,0,electronics,18,mobile,1,77,0.905417067,Other,Male,China,,,,
11816,98.35938479,0.293169002,0,5,1,luxury,9,mobile,1,21,0.749457998,White,Other,Nigeria,,,,
11817,143.9615072,2.344625572,0,3,1,electronics,20,branch,0,31,0.151592871,Black,Male,Nigeria,,,,
11818,311.3726984,3.116442795,0,1,0,clothing,7,mobile,0,63,0.57077465,Black,Other,China,,,,
11819,391.3736974,4.696781317,0,4,0,travel,4,branch,0,55,0.088743901,White,Female,France,,,,
11820,265.7205702,0.032553349,0,1,1,electronics,1,branch,0,78,0.24465397,Black,Female,France,,,,
11821,58.71183449,22.88918116,0,7,0,grocery,5,branch,1,34,0.909860347,Asian,Other,France,,,,
11822,256.5384634,2.262303125,0,7,0,luxury,17,mobile,1,19,0.462079926,Other,Other,Nigeria,,,,
11823,268.6948093,9.422488702,0,4,0,travel,7,web,1,25,0.892106102,Black,Male,Brazil,,,,
11824,232.9458134,3.828231376,0,5,0,electronics,1,web,0,53,0.165998966,Black,Male,India,,,,
11825,434.111718,0.698836576,0,7,0,travel,22,web,0,27,0.205341748,Other,Female,Brazil,,,,
11826,177.7245578,7.986695805,0,6,0,grocery,19,mobile,1,24,0.352824723,Asian,Female,UK,,,,
11827,423.1192799,6.186391202,0,4,0,luxury,3,web,0,53,0.366325642,Asian,Female,France,,,,
11828,421.4183754,3.747911356,0,4,0,grocery,14,web,0,33,0.74527727,Black,Female,Brazil,,,,
11829,273.976433,3.613426756,0,2,0,luxury,23,mobile,0,31,0.599410562,Asian,Male,India,,,,
11830,207.961144,0.45772422,0,2,1,travel,19,mobile,1,33,0.553249426,White,Male,Brazil,,,,
11831,233.8999903,5.333373075,0,4,1,electronics,23,branch,0,42,0.602375507,Other,Female,UK,,,,
11832,496.5524528,12.10938635,0,5,0,luxury,8,mobile,0,58,0.732191373,Other,Male,UK,,,,
11833,346.8055086,0.489414488,0,4,0,grocery,23,web,1,21,0.892816639,White,Male,Brazil,,,,
11834,65.74725704,1.529307953,0,3,0,luxury,19,mobile,0,46,0.414739956,Asian,Other,China,,,,
11835,223.4977941,11.62967667,0,2,0,travel,20,mobile,0,73,0.802925943,Asian,Other,China,,,,
11836,79.43986278,1.672777742,0,4,0,travel,5,web,1,23,0.495096883,Other,Female,China,,,,
11837,95.86086494,5.3057686,1,5,1,travel,8,web,1,18,0.722078243,White,Female,India,,,,
11838,123.2642352,3.826634533,1,1,0,electronics,12,mobile,0,56,0.874823788,White,Female,Brazil,,,,
11839,43.09621841,4.535758167,0,1,0,travel,4,mobile,0,18,0.032214822,Other,Female,France,,,,
11840,74.79727428,2.687464458,0,6,0,electronics,13,mobile,1,68,0.546629755,Black,Female,India,,,,
11841,449.8068772,1.783313795,0,5,0,clothing,13,web,1,57,0.989380626,Other,Male,Nigeria,,,,
11842,95.34876884,0.248753743,1,4,0,luxury,17,branch,0,74,0.496224415,Black,Other,India,,,,
11843,303.1159826,6.818379281,0,1,0,grocery,6,mobile,1,20,0.864303683,Black,Other,Brazil,,,,
11844,189.8498793,6.853945205,0,7,0,electronics,5,mobile,0,18,0.185899852,Black,Other,Brazil,,,,
11845,248.7798132,5.554321294,0,4,0,electronics,11,mobile,0,18,0.60428709,Other,Male,Nigeria,,,,
11846,256.2690118,5.158981959,1,3,1,grocery,13,branch,1,56,0.870305963,White,Male,UK,,,,
11847,71.76737019,1.396699045,1,7,0,luxury,18,mobile,1,38,0.431533132,White,Male,Brazil,,,,
11848,301.8959898,0.112991821,0,2,0,travel,15,branch,1,62,0.486722059,White,Other,UK,,,,
11849,52.81419383,8.269964457,0,1,1,luxury,23,mobile,0,47,0.082017904,Other,Other,UK,,,,
11850,91.92637063,3.377897359,0,4,0,electronics,18,web,0,49,0.042172092,Other,Other,France,,,,
11851,253.6634444,1.832458647,0,8,0,travel,9,branch,0,50,0.4687083,Asian,Other,China,,,,
11852,67.42576665,0.53754693,0,6,0,clothing,10,web,1,65,0.843475332,Other,Other,UK,,,,
11853,20.00119342,0.323874564,0,9,0,grocery,3,mobile,0,39,0.931324272,White,Male,India,,,,
11854,216.0041,2.145204647,0,1,0,luxury,19,web,0,47,0.658653003,Asian,Male,China,,,,
11855,35.27940129,8.167041214,0,1,0,travel,1,branch,1,71,0.826398599,Other,Other,UK,,,,
11856,270.6167783,12.54950712,0,5,0,grocery,8,mobile,0,63,0.734854163,Other,Male,China,,,,
11857,130.6347549,11.35307632,0,6,0,luxury,9,web,1,21,0.701485827,Other,Other,France,,,,
11858,213.7725142,12.62869539,0,8,0,electronics,7,branch,1,40,0.769033099,Asian,Other,Brazil,,,,
11859,210.9047049,11.91492874,0,3,0,electronics,3,branch,0,72,0.505302952,Asian,Other,Brazil,,,,
11860,284.7021066,3.745675827,0,6,0,electronics,12,branch,0,61,0.457938103,Black,Male,Nigeria,,,,
11861,258.899101,1.238562292,0,3,0,clothing,5,web,1,42,0.159143522,Asian,Female,UK,,,,
11862,66.85338778,7.998591081,0,8,0,electronics,5,branch,0,29,0.843815317,White,Female,India,,,,
11863,137.1001388,1.202166906,1,4,0,electronics,1,mobile,1,34,0.04461388,White,Female,Nigeria,,,,
11864,213.589978,1.554461979,0,2,0,electronics,8,mobile,0,70,0.267444121,Other,Female,Nigeria,,,,
11865,428.1622859,1.328000563,0,9,0,travel,5,branch,0,32,0.519916147,White,Female,France,,,,
11866,260.5651977,3.617850538,0,8,0,grocery,4,branch,1,27,0.971598113,White,Male,Brazil,,,,
11867,403.8332115,1.941768053,0,6,0,clothing,1,mobile,0,52,0.785972942,White,Other,UK,,,,
11868,221.7568281,0.837101961,1,3,0,luxury,13,mobile,0,72,0.368671225,White,Female,China,,,,
11869,350.9115563,3.018117752,1,2,0,clothing,9,branch,0,69,0.713948391,Asian,Female,China,,,,
11870,200.9685491,10.35368721,0,4,0,grocery,14,mobile,0,69,0.931369388,White,Female,UK,,,,
11871,341.2687022,4.226283034,0,4,0,electronics,16,branch,0,46,0.538883452,Other,Other,Brazil,,,,
11872,125.2911826,10.53244446,0,1,1,electronics,6,web,1,29,0.461940196,Asian,Female,China,,,,
11873,460.9409396,1.089985243,0,9,1,luxury,19,branch,1,18,0.552993272,Black,Male,France,,,,
11874,239.8859696,0.913451366,0,8,0,clothing,10,branch,0,18,0.311530041,White,Other,France,,,,
11875,43.42510973,4.285124879,0,7,0,clothing,12,web,1,27,0.907348811,Black,Other,France,,,,
11876,218.7780848,3.111849259,0,6,1,luxury,22,branch,0,35,0.797281812,Black,Other,India,,,,
11877,261.1635323,5.396587799,0,3,0,clothing,20,branch,1,64,0.705484112,Other,Other,UK,,,,
11878,309.0608534,7.914632117,0,4,0,clothing,16,web,0,19,0.589092081,Black,Female,France,,,,
11879,567.6470595,6.957686319,0,2,1,clothing,4,mobile,0,66,0.969474778,White,Female,France,,,,
11880,109.5299217,14.25912716,0,7,0,luxury,11,mobile,1,25,0.297705729,Other,Male,Brazil,,,,
11881,570.1141626,2.539619266,1,2,0,luxury,3,mobile,1,39,0.283135165,Other,Female,Nigeria,,,,
11882,167.1442313,1.155795087,1,1,0,grocery,0,mobile,1,39,0.242138333,Asian,Other,Nigeria,,,,
11883,88.01417379,4.002689222,0,6,0,clothing,9,mobile,1,43,0.741775989,Other,Male,Nigeria,,,,
11884,111.536765,0.586845658,0,4,1,grocery,1,web,0,43,0.79728564,Black,Female,UK,,,,
11885,250.4070716,1.704367403,0,8,0,travel,12,web,0,26,0.597114176,White,Other,India,,,,
11886,76.93174328,1.165262764,0,1,0,travel,12,branch,0,38,0.65198371,Asian,Male,UK,,,,
11887,127.0364866,2.525574114,0,9,0,clothing,11,mobile,0,48,0.348960765,Black,Male,China,,,,
11888,214.8838978,0.589508448,0,6,0,electronics,0,web,1,69,0.039757542,Other,Female,Brazil,,,,
11889,458.5913303,0.16179859,0,2,0,travel,9,web,1,60,0.253635844,White,Other,France,,,,
11890,303.0103452,5.347122212,0,8,0,electronics,19,mobile,1,23,0.584303227,Other,Female,UK,,,,
11891,172.3477402,4.711235748,0,5,0,grocery,23,web,1,73,0.812932682,Asian,Male,Nigeria,,,,
11892,249.6049745,6.161157329,0,5,1,clothing,4,branch,1,31,0.777194978,Asian,Other,India,,,,
11893,199.802722,5.399734484,1,5,0,grocery,9,branch,0,50,0.179487364,White,Male,Brazil,,,,
11894,57.85774607,0.606854905,0,7,0,grocery,6,mobile,0,24,0.05144621,Black,Male,France,,,,
11895,511.5409338,1.720055079,0,7,0,luxury,14,mobile,1,41,0.85056004,White,Other,India,,,,
11896,463.3887723,0.693590444,0,7,0,clothing,17,mobile,1,26,0.075589233,Black,Female,UK,,,,
11897,157.3011917,9.25666853,0,2,0,luxury,19,branch,0,28,0.393311263,White,Male,UK,,,,
11898,114.8932258,6.869925269,0,8,0,grocery,3,web,1,73,0.094225657,Asian,Other,India,,,,
11899,59.16829628,1.125270645,0,1,0,electronics,0,branch,0,40,0.56404871,Asian,Female,India,,,,
11900,260.6767249,2.087505559,0,2,0,clothing,7,mobile,0,65,0.363336431,Other,Female,France,,,,
11901,261.8645847,16.99824175,1,7,0,clothing,10,web,1,68,0.202493618,Asian,Male,Nigeria,,,,
11902,82.90131111,4.508973518,0,4,0,travel,2,branch,1,19,0.595167668,Other,Other,India,,,,
11903,201.5331301,8.07616328,0,9,0,electronics,11,mobile,1,32,0.36339179,Asian,Female,France,,,,
11904,296.588565,1.536642596,0,9,1,electronics,12,mobile,0,52,0.166788252,Asian,Other,India,,,,
11905,108.4907374,1.178946617,0,3,0,grocery,19,web,0,53,0.700086413,Other,Female,China,,,,
11906,142.5678211,7.660461783,0,3,0,grocery,17,branch,0,69,0.83680831,White,Other,India,,,,
11907,141.477904,5.78978091,0,9,1,grocery,11,web,1,71,0.273742571,White,Other,China,,,,
11908,87.66930641,5.712474956,0,8,0,travel,9,web,1,45,0.186425046,White,Other,Nigeria,,,,
11909,144.8710094,4.02189764,1,1,0,electronics,20,branch,1,56,0.075251862,Black,Male,France,,,,
11910,36.02673204,4.145731996,0,6,0,luxury,20,branch,1,61,0.527902125,Black,Female,UK,,,,
11911,135.7333718,6.653305093,0,7,0,electronics,14,branch,0,21,0.8312937,Asian,Female,France,,,,
11912,137.393108,1.573570718,1,8,1,luxury,2,web,1,27,0.250789895,Asian,Male,France,,,,
11913,158.8194273,2.175255952,0,2,1,clothing,23,web,0,23,0.460637772,Asian,Female,France,,,,
11914,236.5406081,10.26445652,0,1,0,luxury,14,branch,0,74,0.160803453,Other,Female,Nigeria,,,,
11915,54.59331957,1.847101981,0,4,0,clothing,16,branch,0,47,0.404200824,Black,Male,Nigeria,,,,
11916,65.0883654,3.951700944,0,1,1,grocery,15,web,0,71,0.015445108,Black,Male,Brazil,,,,
11917,85.71401662,6.064049752,0,2,0,electronics,1,branch,0,63,0.910729068,White,Male,China,,,,
11918,49.08939863,47.47858107,0,3,0,grocery,0,mobile,0,52,0.676571895,Black,Other,UK,,,,
11919,255.8910465,2.857226559,0,4,0,electronics,21,branch,1,66,0.332813718,Other,Male,Nigeria,,,,
11920,104.5641113,2.793893363,0,6,1,luxury,3,mobile,0,60,0.88119826,Other,Other,China,,,,
11921,162.6407455,9.244455587,0,8,1,electronics,16,mobile,1,27,0.182929629,Other,Female,Nigeria,,,,
11922,79.3772769,8.186695561,0,9,1,luxury,6,web,1,75,0.078733732,Other,Male,France,,,,
11923,124.4163546,6.566630137,0,4,0,electronics,4,web,1,78,0.942621581,Asian,Male,France,,,,
11924,208.6399652,3.110924531,0,1,0,clothing,22,web,1,70,0.309016962,Other,Male,China,,,,
11925,216.0271166,1.95736074,0,5,0,luxury,3,branch,1,49,0.935973394,White,Male,India,,,,
11926,67.74404872,4.691793268,0,5,0,grocery,19,web,0,59,0.637612919,Other,Female,India,,,,
11927,156.4763256,10.44638044,0,9,0,grocery,19,branch,0,59,0.980042933,Black,Other,India,,,,
11928,80.59376582,10.76124231,1,6,0,grocery,4,web,1,20,0.753429212,Other,Female,China,,,,
11929,152.0421604,0.574239927,0,5,0,grocery,7,mobile,0,73,0.105483867,White,Other,Nigeria,,,,
11930,97.34445377,2.796144297,0,5,0,clothing,19,web,0,43,0.852228667,Black,Female,India,,,,
11931,532.8466176,3.124844795,0,8,0,clothing,22,mobile,1,32,0.147878523,Black,Female,UK,,,,
11932,295.4161801,18.99690303,0,1,0,travel,8,branch,1,34,0.692197606,Black,Female,China,,,,
11933,222.850088,5.665987848,0,5,0,travel,5,web,1,44,0.500407449,Asian,Male,India,,,,
11934,133.1932797,2.614882549,0,1,0,travel,3,web,0,35,0.707725008,Black,Male,Brazil,,,,
11935,301.3177357,0.132017042,0,7,0,travel,4,mobile,0,68,0.764989533,Asian,Other,Brazil,,,,
11936,159.9924092,4.166475328,0,7,0,electronics,7,web,1,36,0.803665211,Other,Female,France,,,,
11937,497.6620843,0.50504983,1,8,0,luxury,19,branch,1,29,0.834980133,White,Male,Nigeria,,,,
11938,322.1444085,8.992408787,0,7,0,grocery,12,mobile,0,41,0.847224522,Black,Female,China,,,,
11939,123.6871533,6.98210048,0,9,0,electronics,3,branch,1,22,0.412574427,Other,Female,Brazil,,,,
11940,460.8075157,3.085647365,0,8,1,clothing,6,branch,1,41,0.889228072,Asian,Other,UK,,,,
11941,133.7377082,2.803676393,0,8,0,grocery,21,mobile,1,44,0.719580254,Asian,Other,France,,,,
11942,553.1539429,11.38161323,0,3,0,luxury,0,branch,1,65,0.838970931,White,Female,Brazil,,,,
11943,477.0340066,1.701606627,0,4,0,luxury,8,web,1,47,0.989191353,Other,Female,India,,,,
11944,207.8188716,1.431881041,0,4,0,clothing,4,branch,0,32,0.116414742,White,Female,Brazil,,,,
11945,37.53411399,14.00061634,0,1,0,grocery,9,web,0,64,0.370579698,White,Other,Brazil,,,,
11946,196.247884,8.283848917,0,6,0,travel,10,mobile,0,76,0.806547021,Black,Other,France,,,,
11947,61.35082874,8.591399994,0,2,1,grocery,17,web,0,55,0.086303471,Black,Male,Nigeria,,,,
11948,99.8629861,1.085768968,0,9,1,grocery,4,branch,0,61,0.540781065,White,Other,India,,,,
11949,106.3051213,0.773314005,0,1,1,luxury,23,web,0,51,0.858397959,Black,Female,India,,,,
11950,60.85087968,0.131871572,1,1,1,clothing,21,branch,1,44,0.018991263,Other,Female,India,,,,
11951,196.7905004,1.352758257,0,6,0,grocery,23,web,1,37,0.939518899,Asian,Other,India,,,,
11952,90.10244352,7.440317594,0,1,0,electronics,20,mobile,0,58,0.978144824,Asian,Male,Nigeria,,,,
11953,138.6423073,1.37243699,0,3,0,electronics,3,mobile,1,49,0.32228093,Black,Other,India,,,,
11954,107.0634315,6.530088255,0,2,0,clothing,18,web,0,21,0.766791191,Other,Other,Nigeria,,,,
11955,237.2644518,1.451148343,1,9,0,travel,15,mobile,1,22,0.127176103,Black,Female,France,,,,
11956,225.1786921,2.515052028,0,5,1,grocery,1,web,0,70,0.772864271,Other,Female,UK,,,,
11957,130.0032989,20.4206713,1,6,0,grocery,14,branch,1,75,0.481521681,Asian,Male,Nigeria,,,,
11958,245.6844697,1.403940991,0,2,0,luxury,8,web,0,25,0.860273079,Other,Female,India,,,,
11959,380.999137,2.360995205,1,8,0,grocery,16,branch,1,39,0.212606427,Asian,Male,France,,,,
11960,16.34272095,1.791146331,0,6,0,travel,1,web,0,59,0.672657953,Black,Other,France,,,,
11961,102.01221,0.580562707,0,8,0,grocery,21,branch,1,24,0.786119174,Other,Male,Brazil,,,,
11962,72.64264669,3.365685052,0,8,1,grocery,5,mobile,1,39,0.202492265,Black,Other,Brazil,,,,
11963,94.4667129,2.379630972,0,1,0,luxury,0,web,0,63,0.818287278,White,Other,UK,,,,
11964,12.53336199,5.935366802,0,7,0,electronics,7,mobile,1,47,0.957985501,White,Female,UK,,,,
11965,15.43564379,8.507616528,0,2,1,electronics,10,mobile,0,79,0.6160786,Black,Other,Brazil,,,,
11966,110.1180907,3.929051195,0,8,0,travel,19,branch,1,54,0.784850417,Asian,Other,China,,,,
11967,107.5414848,0.163630638,0,2,0,clothing,22,mobile,0,33,0.532583859,Other,Male,Brazil,,,,
11968,417.8267976,4.823760676,0,4,0,clothing,14,branch,0,32,0.598103361,Black,Female,France,,,,
11969,185.5760905,0.28491954,2,2,0,luxury,8,mobile,1,22,0.013352435,Asian,Female,Nigeria,,,,
11970,241.2717963,4.790205416,0,7,1,grocery,1,mobile,1,20,0.524287267,Other,Female,Brazil,,,,
11971,1361.023268,5.776388609,0,5,0,luxury,6,web,1,40,0.57556375,Black,Other,India,,,,
11972,503.1947059,1.10178486,0,9,0,electronics,16,web,1,78,0.670047546,Black,Other,Nigeria,,,,
11973,160.8598361,8.555862513,0,5,0,travel,2,branch,1,27,0.169390609,Asian,Male,China,,,,
11974,117.678161,12.10037951,0,8,0,clothing,3,mobile,0,22,0.241374262,Other,Female,Nigeria,,,,
11975,103.3943754,8.385559095,0,2,0,grocery,2,mobile,1,40,0.756004632,Other,Female,India,,,,
11976,212.9279008,1.82000277,0,3,0,clothing,7,web,0,32,0.16763882,Asian,Other,India,,,,
11977,118.5033023,4.417218414,1,6,0,electronics,10,branch,1,35,0.416026072,Black,Male,India,,,,
11978,59.20364392,12.31465834,0,7,0,grocery,15,web,1,42,0.250490219,Asian,Other,France,,,,
11979,106.6678545,1.933202487,0,8,0,electronics,13,mobile,1,25,0.545184104,Asian,Female,Brazil,,,,
11980,217.3579292,8.574765041,0,3,0,clothing,22,branch,0,48,0.986870881,Black,Other,China,,,,
11981,271.7535277,0.04760153,0,7,1,clothing,18,mobile,1,38,0.852037898,Other,Male,Brazil,,,,
11982,537.3565643,0.018266841,0,8,0,electronics,22,web,0,19,0.26947434,White,Male,France,,,,
11983,179.6504121,7.129578308,0,6,0,grocery,1,branch,0,39,0.368611811,White,Other,Nigeria,,,,
11984,396.1821833,7.165831057,0,4,0,electronics,11,web,1,25,0.918633582,Asian,Female,France,,,,
11985,142.7737483,7.778945185,0,6,0,grocery,10,mobile,1,40,0.898294972,Other,Other,Brazil,,,,
11986,158.5165873,13.29821754,1,9,0,luxury,15,mobile,1,49,0.160528038,Black,Other,UK,,,,
11987,152.1073635,0.627285031,0,3,0,luxury,10,web,1,25,0.829271132,Other,Male,F,,,,
11988,195.9511425,1.319729976,0,2,0,grocery,2,mobile,0,21,0.297607905,Asian,Other,UK,,,,
11989,305.9386941,11.70272886,0,5,0,electronics,22,web,0,47,0.543803159,Other,Male,UK,,,,
11990,114.5027752,0.975430578,0,7,0,grocery,9,web,1,36,0.005098389,Other,Male,China,,,,
11991,76.2071798,5.732125617,0,3,1,clothing,4,branch,0,40,0.998590191,Black,Other,India,,,,
11992,322.9165155,3.780040881,0,5,1,electronics,12,mobile,0,35,0.76109647,White,Male,India,,,,
11993,307.2745832,0.43429518,0,4,0,grocery,23,mobile,1,79,0.24173306,Other,Other,India,,,,
11994,438.2424094,1.679207811,0,7,0,clothing,5,web,1,70,0.683794894,Other,Female,UK,,,,
11995,100.2207635,3.673724634,0,2,0,travel,19,branch,0,46,0.293307363,White,Female,Brazil,,,,
11996,138.7537817,9.564557305,0,7,0,clothing,2,web,0,40,0.089455814,Other,Male,India,,,,
11997,331.2679204,6.147111047,0,2,1,grocery,21,mobile,1,50,0.425309956,Other,Female,China,,,,
11998,113.4050615,4.862760172,1,3,0,electronics,8,branch,0,69,0.613718862,Other,Female,India,,,,
11999,263.7798164,3.426221354,1,5,0,electronics,20,branch,1,64,0.089777458,White,Other,Nigeria,,,,
12000,143.2627015,1.773983429,0,7,0,luxury,6,web,1,35,0.518406299,Asian,Other,China,,,,
12001,212.1003094,0.634878421,0,6,0,grocery,22,web,0,71,0.514864232,White,Female,UK,,,,
12002,58.06988477,2.63033962,0,7,0,clothing,6,branch,1,61,0.628645241,White,Female,UK,,,,
12003,177.9109559,0.144665234,0,6,0,clothing,1,mobile,1,50,0.244645639,Asian,Other,India,,,,
12004,375.8727322,1.185298981,0,1,0,grocery,7,mobile,0,24,0.020641483,Black,Other,Nigeria,,,,
12005,288.5228311,2.832426182,0,5,0,clothing,17,branch,1,68,0.324857507,White,Female,Nigeria,,,,
12006,71.72552599,2.711626051,1,1,0,travel,0,web,1,45,0.398581193,Other,Male,France,,,,
12007,509.3322133,0.22653221,0,7,0,luxury,9,web,0,18,0.635741055,Black,Other,France,,,,
12008,360.4639333,4.446542171,0,4,0,electronics,5,mobile,0,73,0.930171862,Black,Other,India,,,,
12009,60.75657503,3.989031443,0,5,0,clothing,17,mobile,0,56,0.203385523,Asian,Female,China,,,,
12010,107.2785424,0.406615949,0,1,0,travel,12,branch,0,51,0.687333629,Black,Female,UK,,,,
12011,64.09243306,14.3378434,0,8,0,grocery,20,mobile,0,56,0.097400909,Other,Male,China,,,,
12012,216.4425172,0.523374748,1,4,0,clothing,0,mobile,1,36,0.190621756,Black,Other,Nigeria,,,,
12013,103.3456989,9.649392028,0,3,0,grocery,22,web,0,48,0.509134512,Other,Female,Nigeria,,,,
12014,21.62540052,0.001548899,0,1,0,travel,0,web,0,30,0.708377579,Asian,Female,Nigeria,,,,
12015,157.962143,10.69727829,0,4,0,travel,11,mobile,0,74,0.858568536,Black,Male,UK,,,,
12016,314.1807843,0.099583803,0,3,0,electronics,7,web,1,41,0.743903432,White,Male,France,,,,
12017,180.695611,7.090205633,0,8,0,grocery,20,web,1,22,0.015352787,Asian,Other,India,,,,
12018,247.1357473,2.244662456,0,9,0,luxury,4,web,0,40,0.683931326,Asian,Female,France,,,,
12019,193.8157755,6.701192996,0,5,0,electronics,2,mobile,1,36,0.824657704,Other,Female,Nigeria,,,,
12020,280.243324,2.568692689,0,9,0,grocery,17,web,0,18,0.525533477,Asian,Other,China,,,,
12021,206.7884923,0.367737151,0,1,0,grocery,5,mobile,0,50,0.965598691,White,Male,China,,,,
12022,151.3216268,7.294469259,0,7,1,travel,3,mobile,1,76,0.004312422,Black,Other,Nigeria,,,,
12023,179.0139371,0.369592871,1,7,0,travel,14,branch,1,67,0.818657951,Black,Other,UK,,,,
12024,449.084072,12.76295848,0,6,0,grocery,3,branch,0,73,0.334819732,Black,Other,UK,,,,
12025,257.1109539,0.261595606,0,4,0,travel,5,branch,0,50,0.650449782,Other,Male,UK,,,,
12026,71.50484564,3.263148829,0,9,0,grocery,17,mobile,1,49,0.693481894,White,Male,India,,,,
12027,176.8708007,6.419310398,0,3,0,grocery,17,branch,1,76,0.306249016,Other,Female,Brazil,,,,
12028,213.6381822,2.49816304,1,1,0,electronics,9,web,1,45,0.9954245,Black,Female,China,,,,
12029,147.4155851,1.224604035,0,2,0,electronics,12,branch,0,54,0.103250028,Black,Other,Brazil,,,,
12030,21.77288985,7.11667925,0,3,0,luxury,19,mobile,0,58,0.157029085,White,Female,China,,,,
12031,78.43963361,7.669210885,0,2,0,electronics,21,web,0,29,0.892191705,Other,Male,India,,,,
12032,118.7697516,12.79998217,0,6,0,clothing,17,web,1,26,0.119179876,White,Female,China,,,,
12033,548.4424726,2.359347728,0,7,1,clothing,6,web,1,67,0.381286265,Black,Female,India,,,,
12034,237.6174534,3.528647378,0,5,0,travel,7,branch,0,72,0.733142212,White,Male,India,,,,
12035,36.08788044,2.255936404,0,5,0,clothing,5,branch,0,28,0.791491861,White,Female,France,,,,
12036,154.8681893,1.48584682,1,7,1,electronics,1,branch,1,50,0.954669177,Other,Male,China,,,,
12037,403.1031371,6.952173835,0,6,0,luxury,21,branch,1,36,0.789573835,Other,Female,India,,,,
12038,102.1070187,2.074940377,0,8,0,grocery,7,web,1,71,0.844532384,White,Female,France,,,,
12039,339.8738495,2.79438792,1,9,0,luxury,9,mobile,1,74,0.949376006,Asian,Other,China,,,,
12040,37.4050689,2.584836037,0,2,0,electronics,16,branch,0,59,0.553687692,Asian,Female,UK,,,,
12041,3.234807539,6.235466805,0,2,0,electronics,21,mobile,0,51,0.34343346,Other,Other,China,,,,
12042,374.6013979,12.49273384,0,1,1,electronics,11,web,1,24,0.761613145,Black,Female,Nigeria,,,,
12043,113.7383649,5.494402543,0,7,0,travel,10,mobile,1,48,0.163541586,Black,Other,Brazil,,,,
12044,121.3722135,3.189343849,0,4,1,clothing,16,mobile,1,69,0.06823167,Other,Female,Nigeria,,,,
12045,192.4788034,7.552605647,0,9,0,electronics,15,branch,1,19,0.785330865,Other,Male,Brazil,,,,
12046,231.6472033,5.121765083,0,6,0,grocery,21,branch,1,36,0.950671358,White,Female,UK,,,,
12047,7.616185795,0.312624653,0,7,0,clothing,9,web,0,55,0.442446945,Black,Male,Brazil,,,,
12048,95.3119533,0.502769244,0,7,1,clothing,19,branch,0,49,0.161133453,Asian,Male,UK,,,,
12049,174.3980569,0.193272477,0,8,0,travel,2,mobile,0,27,0.497020976,Other,Other,China,,,,
12050,231.2701729,3.051538794,0,4,1,luxury,18,mobile,0,58,0.393317852,Other,Male,Nigeria,,,,
12051,70.71362553,8.739290015,0,3,0,clothing,3,mobile,0,25,0.37247394,Black,Male,France,,,,
12052,141.3909027,1.877710279,0,3,0,clothing,18,mobile,0,43,0.62808084,Black,Other,China,,,,
12053,101.8342273,2.423841934,0,8,0,electronics,8,branch,0,47,0.174735715,Asian,Female,China,,,,
12054,197.3209846,12.01076257,0,3,0,grocery,19,web,1,28,0.380481549,Other,Female,Brazil,,,,
12055,365.5515445,9.067064468,0,8,0,electronics,16,branch,0,58,0.868676839,Asian,Male,China,,,,
12056,126.9162019,5.468841883,0,2,0,grocery,3,mobile,0,37,0.729665098,White,Other,India,,,,
12057,44.89668095,1.551709607,0,5,0,clothing,16,web,1,77,0.055588467,White,Female,France,,,,
12058,90.8307325,0.622385294,0,5,0,grocery,2,web,0,37,0.513903796,Other,Other,France,,,,
12059,505.9612672,0.080945814,0,7,1,electronics,19,mobile,1,26,0.091295318,White,Other,UK,,,,
12060,78.72218294,0.565903248,1,5,0,electronics,3,mobile,1,25,0.957496429,Black,Male,Nigeria,,,,
12061,54.65783961,1.730769874,0,9,0,luxury,8,branch,0,77,0.244640641,Black,Other,India,,,,
12062,120.6255564,4.012467741,0,3,0,travel,5,web,0,32,0.932621026,Black,Male,Nigeria,,,,
12063,154.898842,0.330699455,2,9,1,luxury,18,web,1,51,0.834008408,Asian,Other,Nigeria,,,,
12064,107.2444372,0.732230886,0,1,1,clothing,6,branch,0,41,0.551364435,Black,Male,France,,,,
12065,37.63801445,0.998848688,0,3,0,grocery,15,mobile,0,50,0.336304573,Asian,Female,India,,,,
12066,211.7269967,4.998118408,1,4,0,electronics,14,web,1,58,0.857946681,Other,Other,Brazil,,,,
12067,197.4723967,4.782827388,1,6,0,electronics,15,branch,1,58,0.152783701,Other,Male,India,,,,
12068,273.0459363,4.001053799,0,8,0,electronics,13,web,1,62,0.179974114,Black,Female,UK,,,,
12069,194.1755288,1.441754312,0,7,1,electronics,3,branch,1,57,0.224722677,Black,Male,China,,,,
12070,478.5706063,2.319071642,0,8,1,clothing,22,web,1,44,0.597696898,Other,Male,France,,,,
12071,288.1038998,0.508445852,1,6,0,travel,1,mobile,1,38,0.314325225,Asian,Male,India,,,,
12072,248.744214,1.283893389,1,6,1,luxury,6,mobile,1,22,0.989181439,Asian,Male,UK,,,,
12073,374.6611902,11.39948348,0,6,0,luxury,23,web,0,78,0.195113035,Asian,Male,Brazil,,,,
12074,185.4516774,19.48363948,0,3,0,electronics,6,web,0,52,0.805610098,White,Other,Nigeria,,,,
12075,143.8069564,5.215787422,0,4,0,electronics,5,web,1,38,0.095836219,White,Female,Nigeria,,,,
12076,209.9761415,12.43393961,0,6,0,grocery,19,branch,0,21,0.353446562,Black,Female,UK,,,,
12077,20.36534013,5.146483952,1,7,0,electronics,8,mobile,1,66,0.2437625,Black,Female,France,,,,
12078,185.8995325,0.168799978,0,3,0,luxury,16,branch,0,65,0.976835949,Other,Other,Nigeria,,,,
12079,154.7670961,28.66490051,1,4,0,grocery,20,mobile,1,33,0.02573058,Black,Male,France,,,,
12080,226.9191231,0.520985417,0,6,0,grocery,10,mobile,0,74,0.721669526,Other,Other,France,,,,
12081,340.5689291,5.738620896,0,1,1,electronics,15,branch,0,48,0.247722125,White,Male,Nigeria,,,,
12082,253.9227875,1.457354224,0,7,0,grocery,0,mobile,0,43,0.811248663,Black,Other,Brazil,,,,
12083,91.05041916,2.487746666,0,1,0,travel,15,mobile,0,79,0.3112244,Asian,Female,China,,,,
12084,303.314232,5.191362322,0,9,0,electronics,16,web,1,69,0.187284245,Other,Other,India,,,,
12085,483.1818343,2.867827478,1,9,0,travel,5,branch,1,52,0.693039851,Asian,Male,China,,,,
12086,346.6093115,1.442052081,0,9,0,electronics,21,branch,0,23,0.257576536,White,Female,Nigeria,,,,
12087,49.25962345,2.035678916,0,4,0,travel,10,mobile,0,50,0.48554687,Asian,Female,India,,,,
12088,252.0209683,2.089319155,1,2,0,electronics,6,branch,1,38,0.131533422,Asian,Male,France,,,,
12089,57.17369879,16.01057347,0,7,0,luxury,15,mobile,1,33,0.724598011,Black,Male,Brazil,,,,
12090,132.7207274,8.01263464,0,4,0,electronics,21,mobile,0,64,0.406836205,Asian,Other,France,,,,
12091,222.0959319,3.06751142,0,5,0,luxury,1,branch,1,56,0.140579759,Asian,Male,Brazil,,,,
12092,201.2853594,1.114598634,0,1,0,clothing,19,mobile,0,51,0.741595047,White,Male,China,,,,
12093,342.0225596,8.330467535,0,6,0,clothing,12,web,0,59,0.103362192,Asian,Male,China,,,,
12094,484.7390278,0.855023997,0,7,0,electronics,12,branch,1,74,0.574820423,Other,Female,China,,,,
12095,238.4641581,1.181537949,0,3,0,luxury,14,branch,0,77,0.60748517,Asian,Male,UK,,,,
12096,124.5864428,2.278637238,0,2,0,luxury,14,mobile,0,32,0.9303505,Other,Female,China,,,,
12097,21.72146025,10.61584693,0,7,0,grocery,8,branch,0,23,0.150980499,Black,Female,Brazil,,,,
12098,401.362364,0.706589105,0,1,0,grocery,17,branch,0,19,0.65334636,Other,Female,Brazil,,,,
12099,155.4099729,0.651877277,0,2,0,travel,13,web,0,41,0.380768581,Other,Male,China,,,,
12100,161.8632169,3.405845903,0,3,0,grocery,22,web,0,73,0.400814347,Black,Male,France,,,,
12101,172.0589123,1.617655466,0,4,0,electronics,13,branch,0,66,0.501825182,Black,Female,China,,,,
12102,230.6491109,4.205080811,0,5,0,grocery,3,mobile,0,45,0.233784612,White,Other,China,,,,
12103,235.5686523,3.004086138,0,4,0,grocery,13,web,0,18,0.461183239,Other,Other,Nigeria,,,,
12104,134.4470746,2.854285862,0,3,0,electronics,9,web,0,18,0.686846168,Black,Other,Nigeria,,,,
12105,154.1981786,0.593765489,0,1,0,electronics,10,web,0,45,0.45711304,Asian,Male,India,,,,
12106,100.3274881,0.760221026,0,7,1,travel,21,mobile,1,53,0.042508427,White,Female,UK,,,,
12107,90.98716679,8.604042748,0,6,0,luxury,0,branch,1,37,0.257826248,Asian,Male,Brazil,,,,
12108,90.59554033,10.85264371,0,2,0,grocery,13,branch,0,65,0.351460213,Asian,Female,India,,,,
12109,152.7841683,1.337329241,1,2,0,clothing,7,web,1,25,0.354721137,Black,Other,China,,,,
12110,75.64147237,0.602147995,0,3,0,luxury,5,branch,0,18,0.081006893,White,Male,Brazil,,,,
12111,2.586048513,0.274481371,0,8,0,electronics,10,web,0,43,0.449570552,White,Other,Brazil,,,,
12112,122.8093266,4.686264731,0,8,0,grocery,13,web,0,68,0.691949019,Black,Female,UK,,,,
12113,52.52051264,6.282531047,0,8,0,travel,6,mobile,1,60,0.048672018,Other,Other,UK,,,,
12114,181.194004,2.332528684,0,7,1,clothing,21,mobile,1,66,0.750924172,White,Female,India,,,,
12115,99.98891472,5.692109409,0,2,1,luxury,6,web,0,42,0.955105203,Asian,Male,Nigeria,,,,
12116,232.7237851,6.240647869,0,1,0,grocery,20,mobile,0,27,0.009338156,Other,Male,Brazil,,,,
12117,57.64447771,13.69323895,0,6,1,electronics,18,mobile,1,29,0.193692316,White,Other,France,,,,
12118,27.37970681,0.335368061,0,8,0,luxury,21,mobile,0,58,0.543487782,Asian,Male,India,,,,
12119,154.501221,1.067771646,0,1,0,clothing,9,branch,0,24,0.218049487,White,Female,Brazil,,,,
12120,118.5266985,0.35493494,0,3,0,electronics,21,branch,0,78,0.764626032,White,Female,UK,,,,
12121,47.89814275,10.12453699,1,1,0,clothing,8,mobile,1,29,0.312134315,Black,Other,China,,,,
12122,288.2661549,7.86522038,0,9,0,grocery,17,branch,1,64,0.293625282,Black,Female,UK,,,,
12123,67.87430437,4.274121389,0,7,0,luxury,16,web,1,57,0.000923876,Other,Male,UK,,,,
12124,87.17751961,0.436857628,0,8,0,travel,12,web,0,34,0.270126188,White,Other,UK,,,,
12125,326.9483791,1.59629274,0,9,0,grocery,3,mobile,0,22,0.217670522,Other,Other,China,,,,
12126,242.4896753,1.767114389,0,3,0,grocery,20,mobile,1,31,0.343240967,Asian,Male,Nigeria,,,,
12127,60.92958748,4.11335531,0,2,1,travel,6,branch,1,51,0.147656653,Black,Male,Nigeria,,,,
12128,127.5055048,1.49232597,0,6,1,travel,7,mobile,0,65,0.594648666,Black,Male,Brazil,,,,
12129,54.98762722,0.378792088,0,5,0,electronics,15,mobile,0,78,0.238741543,Other,Other,Brazil,,,,
12130,310.7135098,6.560803267,0,4,0,clothing,11,web,1,34,0.831750865,Other,Other,India,,,,
12131,310.5680761,1.776809116,0,6,0,grocery,0,web,1,52,0.284557947,Black,Female,UK,,,,
12132,532.0242166,3.01081515,0,6,0,electronics,5,branch,1,72,0.210869599,Other,Other,UK,,,,
12133,668.8347149,0.682918144,0,3,1,electronics,0,branch,1,18,0.056751362,White,Other,China,,,,
12134,98.96954941,8.111306494,0,2,0,grocery,7,branch,0,76,0.73990669,Asian,Female,France,,,,
12135,276.6479557,4.168163508,0,9,0,clothing,11,mobile,1,67,0.508208175,Other,Other,France,,,,
12136,22.602779,11.59284205,0,8,0,travel,15,mobile,0,67,0.113782997,Asian,Female,UK,,,,
12137,191.7339414,3.420655371,0,4,0,grocery,0,mobile,1,53,0.221334783,White,Female,France,,,,
12138,227.8457303,14.18729382,0,6,0,clothing,3,mobile,1,32,0.998719072,Asian,Female,France,,,,
12139,71.47562748,11.12202233,0,3,0,travel,18,web,0,77,0.806028727,Black,Male,UK,,,,
12140,93.65422313,4.295534897,0,8,0,luxury,17,branch,1,36,0.349869486,Asian,Male,Nigeria,,,,
12141,312.0257361,13.58243633,0,3,0,grocery,7,branch,0,68,0.542554831,Other,Other,Nigeria,,,,
12142,231.9699823,1.951075519,0,2,0,grocery,5,web,0,59,0.416017159,Other,Female,Brazil,,,,
12143,487.8540826,2.275710358,2,7,0,clothing,12,web,1,22,0.036389565,Black,Male,Nigeria,,,,
12144,450.7972706,0.232722682,0,3,0,electronics,19,mobile,0,36,0.778677009,Black,Female,UK,,,,
12145,31.23437738,4.448255041,0,9,0,electronics,2,branch,0,60,0.716986113,White,Female,France,,,,
12146,107.7150707,6.399303566,0,3,0,clothing,14,branch,1,56,0.408802314,Black,Male,UK,,,,
12147,64.53151373,7.425475314,1,8,0,grocery,5,web,1,22,0.845897137,Asian,Female,India,,,,
12148,284.8324568,0.811514094,0,2,0,grocery,5,branch,0,69,0.534739095,Asian,Other,France,,,,
12149,206.0481304,2.936365635,0,9,0,grocery,4,web,1,29,0.065208439,Asian,Other,UK,,,,
12150,68.89679058,0.973164428,0,1,0,luxury,18,branch,0,36,0.25940629,Asian,Other,Brazil,,,,
12151,79.50155601,5.425431131,0,3,0,electronics,9,web,0,64,0.461772836,Asian,Other,Brazil,,,,
12152,385.6415051,0.85955788,0,2,0,luxury,8,mobile,0,29,0.103449239,Black,Male,France,,,,
12153,118.3269979,11.72556792,0,7,1,grocery,13,branch,1,53,0.571081193,White,Male,Nigeria,,,,
12154,18.08157766,1.310946596,1,5,1,electronics,21,mobile,1,79,0.120568162,White,Other,Brazil,,,,
12155,63.12147396,1.722336424,0,8,1,grocery,4,web,1,29,0.200508185,Other,Male,China,,,,
12156,555.2484584,9.515902301,0,2,1,grocery,6,branch,0,35,0.893983661,Asian,Other,India,,,,
12157,333.4919918,3.066761996,0,8,0,clothing,16,branch,0,66,0.999812388,Black,Male,China,,,,
12158,51.48147538,0.121442693,0,7,1,electronics,22,mobile,0,68,0.550253344,Other,Male,China,,,,
12159,191.6680312,3.411889403,0,5,0,grocery,16,mobile,1,65,0.61964861,White,Female,China,,,,
12160,319.4409199,0.441661256,0,2,0,travel,8,web,0,60,0.797431147,Asian,Other,France,,,,
12161,30.73078563,21.11477255,0,7,0,travel,21,mobile,1,51,0.696139496,Black,Female,India,,,,
12162,344.1160658,4.435013842,0,4,0,grocery,22,branch,0,65,0.182466545,White,Other,France,,,,
12163,230.3774753,1.482151922,0,4,1,clothing,6,branch,0,50,0.411671525,Black,Male,Nigeria,,,,
12164,88.80329535,4.147328606,0,8,0,grocery,0,branch,0,66,0.535116519,Asian,Other,UK,,,,
12165,257.3056296,0.399910358,0,6,0,travel,1,branch,1,35,0.359711992,Black,Female,China,,,,
12166,208.1980834,8.044472907,0,9,0,electronics,9,mobile,1,78,0.17610617,White,Female,France,,,,
12167,218.7735263,12.97325406,0,2,0,clothing,18,mobile,0,78,0.736113344,White,Male,UK,,,,
12168,186.5252616,10.37503248,0,5,1,grocery,7,web,0,74,0.198846405,Other,Female,France,,,,
12169,76.83509251,2.09091015,0,6,1,travel,8,mobile,1,46,0.260485929,Black,Male,Nigeria,,,,
12170,90.59150767,1.970905955,0,8,0,electronics,14,web,1,62,0.286519615,Other,Male,India,,,,
12171,137.7778975,0.178589853,0,4,0,travel,10,mobile,0,22,0.16177923,White,Male,UK,,,,
12172,172.6764169,5.269155874,0,7,0,clothing,23,mobile,0,42,0.849551623,Other,Male,India,,,,
12173,268.1761931,3.827565646,0,7,1,luxury,11,branch,1,41,0.610616319,Other,Male,France,,,,
12174,563.8738272,3.07488224,0,4,0,grocery,21,mobile,0,46,0.83474813,Black,Female,China,,,,
12175,198.3673487,11.90981675,0,1,0,electronics,17,web,0,76,0.493729314,Black,Female,France,,,,
12176,264.8349001,0.918886486,0,3,0,clothing,1,branch,1,55,0.51956304,Other,Female,Nigeria,,,,
12177,308.316319,0.048566442,1,2,0,clothing,14,mobile,0,50,0.61614463,Asian,Female,France,,,,
12178,278.1752581,0.38071572,0,3,0,luxury,9,branch,1,27,0.370919544,Asian,Male,Nigeria,,,,
12179,74.15453554,1.263965419,1,5,1,luxury,6,branch,1,54,0.496584095,Black,Other,France,,,,
12180,410.0386497,0.169260606,0,1,0,grocery,8,branch,1,77,0.546915129,White,Other,China,,,,
12181,367.9813425,3.494254184,1,5,1,grocery,21,web,1,50,0.953542436,Asian,Other,India,,,,
12182,184.6124036,1.885047594,0,2,0,clothing,16,web,0,40,0.882908132,White,Other,France,,,,
12183,78.3367229,0.995200733,0,4,0,grocery,13,mobile,0,75,0.129245847,Black,Female,UK,,,,
12184,170.5738547,6.933153587,0,6,0,grocery,8,branch,0,79,0.041282467,White,Male,Brazil,,,,
12185,35.43137346,1.143616233,0,9,0,luxury,6,mobile,1,28,0.680333952,Other,Female,UK,,,,
12186,445.8485388,5.817435948,0,6,0,clothing,14,web,0,41,0.049198667,White,Female,UK,,,,
12187,98.05192222,2.148263205,0,2,0,travel,2,branch,0,41,0.060351065,Black,Female,Nigeria,,,,
12188,132.1779953,3.58543493,1,8,0,travel,1,web,1,24,0.159263397,Asian,Male,France,,,,
12189,425.061607,13.58044008,0,5,0,electronics,2,branch,0,67,0.351707091,Other,Female,India,,,,
12190,391.8506559,0.190335395,0,9,0,luxury,1,branch,0,38,0.434996112,Asian,Male,France,,,,
12191,214.2247761,3.468381677,0,9,0,electronics,12,branch,1,37,0.519378035,White,Other,Brazil,,,,
12192,490.2802552,9.635249251,0,4,0,clothing,12,mobile,0,70,0.992288193,Black,Female,France,,,,
12193,71.97672774,4.433347138,0,1,0,travel,1,web,0,27,0.385232755,Black,Male,Brazil,,,,
12194,214.3055814,1.620834908,0,9,0,travel,19,web,1,42,0.242753097,Asian,Female,Brazil,,,,
12195,72.53737284,2.53484149,0,9,0,travel,21,web,0,64,0.575252409,Other,Other,UK,,,,
12196,353.002725,5.701323588,0,8,0,electronics,18,branch,0,53,0.215150953,Black,Male,Brazil,,,,
12197,344.6694994,11.07341572,0,5,1,grocery,8,mobile,1,65,0.940543432,Black,Other,Brazil,,,,
12198,513.100032,0.20966709,0,5,0,electronics,4,mobile,0,64,0.259254302,White,Other,China,,,,
12199,166.626175,0.371133552,0,6,0,travel,20,mobile,0,32,0.989934136,Other,Male,India,,,,
12200,607.0698483,1.965594611,0,1,0,luxury,6,mobile,0,61,0.41866819,Other,Female,China,,,,
12201,66.98855022,1.324906378,0,9,0,luxury,12,branch,1,57,0.812686007,White,Male,Nigeria,,,,
12202,159.803989,1.538953759,0,5,0,electronics,0,branch,0,57,0.648280325,Asian,Other,France,,,,
12203,69.29658114,1.250454448,1,7,0,electronics,8,mobile,1,67,0.933494174,Asian,Male,India,,,,
12204,193.2910256,1.089692163,0,8,0,clothing,1,mobile,1,79,0.625426953,White,Female,Nigeria,,,,
12205,75.07670046,0.69989764,0,5,1,electronics,2,web,0,23,0.581217979,Black,Male,UK,,,,
12206,353.6537878,13.58702903,0,3,1,electronics,11,branch,1,54,0.652852445,Black,Other,India,,,,
12207,235.8444939,0.778531318,0,6,0,travel,4,mobile,1,19,0.786465532,White,Female,India,,,,
12208,61.69221474,1.143317383,0,7,1,grocery,11,branch,1,29,0.898841632,White,Female,UK,,,,
12209,299.3283111,1.413576961,0,4,0,travel,3,web,0,75,0.2668149,White,Male,Brazil,,,,
12210,467.6953883,13.51642336,0,9,0,grocery,20,mobile,1,21,0.200887092,White,Male,UK,,,,
12211,252.3069632,7.047080779,0,4,0,travel,20,branch,1,40,0.034349696,Black,Male,France,,,,
12212,45.21240315,7.796087437,0,2,1,travel,11,branch,1,30,0.370079203,Other,Other,UK,,,,
12213,148.1650557,0.553307481,0,9,1,clothing,4,branch,1,34,0.846185023,Black,Female,India,,,,
12214,275.4491945,9.048900601,0,4,0,grocery,13,branch,0,48,0.069857429,Asian,Female,UK,,,,
12215,137.2587851,2.622874245,0,4,0,travel,13,branch,0,33,0.538520076,White,Female,France,,,,
12216,66.17556642,1.524636442,0,1,1,travel,9,branch,0,58,0.694788636,Asian,Female,Brazil,,,,
12217,381.2277099,4.287162859,0,2,0,grocery,9,web,0,43,0.836853033,Black,Female,Brazil,,,,
12218,132.5826045,8.634999089,0,3,0,clothing,4,branch,0,45,0.583430322,Asian,Other,Nigeria,,,,
12219,467.8862727,7.540099189,0,7,0,grocery,17,web,1,18,0.18632001,Black,Female,China,,,,
12220,108.2033193,11.03626014,0,9,0,clothing,16,web,1,64,0.964536258,Black,Male,Nigeria,,,,
12221,126.4159243,13.16463382,0,5,0,clothing,9,branch,1,29,0.09465151,Asian,Other,France,,,,
12222,101.1589767,1.359844674,1,4,0,luxury,10,mobile,0,54,0.768999612,Asian,Other,Nigeria,,,,
12223,146.1851665,2.757004686,0,2,0,clothing,14,branch,0,72,0.086559224,Other,Female,Brazil,,,,
12224,233.0891054,0.073682957,0,7,1,luxury,23,web,0,73,0.143419108,White,Male,China,,,,
12225,69.48246302,10.57313307,0,6,0,electronics,18,branch,1,67,0.898215594,Other,Male,Brazil,,,,
12226,57.71003845,0.839562251,0,7,0,clothing,11,branch,1,37,0.753074659,Other,Female,Nigeria,,,,
12227,29.95347096,9.883515548,1,8,1,grocery,15,branch,1,19,0.365508271,Black,Other,UK,,,,
12228,25.78292951,1.997817698,0,9,1,luxury,22,web,1,53,0.638724357,White,Female,Brazil,,,,
12229,45.77610625,2.295386419,0,5,0,electronics,23,web,0,32,0.457247222,White,Other,Nigeria,,,,
12230,107.5769812,0.199592506,0,5,0,electronics,11,web,0,55,0.066537761,Black,Female,Nigeria,,,,
12231,190.6833884,1.979149306,0,4,0,clothing,21,mobile,0,39,0.721127616,Asian,Male,France,,,,
12232,223.8990412,10.9625443,0,3,0,grocery,21,mobile,1,61,0.763255724,White,Female,France,,,,
12233,184.1661713,0.129397013,0,7,1,clothing,18,mobile,1,78,0.882341386,White,Male,Brazil,,,,
12234,432.9165566,2.607137065,0,5,0,travel,2,mobile,1,67,0.540637347,Other,Female,India,,,,
12235,525.7728471,0.159515834,0,7,0,electronics,12,branch,1,49,0.673137951,Black,Male,Nigeria,,,,
12236,133.0902514,2.317511445,0,2,0,travel,20,mobile,1,76,0.438050418,Other,Male,UK,,,,
12237,70.58211608,0.947580724,0,9,1,travel,21,mobile,1,37,0.318909259,Asian,Male,India,,,,
12238,631.5382973,1.453221566,1,9,0,luxury,14,mobile,1,53,0.411699995,Other,Male,Nigeria,,,,
12239,372.4538969,10.50223809,0,9,0,travel,16,branch,1,79,0.911752357,Asian,Male,India,,,,
12240,354.0852412,2.863941509,1,5,0,electronics,10,mobile,0,50,0.164171285,White,Female,Nigeria,,,,
12241,103.9480343,1.599635271,0,9,0,electronics,22,mobile,1,32,0.248499818,Black,Female,Nigeria,,,,
12242,304.4858397,4.449928538,0,1,1,grocery,11,mobile,0,79,0.606190791,Other,Female,India,,,,
12243,185.2715948,0.766379245,0,2,0,clothing,16,web,0,67,0.116281322,Other,Other,France,,,,
12244,157.2980493,1.501416392,0,5,0,grocery,21,mobile,1,63,0.891864512,White,Male,Nigeria,,,,
12245,157.0878791,3.951022072,0,5,1,grocery,22,mobile,1,20,0.047236372,Asian,Other,Brazil,,,,
12246,240.8294105,1.355914949,1,6,0,clothing,4,mobile,1,46,0.755312293,White,Male,India,,,,
12247,442.298765,5.683560854,0,8,0,electronics,4,branch,1,64,0.373728047,Black,Male,China,,,,
12248,665.5141892,3.381364795,0,1,0,luxury,6,mobile,0,44,0.051165574,Other,Female,France,,,,
12249,119.7206959,7.391808568,0,9,0,travel,2,mobile,1,22,0.842927894,White,Other,UK,,,,
12250,193.1984503,14.80612631,0,4,0,luxury,2,web,1,76,0.640460235,Asian,Male,Nigeria,,,,
12251,154.2287146,0.615387636,0,8,0,travel,16,web,1,73,0.008858709,Other,Female,China,,,,
12252,229.524403,2.037323104,0,5,0,clothing,23,branch,0,48,0.267532848,Black,Other,Nigeria,,,,
12253,139.5635266,1.924997789,0,1,0,clothing,1,branch,0,39,0.352045608,Other,Other,China,,,,
12254,93.8355352,0.819557843,0,9,0,grocery,14,mobile,1,52,0.322578149,Black,Male,Brazil,,,,
12255,119.8575788,8.311639703,0,8,0,clothing,18,web,1,71,0.498342029,Black,Male,France,,,,
12256,105.2570403,7.133055417,0,5,0,travel,22,branch,0,24,0.526802958,Black,Female,Nigeria,,,,
12257,148.3971975,3.312367048,1,4,0,luxury,9,branch,1,23,0.396754018,Other,Other,China,,,,
12258,49.28919822,3.858471795,0,8,0,luxury,10,web,1,43,0.331770339,Black,Other,France,,,,
12259,106.9717393,0.306952809,0,9,1,luxury,23,mobile,1,71,0.504409328,Other,Male,Nigeria,,,,
12260,227.9091526,4.054108824,1,7,0,luxury,8,web,1,18,0.033615405,White,Female,China,,,,
12261,226.696503,7.835282249,0,4,0,grocery,13,mobile,1,36,0.64520176,Black,Other,UK,,,,
12262,201.4457541,4.264556289,0,7,1,luxury,23,mobile,1,24,0.605982517,Asian,Male,China,,,,
12263,416.9207592,1.541508484,0,6,0,travel,6,web,0,53,0.2792198,Other,Other,Brazil,,,,
12264,234.4442271,5.506303047,0,3,0,grocery,9,mobile,0,29,0.179515447,Black,Other,UK,,,,
12265,407.8739336,2.243077415,0,3,0,grocery,0,branch,1,37,0.072984973,Asian,Other,UK,,,,
12266,665.8342936,3.935897014,0,1,0,grocery,0,web,0,40,0.587343751,Other,Female,China,,,,
12267,309.803011,3.342910571,0,5,1,clothing,13,branch,0,42,0.568900273,Asian,Female,India,,,,
12268,49.53704027,2.399663809,0,8,0,grocery,7,mobile,0,47,0.53331809,Asian,Female,UK,,,,
12269,207.3841044,6.344832352,0,6,0,travel,13,mobile,0,76,0.985618268,Asian,Female,Brazil,,,,
12270,185.5380314,10.76548829,0,8,0,luxury,6,web,1,78,0.531544111,Asian,Other,Brazil,,,,
12271,467.3841512,0.026130755,0,7,1,clothing,17,web,1,46,0.72179073,White,Female,China,,,,
12272,152.6814352,13.56153519,0,2,0,luxury,22,mobile,0,48,0.112918272,Asian,Male,Nigeria,,,,
12273,82.84858379,3.582233964,0,8,0,electronics,8,web,1,35,0.298970789,Asian,Male,China,,,,
12274,112.2951016,6.032076931,1,4,1,clothing,14,mobile,1,58,0.275446615,Asian,Male,UK,,,,
12275,51.46892859,9.676690964,0,5,0,travel,0,branch,1,36,0.575975506,White,Male,France,,,,
12276,597.0174021,3.147142092,0,8,0,clothing,10,web,0,71,0.330813228,Other,Male,India,,,,
12277,169.1080199,9.008263432,0,5,1,grocery,18,branch,1,21,0.641066427,Black,Male,China,,,,
12278,56.55152273,0.977762421,0,5,0,clothing,9,web,0,18,0.690089739,Asian,Other,India,,,,
12279,495.4214239,0.866814238,0,6,0,grocery,17,branch,0,58,0.033689837,White,Female,India,,,,
12280,551.1892347,5.357000151,0,7,0,luxury,21,mobile,1,76,0.639757712,White,Male,Brazil,,,,
12281,190.3357254,10.20660738,0,9,0,clothing,3,mobile,0,32,0.116787362,White,Male,Brazil,,,,
12282,46.80498422,11.14788973,0,7,0,clothing,17,mobile,0,71,0.465135302,Black,Female,Nigeria,,,,
12283,114.6024968,5.160478821,0,6,0,travel,17,mobile,0,25,0.726576571,White,Female,UK,,,,
12284,140.0023016,3.72735482,0,4,0,electronics,21,web,1,32,0.703344996,Asian,Other,Brazil,,,,
12285,173.5046499,2.012794833,0,2,0,clothing,21,branch,1,32,0.299822545,Asian,Male,India,,,,
12286,63.81651247,19.56021893,0,9,0,luxury,19,web,1,67,0.27236585,Asian,Male,Brazil,,,,
12287,327.4550339,1.926075307,0,5,0,grocery,11,web,0,56,0.440226508,Black,Male,China,,,,
12288,15.83687654,6.816525401,0,5,1,luxury,8,mobile,1,39,0.188667083,White,Other,UK,,,,
12289,364.3577589,3.796240474,0,3,0,travel,17,web,1,35,0.974699013,Asian,Female,Brazil,,,,
12290,417.3532559,4.689006451,0,3,1,clothing,5,branch,0,33,0.344917071,Asian,Other,China,,,,
12291,124.237867,2.500092414,0,1,0,electronics,22,web,0,19,0.922993274,Other,Other,UK,,,,
12292,158.5170887,16.73683193,0,5,0,electronics,18,branch,0,53,0.908264963,Other,Male,Nigeria,,,,
12293,452.5429644,4.23945065,0,3,0,clothing,19,mobile,0,37,0.364848988,Other,Female,Brazil,,,,
12294,268.0893995,13.88600716,0,2,1,electronics,22,mobile,0,33,0.254084632,Asian,Male,UK,,,,
12295,127.9132616,0.038101888,0,9,0,luxury,14,web,1,20,0.770835635,Black,Other,China,,,,
12296,140.6004058,4.251000476,0,6,0,grocery,4,branch,1,73,0.229377848,Asian,Other,China,,,,
12297,241.8059646,6.314844936,0,3,0,clothing,10,mobile,0,47,0.52124639,White,Female,UK,,,,
12298,562.1115422,6.8340309,0,7,0,grocery,12,mobile,0,72,0.110689374,Other,Female,China,,,,
12299,144.1225537,11.76817534,0,9,1,electronics,1,web,1,19,0.385932155,White,Female,France,,,,
12300,124.7307136,0.022056623,0,9,0,travel,7,branch,1,52,0.078154924,Other,Male,Nigeria,,,,
12301,172.5733284,0.001651069,1,1,0,grocery,10,mobile,0,43,0.283439593,Black,Other,Brazil,,,,
12302,173.3640466,3.195790493,0,2,1,travel,17,mobile,1,74,0.665293738,Black,Female,France,,,,
12303,211.9362334,0.148656666,0,8,1,luxury,9,branch,1,78,0.991307157,Black,Female,Brazil,,,,
12304,158.9144859,18.35177128,0,1,0,travel,0,web,0,22,0.254807597,White,Female,India,,,,
12305,379.1741452,1.255562651,0,3,0,grocery,3,web,0,19,0.473321291,Black,Male,India,,,,
12306,77.1664319,3.199593728,0,7,0,grocery,16,mobile,1,68,0.448046115,Black,Male,UK,,,,
12307,229.3318455,0.315431907,0,8,0,clothing,16,mobile,1,73,0.184153634,Other,Male,France,,,,
12308,235.8872816,3.691229203,1,5,0,travel,4,web,1,37,0.610069036,White,Male,UK,,,,
12309,83.61319807,2.389825188,0,2,0,luxury,22,web,0,79,0.724704947,Asian,Female,UK,,,,
12310,227.6786525,0.228440056,0,3,1,clothing,2,mobile,1,51,0.147219483,Black,Other,UK,,,,
12311,240.3603682,2.040775615,0,9,0,clothing,6,branch,1,51,0.757124573,Asian,Other,India,,,,
12312,7.534903287,2.483266143,0,7,0,luxury,4,branch,1,71,0.700161636,Asian,Female,China,,,,
12313,70.50009718,22.98674986,0,1,1,clothing,9,mobile,0,73,0.197342881,Asian,Other,UK,,,,
12314,477.8692337,1.165248982,0,3,0,luxury,23,mobile,0,72,0.648947625,Asian,Male,China,,,,
12315,102.276346,3.934868077,0,9,0,electronics,6,mobile,1,37,0.393671679,Black,Male,China,,,,
12316,56.41185995,21.83689191,0,7,0,clothing,16,mobile,0,67,0.681137752,Black,Male,UK,,,,
12317,24.40242964,7.851547747,0,2,0,grocery,16,web,0,42,0.496096852,Black,Female,UK,,,,
12318,64.45136346,25.07886802,0,6,1,electronics,6,branch,0,37,0.048137675,White,Male,UK,,,,
12319,153.6671792,17.25692717,0,9,0,clothing,5,branch,1,42,0.786966988,White,Male,France,,,,
12320,52.42336157,3.36221051,0,4,0,luxury,8,branch,1,70,0.555599925,Asian,Male,Brazil,,,,
12321,270.581862,5.959823454,0,2,0,electronics,7,web,1,31,0.724794623,Other,Other,France,,,,
12322,82.24764912,0.585159178,0,3,0,electronics,13,mobile,1,77,0.126071775,White,Female,Nigeria,,,,
12323,213.1320381,2.909360379,0,7,0,grocery,21,branch,0,64,0.721272473,Asian,Female,China,,,,
12324,432.9345821,8.277894678,0,4,0,clothing,5,branch,0,61,0.413666189,Asian,Female,France,,,,
12325,415.0120118,3.51937581,0,7,0,clothing,8,web,0,60,0.799267044,Black,Other,China,,,,
12326,210.4483269,6.065051479,0,5,0,luxury,19,mobile,0,60,0.599165875,Black,Male,China,,,,
12327,60.40894952,6.847212375,1,8,0,electronics,10,mobile,1,79,0.354902125,White,Female,China,,,,
12328,162.0842548,1.461591625,0,8,0,grocery,10,mobile,1,56,0.201916952,Black,Female,Nigeria,,,,
12329,215.5532261,10.42526118,0,5,0,luxury,7,branch,1,29,0.815924169,White,Male,India,,,,
12330,746.621818,3.079286809,0,7,0,luxury,2,web,1,65,0.560192664,Black,Male,Brazil,,,,
12331,24.1025781,1.179783347,0,6,0,grocery,10,branch,0,22,0.987468073,Other,Other,UK,,,,
12332,162.5338958,10.02782931,0,8,0,clothing,3,web,1,19,0.37348867,Black,Female,Nigeria,,,,
12333,263.7908868,2.70486775,0,9,0,grocery,22,web,1,71,0.685719222,White,Female,India,,,,
12334,183.0662844,6.937724481,0,5,1,clothing,2,branch,0,33,0.622820872,Asian,Female,Brazil,,,,
12335,198.561818,3.970731352,0,7,0,travel,12,web,1,72,0.637581709,White,Other,Nigeria,,,,
12336,86.81523176,2.405296612,0,1,0,electronics,18,web,1,47,0.736979965,Black,Female,India,,,,
12337,323.5359397,8.300404856,0,8,1,grocery,7,web,0,64,0.13910828,Asian,Female,UK,,,,
12338,173.4254275,4.391001503,0,3,0,luxury,20,mobile,0,60,0.549644044,Black,Female,India,,,,
12339,198.0237415,2.47609113,0,1,0,clothing,20,mobile,0,78,0.50912967,Black,Other,India,,,,
12340,347.3897164,0.580410436,1,6,1,electronics,23,mobile,1,55,0.342529789,Black,Female,UK,,,,
12341,131.1362093,11.29022516,0,8,0,electronics,21,mobile,0,62,0.436150267,Asian,Female,China,,,,
12342,399.8985895,0.180569565,1,3,0,grocery,20,branch,1,79,0.518812077,Black,Other,China,,,,
12343,50.59358478,9.945713977,0,1,0,luxury,0,branch,1,68,0.320922315,Other,Female,Nigeria,,,,
12344,206.5250856,2.231134935,0,3,0,grocery,20,branch,0,59,0.293158832,White,Male,India,,,,
12345,82.00817719,5.099080821,0,5,0,luxury,7,mobile,0,41,0.738272575,Other,Other,UK,,,,
12346,63.43403229,12.76805149,0,8,0,travel,8,branch,1,68,0.066918143,Other,Male,Nigeria,,,,
12347,557.829339,0.822643654,1,9,0,grocery,5,mobile,1,47,0.312963079,White,Male,UK,,,,
12348,53.39405546,4.184515913,0,9,0,clothing,10,mobile,1,54,0.653711146,White,Female,France,,,,
12349,176.0357606,7.228796603,0,4,0,grocery,9,web,0,74,0.208772968,Asian,Female,Nigeria,,,,
12350,49.2386565,7.085496652,0,8,0,grocery,2,web,1,76,0.572272635,Other,Female,France,,,,
12351,383.3795897,3.728858536,0,5,1,travel,7,mobile,0,70,0.302164142,Other,Other,China,,,,
12352,120.5684355,4.900673603,0,3,0,travel,4,web,1,56,0.843301273,White,Other,India,,,,
12353,346.1402106,7.084324454,0,5,0,grocery,1,web,0,28,0.349989332,Black,Other,India,,,,
12354,257.4562731,9.195124571,0,2,0,luxury,15,web,1,31,0.229516562,Other,Male,India,,,,
12355,676.0284197,7.173498031,0,6,0,travel,0,web,1,40,0.530103777,Asian,Other,Nigeria,,,,
12356,39.33991821,2.184817136,0,1,0,travel,23,branch,1,70,0.135660513,Black,Other,Brazil,,,,
12357,69.94040776,28.60932653,0,6,0,luxury,1,web,0,33,0.797483967,Other,Female,Nigeria,,,,
12358,333.4283161,2.850248734,0,5,0,electronics,2,mobile,1,67,0.680028251,Black,Male,Nigeria,,,,
12359,213.9382088,0.123844679,0,9,1,travel,8,web,1,38,0.770508905,Other,Other,Brazil,,,,
12360,138.9906869,2.251922361,0,7,1,travel,16,web,0,72,0.3988782,Black,Female,Nigeria,,,,
12361,596.062859,0.683584904,0,6,0,luxury,23,branch,0,72,0.835003414,Other,Female,China,,,,
12362,166.7548338,0.647370264,0,7,1,luxury,11,branch,1,21,0.493548131,White,Other,France,,,,
12363,84.89977691,1.653191715,1,5,0,grocery,1,branch,1,50,0.094699035,White,Male,Brazil,,,,
12364,349.0072624,0.274263868,0,1,0,grocery,23,web,0,71,0.224029249,Asian,Male,Brazil,,,,
12365,171.0982951,5.831975348,0,9,0,electronics,1,mobile,0,78,0.711052802,Other,Other,France,,,,
12366,181.4622328,0.384345202,0,5,0,electronics,22,branch,1,64,0.896422299,Asian,Other,Brazil,,,,
12367,273.0697988,1.136319864,1,4,0,electronics,18,web,1,31,0.095185592,White,Other,Brazil,,,,
12368,280.6351572,0.487511333,0,6,0,clothing,19,web,0,36,0.864214791,Other,Male,France,,,,
12369,69.04515903,0.326255106,0,5,0,luxury,16,web,1,76,0.799069829,White,Male,UK,,,,
12370,132.6080488,1.558177839,0,1,0,travel,16,branch,1,22,0.35656106,Black,Female,UK,,,,
12371,44.83286094,4.241980272,0,2,0,luxury,12,web,0,53,0.689276804,White,Female,China,,,,
12372,216.285034,16.71731616,0,4,1,luxury,11,branch,0,48,0.186951344,Black,Male,UK,,,,
12373,551.3263172,10.41952361,0,8,1,electronics,10,web,1,62,0.8133933,White,Female,France,,,,
12374,71.80089215,10.43470498,0,5,1,luxury,10,mobile,0,35,0.657339022,Black,Male,India,,,,
12375,36.29788296,0.968330534,0,7,0,clothing,23,mobile,0,61,0.438829379,White,Female,Nigeria,,,,
12376,97.59750154,1.538792602,0,2,0,travel,7,web,0,48,0.864517316,White,Other,Brazil,,,,
12377,138.0214386,0.397344827,0,8,1,electronics,17,branch,1,72,0.139234501,Other,Male,France,,,,
12378,282.3834178,7.535948824,0,5,1,grocery,3,web,1,47,0.845785632,Other,Female,Nigeria,,,,
12379,126.6077454,0.361865935,0,4,0,travel,17,mobile,0,38,0.023886407,Other,Other,France,,,,
12380,219.1515814,4.067493857,0,9,0,grocery,14,web,1,64,0.753200404,Asian,Female,Brazil,,,,
12381,110.3923506,1.424267532,0,6,0,grocery,23,branch,0,47,0.573364077,Asian,Female,India,,,,
12382,144.1907032,1.394904416,0,4,1,luxury,6,branch,0,72,0.696723273,Black,Other,France,,,,
12383,82.36068811,23.40219314,0,8,0,travel,22,branch,0,58,0.412344526,Asian,Other,Nigeria,,,,
12384,60.24724089,7.068940509,1,3,1,clothing,14,branch,1,21,0.864441126,Asian,Male,China,,,,
12385,289.541475,9.068165562,0,2,0,luxury,18,mobile,0,22,0.313149024,White,Female,Nigeria,,,,
12386,116.9743452,4.242958147,0,7,0,grocery,20,branch,1,58,0.274955285,Black,Other,Brazil,,,,
12387,230.9332663,10.24026818,1,4,0,travel,16,branch,0,62,0.301750646,Asian,Female,China,,,,
12388,81.18395011,5.185101228,0,4,0,luxury,9,mobile,0,27,0.774363843,Other,Other,UK,,,,
12389,167.5951215,14.60996586,0,9,0,travel,10,branch,0,44,0.495291731,Other,Male,Brazil,,,,
12390,16.35780666,1.651824723,0,2,0,electronics,13,mobile,0,33,0.537085326,Asian,Other,China,,,,
12391,124.3728453,4.523287626,0,1,0,clothing,3,branch,0,47,0.831655418,White,Female,China,,,,
12392,89.23494723,5.858033872,0,7,0,clothing,3,branch,1,30,0.833365552,Other,Female,Brazil,,,,
12393,372.9366125,2.495616033,0,8,0,clothing,0,branch,1,53,0.161738105,Other,Male,UK,,,,
12394,51.30791082,10.58916506,0,3,0,grocery,11,branch,0,38,0.549767673,White,Male,India,,,,
12395,148.980909,19.51114638,0,2,0,grocery,6,web,0,62,0.126018206,Other,Other,France,,,,
12396,214.3261054,3.403815814,0,4,0,clothing,4,web,0,70,0.868528471,White,Other,Nigeria,,,,
12397,338.0250941,2.476735637,1,2,1,travel,0,branch,1,57,0.837005702,Black,Female,France,,,,
12398,306.5508559,3.192707213,0,2,0,electronics,20,branch,0,62,0.849348858,White,Other,France,,,,
12399,158.4541143,9.577667242,1,5,0,grocery,23,branch,1,32,0.7048585,Black,Male,Nigeria,,,,
12400,176.2528037,5.184789347,0,5,0,luxury,7,web,0,37,0.466877306,White,Other,UK,,,,
12401,372.7096887,0.229028068,1,8,0,luxury,17,branch,1,37,0.404721226,Asian,Male,Nigeria,,,,
12402,156.0906644,3.906285736,0,9,1,grocery,12,mobile,1,62,0.395224564,Other,Female,UK,,,,
12403,190.8168187,0.087257593,0,2,0,clothing,16,web,1,72,0.066212789,Black,Other,UK,,,,
12404,381.0516258,7.537461954,0,1,1,travel,1,web,1,76,0.948870286,Other,Male,Brazil,,,,
12405,737.4098533,1.989808696,0,3,0,electronics,5,web,0,22,0.450275657,White,Other,India,,,,
12406,203.2391309,3.19336583,0,6,0,luxury,20,branch,1,71,0.930114899,White,Male,China,,,,
12407,245.4407345,8.014250944,0,5,0,grocery,3,mobile,0,71,0.879257539,Other,Male,Brazil,,,,
12408,300.2289992,0.237810883,0,8,1,travel,7,web,1,77,0.828610388,Asian,Male,India,,,,
12409,378.5878916,0.863093128,0,8,0,clothing,14,mobile,0,49,0.588308885,Asian,Other,UK,,,,
12410,343.8314105,2.53716008,0,2,0,electronics,4,mobile,1,23,0.101555886,Other,Male,China,,,,
12411,103.214828,1.306337893,0,9,0,electronics,19,mobile,0,47,0.32391145,Asian,Other,China,,,,
12412,213.3992656,2.061704152,0,4,0,luxury,10,branch,0,43,0.603586209,White,Male,Brazil,,,,
12413,345.466624,31.53015841,0,1,0,luxury,7,branch,0,54,0.013455808,Other,Male,France,,,,
12414,433.3287612,8.726701642,0,2,0,grocery,16,branch,0,30,0.042630914,Other,Other,Nigeria,,,,
12415,149.1932274,10.76659512,0,6,0,electronics,8,web,1,46,0.677663382,Other,Other,Nigeria,,,,
12416,209.6169838,13.82744064,0,5,0,clothing,17,web,0,22,0.888202852,Other,Other,Nigeria,,,,
12417,227.6266702,2.084672254,0,7,1,clothing,13,mobile,1,42,0.855163129,Asian,Female,India,,,,
12418,171.8113038,1.762539319,1,9,0,grocery,23,web,1,30,0.168145276,Asian,Female,Nigeria,,,,
12419,205.6406725,1.333273478,0,6,0,electronics,8,branch,0,41,0.911233453,Black,Female,India,,,,
12420,1033.793154,8.86322396,0,6,0,luxury,9,branch,0,48,0.696302201,Black,Male,India,,,,
12421,144.3220127,5.690174163,0,2,0,clothing,23,branch,0,37,0.716325954,Black,Male,China,,,,
12422,153.3120877,1.347063116,1,7,0,travel,19,branch,1,72,0.304041201,White,Male,India,,,,
12423,32.02711329,2.365994276,0,2,0,grocery,1,mobile,0,25,0.715996776,Black,Other,France,,,,
12424,26.06359935,3.533308092,0,7,0,clothing,2,web,0,77,0.709772278,Other,Female,China,,,,
12425,239.3941415,3.755365345,0,8,0,travel,23,branch,1,26,0.594665526,White,Male,UK,,,,
12426,346.4328454,10.97887593,0,1,1,travel,4,mobile,1,38,0.357288403,Asian,Other,France,,,,
12427,303.7875897,2.394746679,0,9,1,clothing,3,web,1,68,0.811014438,White,Female,UK,,,,
12428,80.98090808,11.95839485,0,8,0,grocery,2,mobile,1,78,0.937517938,White,Female,France,,,,
12429,291.4677247,2.91131777,0,9,0,travel,18,branch,0,37,0.869888425,Other,Other,India,,,,
12430,151.40054,6.859446565,0,5,0,travel,9,branch,0,32,0.242979194,Asian,Male,UK,,,,
12431,123.2563523,13.31449898,0,4,1,electronics,6,branch,0,43,0.445673829,Black,Female,China,,,,
12432,46.1809758,11.90682695,0,1,1,electronics,11,web,1,71,0.342414352,Black,Male,Nigeria,,,,
12433,90.38015943,0.29319508,0,9,1,electronics,7,branch,1,59,0.70747955,Black,Male,France,,,,
12434,243.427744,1.151497313,0,4,0,travel,4,web,1,28,0.831490338,Asian,Male,UK,,,,
12435,211.7399184,3.239965003,0,4,0,travel,23,mobile,1,54,0.215796132,White,Male,Nigeria,,,,
12436,189.318182,2.824247336,0,4,1,grocery,12,web,1,58,0.947275535,Other,Male,Brazil,,,,
12437,13.99350929,5.120655834,0,2,1,luxury,8,mobile,0,78,0.677329133,Asian,Male,India,,,,
12438,190.7860123,14.47573026,0,4,1,electronics,3,web,0,28,0.218447872,Other,Male,France,,,,
12439,101.8903468,0.596196979,0,2,0,luxury,1,branch,1,44,0.371094611,Asian,Other,France,,,,
12440,212.8668087,3.006110575,0,8,0,electronics,4,branch,0,47,0.104606858,Asian,Male,China,,,,
12441,386.370033,1.068510301,0,7,0,electronics,1,mobile,1,36,0.597068985,Asian,Male,China,,,,
12442,115.2396167,11.2266589,0,2,1,grocery,17,web,0,51,0.169191523,White,Female,Brazil,,,,
12443,180.380295,16.70241946,0,2,1,grocery,5,web,1,55,0.693089938,Other,Female,UK,,,,
12444,593.7302669,3.257164068,0,2,0,clothing,10,mobile,1,78,0.737246743,Black,Male,France,,,,
12445,205.0989593,0.549131795,0,1,0,electronics,9,web,0,40,0.479334818,Other,Female,France,,,,
12446,163.8069762,7.692443669,0,6,0,electronics,0,web,0,70,0.093816771,Black,Other,France,,,,
12447,82.19831788,5.972445428,0,6,0,electronics,1,mobile,1,18,0.61087319,Other,Other,France,,,,
12448,297.1455047,2.18997373,1,1,0,grocery,20,mobile,1,20,0.372205252,Asian,Other,Brazil,,,,
12449,69.79670927,10.91989971,0,1,0,electronics,9,mobile,0,20,0.949647471,White,Female,India,,,,
12450,397.9406645,18.61360637,0,6,0,clothing,4,web,1,45,0.513205707,Asian,Other,France,,,,
12451,268.0496274,4.080573967,0,6,0,travel,11,mobile,0,31,0.072266069,White,Other,Brazil,,,,
12452,104.9906544,4.170420045,0,4,0,clothing,18,mobile,0,69,0.636049083,Asian,Female,Nigeria,,,,
12453,84.72281639,1.765645512,0,3,0,travel,20,mobile,0,47,0.779353703,Black,Male,France,,,,
12454,86.56981748,4.391435959,0,9,1,grocery,1,mobile,1,75,0.160502809,Black,Male,UK,,,,
12455,26.64140847,2.895899929,0,6,0,luxury,5,branch,0,71,0.449057364,Asian,Male,Brazil,,,,
12456,235.2550641,1.799049456,0,1,0,grocery,14,branch,0,22,0.743196953,Other,Female,UK,,,,
12457,16.65876083,0.347742968,0,3,1,luxury,7,branch,0,66,0.020493615,Black,Male,India,,,,
12458,155.800221,1.456495428,0,1,0,travel,15,mobile,0,32,0.028969796,Asian,Other,Nigeria,,,,
12459,148.0038421,1.102327264,0,3,0,luxury,18,web,0,55,0.676912067,White,Male,UK,,,,
12460,127.9480142,3.904888842,0,2,0,travel,17,branch,0,31,0.725126498,White,Other,France,,,,
12461,234.0918163,4.602372631,0,5,0,luxury,16,mobile,1,31,0.845869437,White,Male,Brazil,,,,
12462,105.2155512,4.689764921,0,3,0,travel,0,branch,0,74,0.399599816,White,Male,Nigeria,,,,
12463,191.1515862,2.456593968,0,7,0,luxury,10,branch,1,76,0.389776665,Other,Male,Brazil,,,,
12464,397.8876477,2.734248284,0,8,0,travel,3,mobile,1,66,0.552367973,Other,Female,China,,,,
12465,254.371152,8.986024231,0,7,0,clothing,5,mobile,1,25,0.757326955,Other,Male,Nigeria,,,,
12466,118.8925382,3.23353997,0,2,0,electronics,6,branch,0,25,0.640992197,Asian,Other,China,,,,
12467,167.6860655,22.02067911,0,7,0,clothing,7,mobile,1,36,0.327323304,Black,Other,UK,,,,
12468,128.0655061,2.895676055,0,3,0,grocery,23,branch,1,49,0.346547256,White,Male,India,,,,
12469,146.3385526,5.243127698,0,7,0,luxury,9,branch,0,48,0.763004936,Black,Female,China,,,,
12470,195.574625,0.258377358,0,1,0,travel,16,branch,0,46,0.534646662,Asian,Male,Brazil,,,,
12471,43.99444214,5.297052942,0,2,1,clothing,11,branch,0,58,0.097976176,Black,Male,France,,,,
12472,33.67791641,9.533373915,0,1,0,clothing,7,web,0,28,0.152994954,Black,Other,Brazil,,,,
12473,75.93574698,14.27618678,1,9,0,travel,11,web,1,62,0.851190376,Black,Female,China,,,,
12474,242.1560442,29.61083367,0,2,0,luxury,16,mobile,1,30,0.998803432,Other,Other,India,,,,
12475,266.329515,1.657672755,1,2,0,grocery,2,web,0,44,0.335682906,Asian,Female,China,,,,
12476,294.7826227,4.282686151,0,6,1,grocery,13,web,1,73,0.386701662,Asian,Male,UK,,,,
12477,78.7436276,2.995716409,0,7,1,grocery,11,mobile,1,36,0.154488025,Asian,Other,France,,,,
12478,179.5965145,4.148472503,0,2,0,travel,4,branch,0,43,0.235713084,Black,Male,France,,,,
12479,121.9691985,0.856628906,0,4,0,clothing,12,web,0,70,0.424629846,Other,Male,UK,,,,
12480,151.1981894,9.694906089,0,3,0,grocery,10,web,0,68,0.284389644,White,Other,Brazil,,,,
12481,120.1870926,12.01583762,0,5,0,clothing,15,web,1,54,0.701424855,Other,Male,France,,,,
12482,203.9058186,2.98611016,0,9,0,grocery,9,web,0,65,0.537849442,White,Female,Brazil,,,,
12483,94.26034861,1.645506376,1,2,1,grocery,23,branch,0,26,0.822297128,Black,Male,Brazil,,,,
12484,368.3139943,0.758962308,0,5,0,luxury,7,mobile,1,45,0.724524918,Other,Female,UK,,,,
12485,370.5467241,5.756345584,0,8,0,travel,5,web,0,49,0.128100612,Other,Male,India,,,,
12486,236.7797999,1.87151737,0,6,0,luxury,19,web,0,69,0.123388966,White,Female,India,,,,
12487,339.3984076,12.01415853,0,4,1,clothing,19,web,0,71,0.895648639,White,Other,Brazil,,,,
12488,42.19049223,5.558677232,0,8,0,clothing,23,web,0,20,0.819511239,Black,Male,UK,,,,
12489,382.945519,5.187849244,0,3,0,travel,2,mobile,0,68,0.467917323,Other,Other,India,,,,
12490,220.6590386,4.098113235,0,4,1,grocery,23,branch,1,49,0.130364135,Other,Other,China,,,,
12491,99.27253016,0.23428595,0,9,1,travel,19,mobile,1,22,0.898576291,Other,Female,Brazil,,,,
12492,90.80076164,13.43553786,0,5,0,grocery,9,web,0,25,0.230700557,Asian,Male,France,,,,
12493,472.5773605,4.94346705,0,6,1,electronics,17,web,0,31,0.035534775,White,Other,France,,,,
12494,298.0860529,25.63190052,0,2,0,electronics,9,mobile,0,73,0.924239525,Other,Male,China,,,,
12495,148.0491394,3.85399147,1,9,0,travel,12,branch,1,20,0.808935621,Asian,Female,Nigeria,,,,
12496,41.66691821,6.191284075,0,8,0,electronics,13,branch,0,41,0.693481692,Other,Other,Nigeria,,,,
12497,396.2261686,0.289255634,0,7,0,electronics,0,branch,0,30,0.034030357,White,Female,Nigeria,,,,
12498,60.69971822,4.994778434,0,9,1,clothing,19,branch,1,60,0.528431178,Other,Other,India,,,,
12499,123.79312,7.233399304,0,5,1,grocery,14,mobile,0,46,0.653636155,Other,Female,China,,,,
12500,147.8871336,7.536986141,0,5,0,electronics,11,mobile,1,25,0.759347241,Black,Male,France,,,,
12501,89.58327857,7.350807662,0,9,0,luxury,15,branch,0,68,0.471073885,Black,Other,France,,,,
12502,142.6930601,1.282743118,0,5,1,clothing,6,mobile,0,59,0.9533493,Other,Other,India,,,,
12503,165.7588163,18.52473476,0,9,0,grocery,13,mobile,0,48,0.244781061,Asian,Male,France,,,,
12504,140.3524176,26.67710706,0,1,0,clothing,8,web,1,78,0.069734917,Asian,Other,France,,,,
12505,211.4139138,0.393029692,0,8,0,luxury,8,mobile,1,43,0.332766245,Asian,Female,Brazil,,,,
12506,484.26837,13.77935997,0,3,0,grocery,9,mobile,1,35,0.66180487,Other,Other,France,,,,
12507,43.90528759,1.708574135,0,8,1,travel,8,branch,1,75,0.737157204,Asian,Other,Brazil,,,,
12508,187.8744679,5.844381152,0,5,1,travel,15,mobile,1,35,0.738496897,Black,Other,Nigeria,,,,
12509,61.34646629,2.063286455,0,2,1,clothing,22,branch,1,74,0.110673828,Other,Female,UK,,,,
12510,39.46426951,17.17185651,0,9,0,travel,7,web,1,24,0.885089455,Black,Male,Brazil,,,,
12511,321.8573446,0.535164335,0,4,1,grocery,1,web,1,65,0.280833703,Black,Female,China,,,,
12512,200.0479855,3.443254689,0,7,0,luxury,17,mobile,0,55,0.209911108,Asian,Female,France,,,,
12513,36.77196819,2.793499217,0,8,0,luxury,23,mobile,1,65,0.614457477,Black,Other,Nigeria,,,,
12514,142.5894524,1.972799822,0,7,0,travel,17,branch,1,33,0.211849074,Black,Other,UK,,,,
12515,76.12468573,5.185714108,0,6,1,electronics,11,web,0,72,0.508038493,White,Male,UK,,,,
12516,146.6004657,0.702381512,0,7,0,electronics,23,branch,1,73,0.407029697,White,Other,Nigeria,,,,
12517,273.0701268,6.305581117,0,4,0,electronics,2,mobile,0,77,0.232034263,White,Female,Nigeria,,,,
12518,253.7565085,19.71038153,0,1,1,travel,1,web,0,50,0.292059633,Asian,Other,UK,,,,
12519,120.8992497,8.162476372,0,5,0,travel,5,mobile,1,73,0.427407231,Asian,Other,UK,,,,
12520,332.3019337,9.831162636,0,8,1,travel,5,web,1,68,0.346160346,Black,Male,France,,,,
12521,419.0470205,2.228598374,0,6,0,grocery,16,branch,0,20,0.381575784,Black,Female,China,,,,
12522,276.2566822,1.964373059,0,5,0,electronics,15,mobile,0,55,0.735434622,Asian,Female,Brazil,,,,
12523,104.6875631,3.639193718,0,2,0,clothing,22,mobile,0,21,0.168379913,Other,Male,Brazil,,,,
12524,150.4334993,0.234025406,0,5,0,grocery,12,web,1,53,0.627618587,Other,Female,UK,,,,
12525,474.1302862,14.53477461,0,3,1,grocery,11,branch,0,21,0.678157776,Other,Female,UK,,,,
12526,128.4539423,0.776169841,0,2,0,travel,10,web,0,59,0.802087046,White,Other,China,,,,
12527,254.326386,11.66589367,0,3,0,travel,14,web,1,26,0.847327175,Black,Male,China,,,,
12528,88.49701057,0.436414644,0,4,0,grocery,16,web,0,57,0.158665543,Other,Male,India,,,,
12529,333.9078619,8.647443679,1,2,0,travel,19,mobile,1,68,0.138260761,White,Other,UK,,,,
12530,79.65215044,0.824152265,0,4,0,electronics,21,branch,0,34,0.614771013,Black,Male,Brazil,,,,
12531,155.6317278,0.194388253,0,4,1,grocery,23,branch,0,34,0.756916551,Other,Male,France,,,,
12532,247.9491878,6.355719721,0,6,0,grocery,7,branch,1,50,0.27232643,Other,Other,India,,,,
12533,539.3014395,1.644363037,0,5,0,grocery,6,web,1,37,0.525847206,White,Other,Brazil,,,,
12534,197.3236344,6.267498873,0,7,0,travel,10,branch,1,31,0.772239431,Other,Female,France,,,,
12535,135.0051493,4.049362946,0,7,0,grocery,20,branch,0,39,0.767503108,Black,Female,China,,,,
12536,126.9019697,0.575973511,1,3,0,clothing,21,mobile,0,69,0.653820166,Other,Other,China,,,,
12537,323.9216096,13.45081124,0,9,0,clothing,7,mobile,0,44,0.078787696,White,Male,India,,,,
12538,233.7865417,3.01026734,0,7,0,electronics,18,mobile,1,60,0.05064386,Other,Other,India,,,,
12539,269.2615531,6.629709405,0,7,0,grocery,5,web,0,20,0.38844531,White,Other,India,,,,
12540,451.9994853,3.475952053,0,2,0,grocery,19,mobile,0,41,0.026687426,Asian,Other,India,,,,
12541,174.5447018,4.636271501,0,3,0,travel,18,branch,0,47,0.904144332,Other,Female,India,,,,
12542,221.9917169,1.803225447,0,3,0,luxury,18,mobile,0,25,0.020144665,Black,Other,India,,,,
12543,125.502092,1.117970164,0,6,0,luxury,3,web,1,39,0.029612862,Other,Male,Nigeria,,,,
12544,85.5009972,3.910659281,0,4,0,grocery,21,mobile,0,42,0.165327378,White,Other,China,,,,
12545,100.8665446,2.901047974,0,4,0,electronics,14,branch,1,77,0.627015132,Asian,Other,France,,,,
12546,9.350896535,2.472409674,0,1,0,clothing,16,mobile,1,27,0.541554141,Black,Other,Brazil,,,,
12547,246.1550751,5.582362104,1,6,0,grocery,17,mobile,1,66,0.659487137,Other,Female,UK,,,,
12548,228.2819439,5.864093076,0,8,0,grocery,19,mobile,1,46,0.893555141,Asian,Male,Brazil,,,,
12549,242.4343534,0.235039062,0,8,1,electronics,11,web,1,57,0.454945651,White,Male,Nigeria,,,,
12550,80.49631459,2.068074848,0,8,0,electronics,9,web,1,71,0.043875976,Black,Female,Nigeria,,,,
12551,102.3820768,2.653139932,0,5,0,luxury,8,web,1,18,0.763496625,White,Female,India,,,,
12552,99.54127447,0.509566549,0,6,0,grocery,7,web,0,69,0.811964463,Other,Female,Nigeria,,,,
12553,356.4230217,1.345288713,0,5,0,grocery,7,web,1,38,0.04988836,White,Male,Brazil,,,,
12554,191.909842,0.265114985,1,4,0,travel,10,mobile,0,56,0.242849294,Asian,Male,Nigeria,,,,
12555,173.1137325,27.9194731,0,4,0,clothing,22,mobile,0,41,0.770596799,White,Other,Brazil,,,,
12556,286.9310817,6.669595118,0,4,0,travel,11,web,0,26,0.376155239,Black,Male,India,,,,
12557,99.83076104,0.45756286,1,4,0,travel,21,web,1,77,0.472651398,Asian,Female,India,,,,
12558,218.077147,0.102286044,1,6,0,clothing,22,mobile,1,61,0.823175742,Other,Male,Nigeria,,,,
12559,585.6962649,6.352126672,0,6,0,grocery,5,branch,1,71,0.094619538,White,Male,China,,,,
12560,394.9814081,2.891884867,0,5,1,luxury,2,mobile,0,43,0.677284324,White,Male,UK,,,,
12561,215.683764,7.727545755,0,9,1,clothing,14,web,1,26,0.214984387,Other,Male,India,,,,
12562,178.1117108,12.85075678,0,8,0,electronics,5,mobile,1,37,0.062651431,Other,Other,France,,,,
12563,240.9369684,4.572716161,0,6,0,grocery,6,web,0,73,0.662497846,White,Female,France,,,,
12564,432.03362,1.035787699,0,9,0,clothing,5,mobile,1,52,0.121412253,Other,Male,India,,,,
12565,411.7160994,7.620753431,0,5,0,clothing,1,mobile,1,53,0.747007259,Asian,Female,China,,,,
12566,480.8583196,15.59648104,0,4,0,clothing,5,mobile,1,59,0.202705391,Black,Female,China,,,,
12567,200.0300941,4.340257014,0,6,0,luxury,1,branch,1,53,0.04851202,Asian,Male,Nigeria,,,,
12568,16.478387,5.728479344,0,4,0,travel,0,mobile,1,71,0.099297465,White,Other,India,,,,
12569,558.7190182,2.058482628,0,8,0,travel,14,mobile,1,26,0.841270249,Asian,Other,Nigeria,,,,
12570,85.33182127,2.402514326,0,7,0,clothing,9,branch,1,39,0.370968216,White,Other,Brazil,,,,
12571,283.6538401,6.633612602,0,5,1,clothing,9,mobile,1,18,0.302266641,Asian,Male,UK,,,,
12572,16.95256005,13.13957507,0,6,1,travel,9,branch,1,22,0.49119882,White,Male,UK,,,,
12573,170.3675852,4.957609578,0,7,0,luxury,4,branch,1,26,0.632932569,Other,Male,Brazil,,,,
12574,128.6418173,7.799618825,0,2,0,grocery,3,branch,0,54,0.037102245,Asian,Male,Brazil,,,,
12575,481.5817469,0.941507107,0,9,0,travel,14,mobile,1,55,0.898188513,White,Male,Brazil,,,,
12576,217.6962469,1.191026373,0,7,0,clothing,8,web,1,36,0.958481365,Other,Female,UK,,,,
12577,169.0034719,3.796805515,0,8,0,luxury,15,mobile,1,25,0.417306816,White,Female,India,,,,
12578,235.4318476,0.971287694,0,5,0,luxury,8,web,0,59,0.412628903,Asian,Male,France,,,,
12579,4.578258068,5.039222096,1,3,0,clothing,18,web,1,60,0.878559921,Asian,Other,China,,,,
12580,97.85711258,1.72410727,0,2,1,electronics,13,branch,0,49,0.429311798,White,Female,China,,,,
12581,111.2438635,7.839863472,0,2,0,luxury,11,branch,0,30,0.856189935,Other,Male,Nigeria,,,,
12582,262.5276824,8.254173971,0,3,0,travel,11,branch,1,37,0.028336944,Black,Male,France,,,,
12583,69.10333633,3.116123294,0,1,0,electronics,2,branch,0,53,0.489650609,White,Female,Nigeria,,,,
12584,193.6544367,0.997200035,0,1,0,grocery,18,mobile,1,60,0.952429045,White,Female,UK,,,,
12585,156.6660868,5.203249606,0,7,0,travel,10,mobile,1,61,0.252804659,Black,Male,India,,,,
12586,102.5243366,24.65936429,0,8,0,clothing,4,web,1,54,0.26615482,White,Other,France,,,,
12587,108.368322,4.872127643,0,6,0,electronics,5,mobile,1,47,0.630122989,Asian,Male,Brazil,,,,
12588,155.5508437,0.182151442,0,7,1,travel,5,mobile,1,27,0.926190883,Asian,Female,Brazil,,,,
12589,23.68653034,0.087226317,0,1,0,luxury,18,web,0,48,0.198742241,Other,Female,Brazil,,,,
12590,289.6750637,1.93097466,1,1,0,clothing,13,mobile,0,42,0.921651026,Black,Male,China,,,,
12591,84.79249293,1.089435745,0,9,0,electronics,15,mobile,0,46,0.663003744,White,Female,France,,,,
12592,135.326176,8.384602673,0,5,0,luxury,11,branch,0,41,0.993047314,Asian,Male,India,,,,
12593,469.9332575,9.315385932,0,7,0,clothing,17,branch,1,56,0.736458846,White,Other,India,,,,
12594,293.1486276,1.496201537,0,6,0,clothing,21,web,1,38,0.667800541,Black,Other,Brazil,,,,
12595,57.84884121,1.969991349,0,4,0,electronics,12,branch,0,58,0.814903172,Asian,Male,France,,,,
12596,3.170687008,1.347553991,0,1,1,electronics,19,mobile,0,26,0.175140319,Black,Female,Brazil,,,,
12597,242.7082874,11.95066747,0,4,0,electronics,8,branch,0,59,0.945985613,White,Female,Nigeria,,,,
12598,139.6738491,3.492299688,0,8,0,travel,17,branch,0,59,0.165595509,Other,Other,Nigeria,,,,
12599,194.5230933,5.337560425,0,1,0,clothing,3,web,0,19,0.02567037,White,Female,France,,,,
12600,286.382262,2.684839257,1,2,0,grocery,10,mobile,0,21,0.697856841,White,Female,Nigeria,,,,
12601,318.3504238,4.984985502,0,8,0,luxury,17,web,1,25,0.184595426,Black,Male,UK,,,,
12602,118.6158611,2.437624179,0,2,0,electronics,20,mobile,0,49,0.75875318,Asian,Other,UK,,,,
12603,153.5557249,2.075141735,0,9,0,clothing,2,mobile,1,78,0.795038978,Black,Other,UK,,,,
12604,222.7732812,5.03217241,0,3,0,luxury,3,mobile,0,31,0.236699241,Asian,Male,Nigeria,,,,
12605,233.4288835,4.470959573,0,3,0,grocery,8,branch,1,66,0.086720331,White,Male,India,,,,
12606,193.1073767,1.737358224,0,6,0,luxury,12,web,1,30,0.500820966,White,Other,UK,,,,
12607,435.6712638,0.80876347,0,3,0,grocery,14,mobile,1,38,0.890218511,Other,Other,Brazil,,,,
12608,231.5534857,2.298893958,0,9,0,electronics,9,branch,1,41,0.847291101,Other,Male,India,,,,
12609,283.433208,2.682406668,0,8,0,travel,20,web,0,67,0.117082457,Black,Other,France,,,,
12610,205.3821586,4.953513624,0,4,0,grocery,8,branch,1,35,0.964783265,Asian,Other,Nigeria,,,,
12611,68.62324912,12.29787688,0,6,1,electronics,15,branch,1,62,0.263949195,Other,Female,Brazil,,,,
12612,97.58618462,0.184278507,0,8,0,luxury,15,mobile,0,57,0.349391177,Other,Other,France,,,,
12613,55.45471289,1.396328036,0,4,1,luxury,12,web,0,43,0.149050243,White,Male,Nigeria,,,,
12614,343.1242253,1.076595848,0,5,0,luxury,4,branch,0,49,0.377802966,White,Female,China,,,,
12615,36.54221593,3.488732794,0,7,0,travel,9,branch,0,61,0.635641106,Black,Female,Nigeria,,,,
12616,148.6507483,2.80797078,0,8,0,clothing,23,branch,0,74,0.50607826,Black,Other,Brazil,,,,
12617,124.0462741,6.528876505,0,7,0,grocery,0,branch,0,72,0.827539485,Asian,Female,China,,,,
12618,121.3903799,1.388103706,0,8,0,clothing,2,mobile,0,73,0.641300811,Other,Male,Nigeria,,,,
12619,130.2429495,4.513151876,0,4,0,luxury,20,mobile,1,70,0.263544471,White,Male,Nigeria,,,,
12620,490.8852454,10.76467679,0,1,0,travel,2,web,0,50,0.557438032,Asian,Other,Nigeria,,,,
12621,21.64573686,12.07752275,0,6,0,electronics,9,branch,1,69,0.064191126,Other,Other,India,,,,
12622,399.7097577,15.9447171,0,5,0,travel,16,mobile,0,48,0.580790561,Asian,Male,UK,,,,
12623,139.3521296,7.419781867,0,4,0,clothing,17,web,0,35,0.38966383,Asian,Male,China,,,,
12624,304.0902599,11.82165924,0,2,0,luxury,12,web,1,52,0.098398492,Black,Other,Brazil,,,,
12625,177.1827278,1.336331969,0,1,0,grocery,1,mobile,1,29,0.307463953,Other,Male,India,,,,
12626,61.26348182,1.100621471,0,9,0,travel,15,mobile,1,68,0.898086993,Asian,Other,Brazil,,,,
12627,425.5372371,0.032546114,0,2,0,clothing,3,branch,0,42,0.586037947,Asian,Female,India,,,,
12628,382.2935746,6.135258038,0,9,0,clothing,21,mobile,0,62,0.903264849,Asian,Female,Nigeria,,,,
12629,65.78675285,13.86031933,1,6,0,electronics,17,mobile,1,48,0.410803987,Black,Other,China,,,,
12630,255.9703357,1.034723231,0,6,0,grocery,13,mobile,0,27,0.978908599,Black,Other,Nigeria,,,,
12631,101.5218834,5.065985086,0,2,0,clothing,5,web,0,64,0.360019053,White,Other,China,,,,
12632,38.32428962,6.861163639,0,6,0,grocery,10,mobile,1,69,0.756804615,Black,Male,China,,,,
12633,84.98345748,13.12872808,0,3,0,luxury,16,web,0,51,0.305403083,Black,Other,China,,,,
12634,409.0113802,5.204456672,1,7,0,travel,7,web,1,68,0.105990548,Other,Other,India,,,,
12635,309.2478987,17.58198618,0,4,0,clothing,2,mobile,1,20,0.833056597,Other,Female,Nigeria,,,,
12636,131.4929926,2.113105732,0,9,1,luxury,23,web,1,63,0.762581527,Asian,Other,China,,,,
12637,410.3070589,2.15336487,0,5,1,electronics,2,branch,1,56,0.820629034,White,Other,UK,,,,
12638,362.7161976,3.915496313,0,3,0,grocery,16,branch,0,25,0.299694532,Black,Female,Brazil,,,,
12639,85.10427322,2.418500038,0,1,0,luxury,3,web,1,78,0.703661626,Other,Male,China,,,,
12640,477.9932073,0.007133728,0,1,0,grocery,18,mobile,0,49,0.219922848,White,Other,Nigeria,,,,
12641,123.0355328,6.579590037,0,4,0,grocery,7,mobile,0,60,0.011311536,Other,Other,China,,,,
12642,137.2568035,6.965931107,0,4,0,clothing,16,web,0,46,0.866488776,Asian,Other,China,,,,
12643,22.3698143,6.871327093,0,9,0,grocery,21,mobile,0,39,0.523525487,Black,Other,France,,,,
12644,99.88399163,2.11575798,0,8,0,luxury,4,web,1,37,0.983653337,Asian,Female,India,,,,
12645,149.5609467,3.693751613,0,4,0,electronics,10,branch,0,23,0.385035695,Asian,Female,China,,,,
12646,209.6266087,2.231228628,0,6,1,clothing,11,web,1,78,0.956873007,Other,Female,India,,,,
12647,61.46914278,0.080831873,0,7,0,travel,20,web,0,60,0.615057263,White,Other,China,,,,
12648,88.62990674,4.132809372,0,8,0,electronics,14,branch,1,66,0.512205072,Black,Male,Nigeria,,,,
12649,484.9497941,0.660580066,0,4,0,luxury,11,branch,0,46,0.302809603,White,Other,India,,,,
12650,346.5576971,0.417132637,2,1,0,clothing,21,web,0,59,0.825276341,Asian,Other,France,,,,
12651,390.6938171,7.042680805,1,5,0,grocery,6,branch,1,73,0.828794746,Black,Male,India,,,,
12652,159.5511027,0.047758374,0,1,0,electronics,23,branch,0,34,0.416929532,Asian,Other,France,,,,
12653,214.2147107,15.97194588,0,4,1,clothing,2,mobile,0,48,0.727293142,Other,Female,India,,,,
12654,260.0119415,3.620665253,0,7,0,travel,9,branch,1,70,0.447237936,White,Female,India,,,,
12655,480.2686079,20.37754457,0,7,0,travel,15,branch,1,51,0.739659294,White,Male,France,,,,
12656,37.42582432,0.298737137,0,1,1,travel,0,web,0,55,0.994190157,Asian,Female,Brazil,,,,
12657,108.650516,4.379698828,0,9,0,clothing,20,branch,0,74,0.262496314,White,Male,China,,,,
12658,200.1246148,2.148740612,0,2,0,electronics,10,web,0,54,0.634052457,White,Male,UK,,,,
12659,178.0325332,9.272937041,0,5,0,grocery,16,mobile,0,21,0.379877965,Asian,Other,China,,,,
12660,87.64029176,2.240997269,0,6,0,electronics,13,web,0,79,0.548371564,Black,Female,France,,,,
12661,244.3024143,1.508821003,1,1,0,grocery,17,web,0,19,0.87414728,Other,Male,UK,,,,
12662,112.3184076,9.743930853,0,2,0,electronics,11,mobile,1,29,0.347575869,Black,Other,China,,,,
12663,168.3283293,2.347243649,0,7,0,electronics,15,mobile,0,52,0.072388302,Black,Male,China,,,,
12664,236.6034686,0.084883053,0,6,0,clothing,7,branch,1,23,0.798937185,Other,Female,India,,,,
12665,116.8063678,2.47385185,0,6,0,travel,2,web,1,73,0.555024855,Asian,Female,Brazil,,,,
12666,291.5881932,5.314135461,0,6,0,travel,10,web,1,63,0.449400947,Asian,Other,France,,,,
12667,329.1918274,1.467558752,0,7,1,travel,14,web,0,25,0.183333047,Other,Male,Brazil,,,,
12668,90.61279347,2.828060081,0,9,0,travel,3,mobile,1,38,0.092852732,White,Female,France,,,,
12669,111.6486017,0.291934808,0,9,0,electronics,15,web,1,70,0.27873556,Black,Female,China,,,,
12670,70.45780176,4.434785886,0,2,0,travel,21,branch,0,75,0.718904263,White,Female,Nigeria,,,,
12671,165.4703921,7.058982446,0,2,1,electronics,23,mobile,0,63,0.411770929,Asian,Female,France,,,,
12672,209.5219927,2.666315368,0,5,0,grocery,16,web,1,78,0.570227587,Black,Female,UK,,,,
12673,126.2044129,2.725641735,0,7,0,luxury,13,mobile,1,52,0.082045554,Asian,Male,Nigeria,,,,
12674,205.2457895,0.462125471,0,3,0,luxury,1,mobile,1,65,0.123243044,Other,Male,India,,,,
12675,109.1919781,1.127862898,0,3,0,grocery,21,mobile,0,32,0.011305831,Other,Other,China,,,,
12676,112.1847071,0.840172344,0,4,0,electronics,14,web,0,24,0.673284451,White,Female,France,,,,
12677,217.5154873,3.285887276,0,3,0,travel,23,web,0,32,0.264454522,White,Other,China,,,,
12678,118.4589923,3.76719941,1,3,1,clothing,7,branch,0,62,0.966926586,Asian,Male,UK,,,,
12679,158.6496163,14.87378219,0,8,1,electronics,12,mobile,1,23,0.30845581,Asian,Male,India,,,,
12680,223.1638527,0.380257398,0,7,0,electronics,2,web,0,64,0.363618039,Other,Other,UK,,,,
12681,203.0587488,4.579803596,0,7,1,grocery,3,web,1,34,0.469489831,Black,Male,India,,,,
12682,110.4957616,3.738001281,0,2,0,grocery,3,branch,0,21,0.319140749,Other,Female,China,,,,
12683,352.2535295,3.630760478,0,9,0,clothing,3,web,1,39,0.817443222,Asian,Female,France,,,,
12684,251.8150754,10.32411606,0,6,1,travel,1,web,1,49,0.87620681,Other,Male,Brazil,,,,
12685,200.1431406,1.150453577,0,3,0,luxury,12,web,1,76,0.011036079,White,Female,India,,,,
12686,61.82243575,0.208139066,0,9,0,travel,21,mobile,0,39,0.654661629,White,Other,China,,,,
12687,181.3478578,5.577848903,0,9,1,travel,7,branch,0,44,0.68608828,Asian,Male,Brazil,,,,
12688,98.18056583,2.116802378,1,6,0,electronics,8,branch,1,63,0.961424877,Other,Other,India,,,,
12689,238.9326711,0.088732286,0,6,0,clothing,0,branch,1,32,0.370399197,Asian,Male,Brazil,,,,
12690,3.029783631,1.447578812,0,8,0,electronics,0,web,1,77,0.195279968,Black,Female,France,,,,
12691,135.7152547,1.850442338,0,8,0,grocery,8,web,0,61,0.52058107,White,Female,UK,,,,
12692,106.4079831,4.79649193,1,6,1,luxury,10,web,1,68,0.447555685,Other,Female,France,,,,
12693,292.3433654,0.947249279,0,7,0,clothing,15,mobile,1,39,0.791731466,White,Female,India,,,,
12694,23.42402937,2.664115247,1,4,1,clothing,3,mobile,1,45,0.903975441,Other,Other,Nigeria,,,,
12695,172.6088436,3.293491523,0,1,1,travel,14,branch,0,59,0.086708028,White,Other,UK,,,,
12696,249.6382516,3.073874487,0,4,0,electronics,6,mobile,1,55,0.846579479,Asian,Male,Brazil,,,,
12697,539.6246399,18.23691564,0,8,0,travel,1,mobile,0,77,0.908970878,White,Female,UK,,,,
12698,111.8867727,0.232860378,0,8,0,travel,9,web,1,74,0.924135878,Other,Female,UK,,,,
12699,212.161197,15.07642968,0,2,0,clothing,16,web,1,26,0.764309859,Asian,Other,France,,,,
12700,25.41377879,4.36061826,0,7,0,luxury,10,branch,0,51,0.742082561,Other,Female,India,,,,
12701,165.9498659,7.941507223,0,1,1,grocery,22,web,0,53,0.014896775,Black,Female,China,,,,
12702,369.8042607,2.814039795,0,2,0,travel,21,web,1,26,0.920191622,Other,Female,China,,,,
12703,543.0706262,3.024197133,1,8,1,luxury,18,mobile,1,32,0.351505214,Other,Other,France,,,,
12704,226.9342903,10.5733336,0,4,0,travel,9,branch,0,79,0.041121897,Asian,Other,India,,,,
12705,35.00140556,11.31367367,0,3,0,luxury,3,mobile,0,62,0.41297931,Other,Female,Nigeria,,,,
12706,410.0692679,1.36356588,0,2,0,electronics,12,branch,1,37,0.732852633,Black,Other,France,,,,
12707,35.36055377,1.110981741,0,6,0,grocery,0,branch,0,25,0.441955202,Black,Female,Nigeria,,,,
12708,56.06273177,3.428228673,0,4,1,clothing,6,web,1,75,0.758011089,Asian,Male,India,,,,
12709,433.4895781,11.52679604,0,3,0,electronics,8,mobile,0,45,0.509409427,Black,Female,UK,,,,
12710,156.7697597,1.945659324,1,3,0,travel,0,mobile,1,68,0.299427148,Asian,Female,Nigeria,,,,
12711,101.5221097,5.277973991,0,3,0,travel,17,web,0,36,0.202912344,White,Male,Nigeria,,,,
12712,274.117712,6.157605451,0,8,0,grocery,17,branch,1,74,0.421103295,Other,Female,India,,,,
12713,188.7895115,7.540607777,0,9,0,grocery,15,branch,1,33,0.035803452,Other,Female,India,,,,
12714,347.6057636,4.149698945,0,9,0,grocery,21,branch,1,28,0.422543905,Other,Male,France,,,,
12715,195.3700452,2.574629913,0,5,0,travel,15,branch,0,59,0.068620097,Other,Female,France,,,,
12716,198.715834,17.05866172,0,1,0,travel,4,web,1,25,0.877004708,Asian,Male,India,,,,
12717,339.2648038,4.725132813,0,5,0,clothing,13,branch,1,50,0.575481032,Other,Male,Nigeria,,,,
12718,155.1055904,6.520166793,0,1,1,grocery,21,mobile,1,27,0.646042963,Black,Female,Brazil,,,,
12719,76.31997123,2.11546927,0,9,0,luxury,0,branch,1,79,0.28886399,Black,Female,France,,,,
12720,285.2053371,5.542543197,0,8,0,clothing,5,branch,1,35,0.225821076,White,Female,India,,,,
12721,131.7669762,1.490666902,0,7,0,luxury,5,branch,0,52,0.707905249,Asian,Male,Brazil,,,,
12722,207.1126389,1.405829528,0,2,0,electronics,22,web,1,79,0.671565483,White,Male,Brazil,,,,
12723,18.98532722,6.271459215,0,2,0,grocery,11,branch,0,60,0.122678456,Other,Other,Brazil,,,,
12724,150.1832902,3.684395527,0,4,0,clothing,17,web,0,67,0.238641383,Black,Male,Brazil,,,,
12725,107.7842624,5.748632371,0,9,1,clothing,21,mobile,1,20,0.946575786,Asian,Other,UK,,,,
12726,18.19956979,1.569709249,0,9,0,electronics,8,branch,1,57,0.304177426,Black,Male,France,,,,
12727,153.9303277,4.565520835,0,8,1,electronics,15,branch,1,44,0.02583151,Asian,Female,Brazil,,,,
12728,158.0257567,2.934338284,0,5,0,electronics,14,mobile,1,76,0.063782051,White,Female,Brazil,,,,
12729,218.209222,4.54360089,0,7,0,clothing,1,branch,1,45,0.775494797,Other,Female,India,,,,
12730,365.6184494,1.718650684,1,9,1,travel,4,branch,1,63,0.757155685,White,Other,China,,,,
12731,326.5013025,6.284248403,0,3,0,luxury,22,web,0,23,0.381827269,Other,Female,India,,,,
12732,114.292451,8.197665471,1,4,0,luxury,20,web,1,64,0.153200776,Black,Male,China,,,,
12733,191.8066692,1.50496113,0,2,0,electronics,12,mobile,0,31,0.498105217,White,Female,UK,,,,
12734,241.3279271,1.787809256,0,9,1,travel,18,web,1,24,0.331888655,White,Female,Brazil,,,,
12735,117.0575877,5.41105174,0,7,0,travel,0,web,1,27,0.373968348,Black,Male,UK,,,,
12736,39.11292759,5.946819748,1,6,0,electronics,15,mobile,1,32,0.260985354,Black,Other,China,,,,
12737,141.1761781,6.088663265,0,5,0,grocery,6,mobile,0,48,0.062857913,Black,Female,India,,,,
12738,376.0089866,5.73951434,0,7,0,clothing,12,branch,1,46,0.791159277,Asian,Other,China,,,,
12739,37.03338499,2.49454881,0,3,0,grocery,23,branch,0,59,0.618220825,Black,Other,France,,,,
12740,69.12762647,2.511424949,0,5,0,travel,21,branch,0,71,0.834635124,Asian,Female,Nigeria,,,,
12741,83.86071093,1.47063145,1,2,0,electronics,15,branch,1,34,0.503201977,Black,Male,Nigeria,,,,
12742,69.88665596,0.852955343,0,5,0,clothing,11,web,1,76,0.984986639,Asian,Other,China,,,,
12743,274.9710666,5.897659319,0,7,0,luxury,6,web,1,68,0.962524909,Black,Male,UK,,,,
12744,97.84440141,0.489104969,0,7,0,travel,13,mobile,0,46,0.271783487,Asian,Other,India,,,,
12745,280.145379,13.8863814,0,9,1,clothing,17,mobile,1,66,0.386976924,Other,Female,Nigeria,,,,
12746,172.4592033,8.763260265,0,3,0,clothing,20,web,0,61,0.752709413,Other,Male,Brazil,,,,
12747,27.61743428,9.742267802,0,8,0,grocery,18,branch,1,32,0.776603462,White,Male,France,,,,
12748,119.2128904,11.85800489,0,5,0,luxury,12,branch,0,43,0.910699136,Black,Other,India,,,,
12749,333.1806028,2.626355383,0,7,1,grocery,1,branch,1,29,0.652633834,Black,Male,UK,,,,
12750,187.4179019,9.376816058,0,1,0,grocery,18,branch,0,42,0.475120977,Asian,Female,India,,,,
12751,126.8841393,0.860240353,0,1,0,grocery,3,mobile,1,78,0.37765155,White,Male,France,,,,
12752,379.0539246,0.109397064,0,4,0,grocery,13,web,0,58,0.419178551,Other,Male,China,,,,
12753,62.72853065,7.683061186,0,5,0,travel,1,mobile,1,22,0.850405151,White,Other,India,,,,
12754,100.9995536,0.388708628,0,3,0,luxury,17,web,0,21,0.980008844,Asian,Male,China,,,,
12755,312.0521106,22.33777766,0,6,0,grocery,23,branch,0,61,0.051909185,Black,Male,UK,,,,
12756,271.0128179,5.616519611,0,3,0,travel,18,mobile,1,65,0.580244663,White,Female,Brazil,,,,
12757,57.68713202,7.000946455,0,5,0,travel,18,web,1,58,0.520053972,Black,Male,India,,,,
12758,235.498156,1.410514036,0,1,1,clothing,3,web,0,74,0.376142275,Other,Female,UK,,,,
12759,96.44390717,5.602225404,0,3,0,clothing,20,web,1,48,0.851576443,Asian,Male,China,,,,
12760,16.99986073,0.220908667,0,7,0,electronics,18,web,1,20,0.575743017,Black,Male,China,,,,
12761,128.9622472,9.095418595,0,3,0,travel,21,branch,1,70,0.313116062,White,Female,Brazil,,,,
12762,565.9494232,0.929383904,0,5,0,electronics,2,branch,0,20,0.444104038,Asian,Male,Nigeria,,,,
12763,337.1264351,5.976024555,0,7,1,travel,7,web,1,43,0.356803557,Other,Male,India,,,,
12764,160.6256298,1.271110766,0,2,0,grocery,3,web,0,67,0.430085608,White,Other,Brazil,,,,
12765,34.48872412,0.354544079,0,3,0,grocery,20,web,1,34,0.07126579,Black,Other,China,,,,
12766,17.77751758,3.284015298,1,4,0,electronics,2,branch,1,77,0.111915816,Black,Male,Nigeria,,,,
12767,172.873542,0.927349801,0,5,1,grocery,4,mobile,1,27,0.623691683,Asian,Female,China,,,,
12768,224.486062,6.536380675,0,9,1,grocery,10,web,1,19,0.684068377,Other,Other,India,,,,
12769,277.2203935,1.356195631,1,9,0,clothing,22,mobile,1,41,0.636620415,White,Male,India,,,,
12770,255.2751856,2.096343881,1,4,0,grocery,18,branch,1,28,0.763075397,Other,Other,France,,,,
12771,270.8090061,4.190162515,0,9,0,clothing,18,branch,1,41,0.943534021,White,Male,India,,,,
12772,204.9866497,1.677141851,0,4,0,luxury,16,branch,1,52,0.860618307,White,Female,India,,,,
12773,373.5433065,2.373980403,0,2,0,travel,1,branch,1,40,0.418509579,Asian,Other,Brazil,,,,
12774,107.6009669,8.453830195,0,1,0,clothing,19,branch,0,49,0.217543137,Black,Other,UK,,,,
12775,170.8854989,0.987439023,0,7,1,clothing,8,mobile,1,40,0.311852212,Black,Male,France,,,,
12776,27.75341809,0.428887544,0,4,0,clothing,2,mobile,1,51,0.587741488,Black,Female,India,,,,
12777,105.644617,1.990147493,0,8,0,travel,9,mobile,1,58,0.856208334,Other,Female,Brazil,,,,
12778,330.8348089,2.761509709,0,8,1,travel,20,mobile,1,36,0.701724124,White,Female,China,,,,
12779,264.7499382,3.911633063,0,8,1,travel,8,web,1,19,0.543013105,Asian,Male,China,,,,
12780,9.708119869,2.329450078,0,6,0,grocery,19,branch,0,77,0.60187836,Other,Female,Brazil,,,,
12781,593.7283435,7.801136808,1,9,1,clothing,3,mobile,1,68,0.528261214,White,Female,UK,,,,
12782,187.785896,0.200566893,0,4,0,travel,21,mobile,0,19,0.971627511,Asian,Male,Nigeria,,,,
12783,190.4631279,2.826123401,0,5,0,luxury,6,web,0,32,0.816091452,White,Female,India,,,,
12784,99.89996533,2.408405043,0,4,0,travel,11,web,1,73,0.781277215,Asian,Female,Nigeria,,,,
12785,119.7243647,5.214636752,0,5,0,electronics,10,branch,0,38,0.517328987,Other,Other,UK,,,,
12786,186.2119149,16.94776499,0,2,0,electronics,21,branch,0,52,0.331809458,White,Female,Brazil,,,,
12787,254.2229162,3.570581587,0,5,1,clothing,14,web,1,22,0.019514094,White,Other,Nigeria,,,,
12788,212.1432447,21.666886,0,8,0,clothing,19,web,0,60,0.043430024,Other,Other,UK,,,,
12789,106.9182496,1.799467697,0,9,0,clothing,13,web,0,44,0.030237925,Asian,Other,Nigeria,,,,
12790,75.33469419,0.156772951,0,7,0,grocery,6,branch,0,41,0.980476767,Black,Other,China,,,,
12791,70.60670654,0.905590411,0,7,0,electronics,14,web,1,24,0.114482338,Black,Female,Brazil,,,,
12792,348.5998617,2.513666317,0,6,0,electronics,13,mobile,1,23,0.142118853,Asian,Other,India,,,,
12793,320.412592,1.901428259,0,2,0,clothing,10,branch,1,63,0.484149987,Asian,Other,China,,,,
12794,237.8250311,0.510463365,0,9,0,electronics,9,branch,1,78,0.481401167,Black,Other,China,,,,
12795,346.8868862,2.833983488,1,5,0,electronics,18,mobile,0,50,0.919973767,White,Female,France,,,,
12796,151.0233786,2.0633231,0,6,0,grocery,2,mobile,1,75,0.073532732,Other,Male,China,,,,
12797,301.6481846,0.654070983,0,1,1,luxury,11,branch,0,66,0.957239165,Black,Other,Brazil,,,,
12798,246.704419,1.755716577,0,5,0,clothing,12,branch,0,34,0.216390238,Asian,Other,Nigeria,,,,
12799,307.2983377,10.87694606,2,6,0,luxury,6,web,1,63,0.970153809,White,Male,India,,,,
12800,63.96396726,1.798030933,0,2,1,luxury,11,web,0,59,0.541324099,Asian,Female,France,,,,
12801,202.8402821,6.258038088,0,7,1,grocery,21,mobile,1,47,0.652012746,Black,Other,China,,,,
12802,125.3514766,4.73435643,0,4,0,electronics,1,mobile,0,25,0.315728773,Other,Female,UK,,,,
12803,12.99627649,2.785928885,1,5,0,clothing,0,mobile,1,57,0.611823951,Other,Other,India,,,,
12804,386.9494392,1.36577805,0,3,0,travel,5,mobile,1,63,0.71082978,White,Female,Brazil,,,,
12805,321.0279852,2.30236356,0,5,0,luxury,18,web,0,24,0.010370167,Other,Female,Nigeria,,,,
12806,216.1146372,4.483754586,0,4,0,luxury,5,branch,1,23,0.034228425,Black,Other,China,,,,
12807,79.70088231,2.1597119,1,6,0,grocery,12,web,1,21,0.986477012,Black,Other,France,,,,
12808,26.25958545,1.209698191,0,2,0,luxury,3,mobile,0,18,0.457557105,Black,Female,China,,,,
12809,12.71276894,0.619109125,0,3,0,luxury,13,web,1,32,0.935817525,White,Other,India,,,,
12810,104.9746242,10.59161618,0,1,1,luxury,15,mobile,1,48,0.729897617,Black,Male,France,,,,
12811,273.6098691,2.901887684,2,7,0,grocery,1,web,1,42,0.372968308,Other,Female,France,,,,
12812,126.4491236,4.90692466,0,9,0,electronics,8,branch,0,64,0.150842005,White,Male,India,,,,
12813,239.9318738,3.370747534,0,2,0,luxury,12,mobile,1,50,0.978151733,Black,Other,China,,,,
12814,248.5496798,10.30080382,0,7,1,clothing,20,web,1,69,0.584496257,Black,Male,Nigeria,,,,
12815,270.8107632,3.958596751,0,3,1,luxury,13,mobile,1,52,0.192356623,Asian,Male,China,,,,
12816,20.82490978,3.277151622,0,5,0,luxury,13,branch,0,72,0.68165298,Black,Female,UK,,,,
12817,86.43206827,12.9248057,0,6,0,clothing,4,mobile,0,22,0.09204851,White,Male,India,,,,
12818,236.7531236,6.359288521,0,8,0,grocery,1,branch,1,22,0.86803728,Asian,Other,UK,,,,
12819,444.1814461,0.591384017,0,4,0,travel,4,web,0,53,0.090137347,White,Female,France,,,,
12820,363.5063483,0.978277061,0,2,0,clothing,5,branch,1,34,0.236194358,Black,Other,France,,,,
12821,207.9613525,7.735200505,0,3,0,travel,1,mobile,0,70,0.091430805,Other,Other,Nigeria,,,,
12822,389.7284689,9.034913418,0,8,0,electronics,0,web,0,69,0.103787217,Asian,Male,India,,,,
12823,206.7891393,3.939386763,0,7,0,electronics,15,mobile,1,31,0.523834154,Asian,Other,China,,,,
12824,35.89233429,4.042287693,0,6,0,luxury,21,mobile,1,75,0.686989803,Asian,Male,India,,,,
12825,267.580119,4.997450956,1,5,0,luxury,8,web,1,46,0.788481783,White,Female,Brazil,,,,
12826,372.0233686,2.89120383,0,5,0,grocery,13,branch,1,25,0.69505529,Asian,Female,Nigeria,,,,
12827,537.5688383,5.700283689,0,1,1,travel,8,branch,0,51,0.363489812,Other,Male,India,,,,
12828,102.4410454,0.574144092,0,6,0,electronics,4,web,1,57,0.557287787,Other,Female,France,,,,
12829,57.51397405,16.25689725,0,9,0,electronics,14,web,1,18,0.927664074,Asian,Female,Nigeria,,,,
12830,302.2616078,6.934569241,0,8,0,luxury,9,mobile,0,46,0.387576616,White,Female,Brazil,,,,
12831,226.6133079,4.98715422,0,1,0,luxury,14,mobile,0,53,0.252404369,White,Female,Brazil,,,,
12832,211.9682044,1.901341579,0,6,0,grocery,16,web,0,68,0.519319356,White,Male,China,,,,
12833,393.4166877,0.877457598,0,3,0,luxury,2,web,0,54,0.297335212,Black,Male,France,,,,
12834,301.4413098,2.632598705,0,6,0,luxury,7,mobile,1,46,0.261817052,White,Other,China,,,,
12835,242.2302601,5.4172896,0,9,0,grocery,3,mobile,1,22,0.778803301,White,Other,India,,,,
12836,113.9377803,5.021646046,0,6,1,luxury,10,branch,1,70,0.890835857,Asian,Female,France,,,,
12837,284.6607838,2.411524139,0,8,1,luxury,18,web,1,49,0.502316683,Black,Male,Brazil,,,,
12838,55.12740555,4.750354478,0,6,1,luxury,13,mobile,1,77,0.779782882,Asian,Male,Nigeria,,,,
12839,206.3534714,8.403281352,0,6,1,travel,17,branch,1,69,0.187089426,White,Male,India,,,,
12840,162.3251908,0.133181961,0,7,0,electronics,20,mobile,1,41,0.547643013,White,Other,France,,,,
12841,33.92368848,2.994834084,0,4,0,clothing,1,web,0,36,0.636199943,Asian,Female,China,,,,
12842,227.0919748,7.105572607,0,8,1,electronics,8,branch,1,29,0.490664168,Black,Male,India,,,,
12843,102.6367421,3.949881742,0,4,0,travel,9,mobile,0,69,0.116880216,Black,Other,Nigeria,,,,
12844,223.104596,5.270242184,0,7,0,clothing,12,web,1,18,0.734100232,Asian,Male,Brazil,,,,
12845,71.09069184,3.635344275,2,1,0,electronics,18,web,1,24,0.839078177,White,Male,France,,,,
12846,303.5349756,24.06376757,0,9,0,grocery,3,web,1,34,0.635226255,Black,Other,Brazil,,,,
12847,490.5411229,0.280849706,0,9,0,travel,15,web,1,51,0.169161002,Black,Other,China,,,,
12848,55.14800254,3.376976624,0,7,0,grocery,11,branch,0,60,0.07455244,Other,Male,China,,,,
12849,71.00224959,0.479342698,0,8,0,grocery,15,mobile,1,24,0.301603908,Asian,Female,France,,,,
12850,45.93660193,0.870490683,0,2,0,electronics,16,mobile,0,34,0.036990112,Black,Female,India,,,,
12851,140.5300024,2.414742066,0,7,1,clothing,15,web,1,76,0.83921901,Other,Other,UK,,,,
12852,220.6026579,0.845290088,0,1,0,luxury,6,mobile,0,20,0.70306044,Other,Male,France,,,,
12853,272.6424481,16.57792023,0,3,0,luxury,1,web,0,46,0.563688661,Other,Other,France,,,,
12854,203.3631818,14.66752367,0,6,0,travel,8,mobile,1,39,0.889632503,White,Male,Brazil,,,,
12855,266.8217071,2.048191365,0,5,0,grocery,11,mobile,1,55,0.1100935,Asian,Male,UK,,,,
12856,157.8502806,5.104753465,0,5,0,travel,12,mobile,0,71,0.71445975,Black,Male,China,,,,
12857,101.5945032,3.81520215,0,9,1,electronics,13,branch,1,60,0.146632207,Other,Other,UK,,,,
12858,72.71020808,8.452886829,1,6,0,grocery,11,web,1,46,0.060925427,White,Other,UK,,,,
12859,144.7365693,4.93686119,1,3,0,luxury,2,branch,1,67,0.132904507,White,Other,UK,,,,
12860,74.41541156,0.001262432,0,2,0,electronics,21,mobile,1,67,0.950940091,Asian,Other,Nigeria,,,,
12861,215.8033871,7.202156065,0,9,0,electronics,20,branch,0,71,0.440433385,Asian,Female,India,,,,
12862,75.5509444,6.868828296,0,4,0,travel,15,branch,0,59,0.048995696,White,Male,France,,,,
12863,111.2999239,3.563920705,0,5,0,travel,17,branch,0,22,0.583634648,White,Other,India,,,,
12864,347.3928746,11.66104661,0,9,0,clothing,2,mobile,1,47,0.199714066,Other,Male,China,,,,
12865,370.1591678,11.95414282,0,5,0,luxury,21,branch,1,40,0.00683641,Other,Female,India,,,,
12866,362.3397208,3.710759444,0,7,0,luxury,8,mobile,1,72,0.758385794,Black,Other,India,,,,
12867,159.9041894,4.682317086,0,2,0,travel,14,web,0,38,0.154863079,Other,Female,India,,,,
12868,105.1747166,28.30659272,0,2,0,luxury,7,mobile,0,73,0.942486472,Other,Other,Nigeria,,,,
12869,240.045225,1.774954919,0,4,0,luxury,9,mobile,1,43,0.592799869,Other,Male,Brazil,,,,
12870,77.03515597,1.962378502,0,8,1,electronics,20,mobile,1,71,0.086995823,Black,Female,Nigeria,,,,
12871,282.0667066,1.009197407,0,2,0,grocery,21,web,0,64,0.217824429,Black,Female,France,,,,
12872,97.16147851,11.31042883,0,7,0,grocery,2,web,0,38,0.610844637,Black,Other,UK,,,,
12873,139.977825,6.822437149,0,1,0,clothing,4,mobile,0,37,0.338112728,Black,Male,Brazil,,,,
12874,286.4498112,0.558250428,0,9,0,grocery,5,mobile,1,40,0.532143051,Other,Male,France,,,,
12875,24.78441694,20.02270701,0,6,0,luxury,13,web,1,21,0.799512047,Asian,Male,China,,,,
12876,100.8025102,6.564507803,0,1,0,electronics,18,web,0,38,0.792601508,Black,Male,UK,,,,
12877,219.1749446,9.503033937,0,6,0,grocery,17,mobile,1,38,0.697986804,Black,Other,Nigeria,,,,
12878,254.0544054,0.246743244,0,5,0,luxury,6,web,0,18,0.886054306,Black,Female,India,,,,
12879,225.4853566,3.515592839,0,5,0,luxury,3,mobile,1,32,0.199360692,Other,Other,France,,,,
12880,138.5801007,5.996556542,0,5,0,travel,2,mobile,1,34,0.177241489,White,Male,China,,,,
12881,306.6495066,3.914775061,0,4,0,travel,12,mobile,1,68,0.799349516,Other,Female,India,,,,
12882,70.46431727,5.492773437,0,7,0,grocery,3,web,0,31,0.320889346,Black,Female,India,,,,
12883,67.63453547,8.515284365,0,9,0,travel,8,web,0,76,0.512182413,Other,Male,India,,,,
12884,217.6216377,2.344717461,0,4,0,luxury,5,web,1,36,0.743952149,Asian,Other,Brazil,,,,
12885,63.16614428,9.441418224,0,2,0,luxury,10,mobile,0,67,0.395932359,Other,Other,UK,,,,
12886,501.6709248,0.889154901,1,2,1,travel,8,mobile,1,77,0.1301623,White,Male,India,,,,
12887,103.3185652,1.57962628,1,2,0,electronics,8,branch,0,51,0.679457202,White,Female,China,,,,
12888,302.7205658,0.221565511,0,7,1,travel,21,mobile,1,23,0.817159387,Black,Female,France,,,,
12889,53.01484937,2.26614014,0,4,0,electronics,20,mobile,0,62,0.012797284,White,Other,Brazil,,,,
12890,433.2069547,2.389449581,0,4,1,travel,18,branch,1,66,0.562552116,Black,Female,UK,,,,
12891,168.5000104,8.180721811,0,1,0,luxury,0,mobile,0,23,0.469405092,Other,Male,France,,,,
12892,100.9185457,5.294035707,0,4,0,luxury,3,mobile,0,70,0.259596007,Other,Female,Brazil,,,,
12893,130.9492961,2.869914902,0,6,0,travel,0,web,1,71,0.161028567,Black,Other,Brazil,,,,
12894,87.43570279,5.279401888,0,2,1,clothing,12,branch,0,22,0.188037311,Black,Other,China,,,,
12895,139.6711713,0.271137187,0,4,0,electronics,15,web,0,24,0.724973184,Other,Male,China,,,,
12896,56.21882779,0.993910675,0,7,0,clothing,11,branch,1,50,0.536195134,Asian,Other,UK,,,,
12897,103.7175894,4.930185354,0,9,1,luxury,0,mobile,1,30,0.981154381,White,Male,China,,,,
12898,298.7308058,5.127275967,0,2,0,electronics,14,branch,0,68,0.243230798,White,Female,India,,,,
12899,195.1980968,7.439081461,1,8,0,travel,21,web,1,71,0.956904177,White,Female,France,,,,
12900,69.1362956,2.57918881,0,6,0,electronics,4,mobile,1,18,0.515109559,White,Female,Nigeria,,,,
12901,143.5245015,6.410646538,0,8,0,electronics,22,web,1,30,0.146026378,Other,Male,India,,,,
12902,373.020055,5.759754143,1,2,0,grocery,0,branch,1,60,0.148179043,White,Other,Nigeria,,,,
12903,114.0894238,16.53763068,0,1,0,electronics,16,branch,0,44,0.60856799,Other,Male,France,,,,
12904,62.51588636,1.211187342,0,7,0,luxury,7,branch,0,24,0.831422747,Black,Female,China,,,,
12905,247.5232901,4.011235214,0,9,0,clothing,21,web,1,69,0.747711525,Other,Female,Nigeria,,,,
12906,14.12993913,4.603557974,0,9,0,clothing,7,mobile,1,20,0.655627343,Black,Female,Nigeria,,,,
12907,133.342216,33.03042599,0,2,0,travel,21,mobile,0,75,0.172108062,Black,Female,UK,,,,
12908,395.1258548,1.123124128,0,4,0,grocery,21,web,0,42,0.108340006,Asian,Female,UK,,,,
12909,140.3120191,3.703479788,1,1,0,clothing,14,web,0,50,0.000248024,Asian,Male,China,,,,
12910,319.35367,2.124656564,1,7,0,clothing,22,web,1,57,0.101793861,Asian,Female,UK,,,,
12911,61.69368157,3.73161089,0,2,0,electronics,11,mobile,0,34,0.766366607,Asian,Male,Nigeria,,,,
12912,136.0154448,1.320665053,0,4,1,luxury,15,branch,0,62,0.895248416,White,Male,China,,,,
12913,125.9594087,0.243915808,0,2,0,luxury,17,web,1,31,0.240350459,Asian,Female,Nigeria,,,,
12914,238.1441379,4.249770554,0,1,0,travel,2,web,0,54,0.79489424,White,Female,Brazil,,,,
12915,175.5788789,2.046268749,0,7,0,luxury,3,branch,1,75,0.198848766,White,Female,Brazil,,,,
12916,430.7289915,1.004106545,0,6,0,clothing,14,mobile,0,73,0.249271683,White,Male,UK,,,,
12917,108.8844496,1.957334455,0,2,1,electronics,13,web,0,71,0.224158094,Black,Other,Brazil,,,,
12918,173.9831964,0.252679493,0,4,1,luxury,0,web,0,40,0.051729909,Black,Male,India,,,,
12919,129.8019814,15.02308151,0,3,0,grocery,19,web,0,76,0.194061268,White,Female,Brazil,,,,
12920,164.5314643,4.351187202,0,3,0,grocery,16,branch,0,41,0.373543345,Asian,Male,Brazil,,,,
12921,153.3753781,8.430749319,0,3,0,grocery,16,branch,0,46,0.405469715,White,Other,India,,,,
12922,76.35372736,2.750589409,0,4,0,luxury,21,branch,1,55,0.309466414,Black,Other,India,,,,
12923,287.4796932,11.68146785,0,1,1,electronics,17,branch,0,76,0.514725286,Asian,Other,France,,,,
12924,94.51893129,3.301640548,0,1,0,luxury,0,mobile,0,71,0.377998232,Black,Male,Nigeria,,,,
12925,88.81918827,4.265937947,0,7,0,clothing,1,branch,0,44,0.970364646,Asian,Other,Nigeria,,,,
12926,36.19816312,3.384341813,0,5,0,luxury,22,web,1,55,0.807350454,Black,Other,China,,,,
12927,106.2876825,6.607747354,0,3,0,grocery,15,web,0,70,0.930977346,White,Male,UK,,,,
12928,93.45783413,4.181117941,0,9,0,grocery,13,web,0,57,0.557426946,Other,Female,China,,,,
12929,18.3314252,1.584517267,0,5,0,electronics,19,web,0,62,0.678339629,Other,Other,France,,,,
12930,139.1989481,0.7864252,0,3,0,travel,22,mobile,0,67,0.166676375,Black,Male,China,,,,
12931,417.9903939,4.658600637,0,9,0,grocery,22,mobile,0,40,0.752785757,Asian,Other,France,,,,
12932,43.77207344,3.35868963,0,1,1,grocery,19,mobile,1,48,0.235971111,Black,Male,France,,,,
12933,162.2458735,0.504495174,0,9,0,travel,17,mobile,1,53,0.145832928,Other,Female,France,,,,
12934,136.5867403,2.517739734,1,5,0,luxury,8,mobile,1,34,0.041859349,Asian,Male,Brazil,,,,
12935,261.3561427,3.615727543,0,6,0,grocery,13,mobile,0,78,0.47223025,Black,Male,France,,,,
12936,274.9732687,8.769233647,0,2,0,electronics,12,branch,0,54,0.28678926,Other,Other,China,,,,
12937,628.3658536,0.395762906,0,8,1,luxury,13,mobile,1,20,0.986727173,Black,Male,UK,,,,
12938,200.4972487,2.142353712,0,3,0,luxury,18,mobile,0,53,0.249834302,White,Female,Nigeria,,,,
12939,83.06640903,8.648323108,0,1,0,grocery,16,web,0,72,0.86654328,Asian,Male,France,,,,
12940,103.794604,5.226645904,0,7,0,luxury,7,web,0,22,0.316438769,Asian,Male,China,,,,
12941,112.9243218,1.712158045,0,3,0,luxury,3,mobile,0,63,0.749126852,White,Male,Nigeria,,,,
12942,96.7944299,9.332472901,0,4,0,electronics,8,branch,0,32,0.65984131,Other,Female,India,,,,
12943,487.3596703,3.399117487,0,5,0,luxury,23,branch,1,69,0.561783555,Black,Female,UK,,,,
12944,265.8587534,3.449281919,0,1,0,grocery,10,branch,0,66,0.416824943,Other,Male,India,,,,
12945,236.6741607,18.77239172,0,9,0,grocery,6,branch,1,23,0.671105013,Asian,Male,China,,,,
12946,64.19147326,14.6983198,0,7,0,travel,14,mobile,0,76,0.40727835,Other,Male,France,,,,
12947,273.0542389,2.219985223,0,2,0,clothing,17,branch,1,27,0.548100234,Asian,Other,Brazil,,,,
12948,354.0708704,0.75748261,0,1,0,travel,19,mobile,1,71,0.589801737,Asian,Female,China,,,,
12949,138.5536796,1.970154139,0,2,0,electronics,4,mobile,0,49,0.26735522,White,Male,Brazil,,,,
12950,102.7770871,0.154787691,0,3,0,electronics,15,mobile,1,40,0.339736477,White,Male,China,,,,
12951,437.8401732,0.104932862,0,3,0,grocery,20,mobile,0,65,0.018050064,Asian,Female,UK,,,,
12952,91.69011008,2.516951144,0,8,0,clothing,11,mobile,0,34,0.852158993,Black,Other,France,,,,
12953,83.56595302,14.15276935,0,5,0,travel,16,web,0,63,0.755983144,Black,Male,France,,,,
12954,71.64115524,10.25358403,0,9,0,clothing,14,mobile,1,37,0.183530453,White,Female,France,,,,
12955,156.2146386,3.581493953,0,3,0,grocery,20,mobile,0,61,0.36204845,Black,Other,France,,,,
12956,200.0606719,4.164648999,0,6,0,luxury,18,mobile,1,58,0.421069483,White,Female,China,,,,
12957,322.1157569,0.029755849,0,4,1,grocery,23,web,1,32,0.334378692,Asian,Female,UK,,,,
12958,244.3625975,1.213550901,0,8,0,grocery,6,web,0,61,0.798242807,Asian,Male,UK,,,,
12959,241.5839794,0.125430851,0,1,0,clothing,20,mobile,0,63,0.725420706,Asian,Female,UK,,,,
12960,390.8482372,7.02309687,0,4,0,electronics,11,branch,0,75,0.76715873,White,Male,China,,,,
12961,68.53973311,0.787047062,0,7,0,luxury,16,mobile,0,39,0.904130051,Black,Other,Brazil,,,,
12962,41.05242533,10.16458791,1,9,0,luxury,6,branch,1,67,0.595151256,Asian,Male,France,,,,
12963,252.8677522,5.154641759,0,1,0,electronics,10,branch,0,69,0.614534329,Other,Female,China,,,,
12964,150.6024687,1.303050417,0,8,0,clothing,0,mobile,1,23,0.72193412,Black,Female,India,,,,
12965,322.9102313,0.858215775,0,2,0,clothing,16,branch,0,21,0.681232595,Black,Female,Nigeria,,,,
12966,161.7148473,4.939265324,0,4,0,electronics,21,web,1,75,0.869813018,White,Male,UK,,,,
12967,99.81936274,11.5549506,0,4,1,travel,6,mobile,0,40,0.770198206,White,Other,UK,,,,
12968,255.4618929,6.335631983,1,8,0,clothing,1,web,1,61,0.120458616,Black,Other,China,,,,
12969,177.3814123,2.142747457,0,2,1,electronics,10,web,1,62,0.928358615,Black,Female,Brazil,,,,
12970,161.8223976,4.426184599,1,7,1,travel,15,mobile,1,36,0.68309929,Asian,Male,Brazil,,,,
12971,704.2338798,1.860840987,0,3,0,grocery,14,mobile,0,71,0.127145926,Asian,Female,Nigeria,,,,
12972,371.0671868,35.34882333,1,9,1,luxury,7,mobile,1,62,0.771973736,Other,Male,Brazil,,,,
12973,278.4826396,6.908309308,0,5,0,electronics,14,web,1,48,0.35841253,Asian,Other,China,,,,
12974,181.5205199,4.764535513,0,8,1,clothing,6,mobile,1,61,0.805977912,Black,Male,UK,,,,
12975,170.072627,2.751811171,0,5,0,luxury,4,web,0,69,0.955405943,White,Male,France,,,,
12976,130.4681373,4.813667077,0,1,0,travel,7,branch,0,20,0.255242036,Other,Female,France,,,,
12977,195.3603393,2.089835131,1,9,0,luxury,1,mobile,1,45,0.857411046,Black,Male,Brazil,,,,
12978,111.2239241,0.146448116,0,7,0,electronics,5,web,1,20,0.77356137,Other,Other,Nigeria,,,,
12979,55.47139254,2.513365748,1,4,0,grocery,3,mobile,0,31,0.6711849,Other,Other,France,,,,
12980,160.3097447,13.33076294,0,7,0,travel,6,web,1,35,0.384920545,Other,Other,UK,,,,
12981,207.1201458,4.92152436,0,5,1,travel,5,web,1,44,0.109862095,Asian,Female,France,,,,
12982,323.4262244,0.438452782,2,9,0,travel,21,branch,1,68,0.483896828,Asian,Male,Nigeria,,,,
12983,83.99485691,10.81383808,0,2,0,luxury,4,mobile,1,78,0.10566663,White,Male,Brazil,,,,
12984,171.0957575,1.565853146,0,4,0,grocery,4,web,0,77,0.500147227,Black,Female,India,,,,
12985,243.0276571,1.39704523,0,6,0,electronics,17,mobile,0,79,0.820293271,Other,Other,China,,,,
12986,239.2185659,1.762638982,1,5,0,electronics,10,web,1,27,0.997638134,Asian,Other,France,,,,
12987,471.4295354,4.304306569,0,1,0,luxury,22,branch,0,66,0.198008711,White,Female,UK,,,,
12988,132.5039696,3.93386293,0,9,0,electronics,22,web,0,32,0.207858042,Asian,Female,Nigeria,,,,
12989,77.82603737,3.380602352,0,9,0,electronics,7,web,0,36,0.810883332,White,Other,France,,,,
12990,179.6159079,6.321036136,0,3,0,grocery,19,mobile,1,26,0.469058632,Black,Other,India,,,,
12991,138.0275247,1.902919137,0,4,0,luxury,10,branch,1,21,0.915804596,Other,Male,Brazil,,,,
12992,119.4632739,7.617781153,1,4,1,luxury,18,web,1,32,0.768996238,White,Other,France,,,,
12993,106.7233209,0.963809409,0,8,1,travel,18,mobile,1,68,0.736427765,Other,Other,Nigeria,,,,
12994,207.7212193,7.630559674,0,6,0,electronics,1,web,0,65,0.101953709,Black,Male,France,,,,
12995,94.67529208,5.450395579,0,2,0,clothing,9,mobile,0,25,0.035875565,Black,Female,Brazil,,,,
12996,278.3148116,5.747554245,0,4,0,grocery,6,branch,0,66,0.31676282,Asian,Male,Nigeria,,,,
12997,269.3350478,3.284591202,0,1,0,grocery,11,branch,0,70,0.217298361,Black,Male,China,,,,
12998,221.3500166,5.498086958,0,3,1,clothing,1,mobile,0,18,0.712308886,Other,Other,India,,,,
12999,68.42824113,0.415805159,0,4,0,travel,6,branch,0,24,0.450733724,Asian,Female,UK,,,,
13000,201.003593,9.537573013,0,8,0,clothing,18,mobile,0,70,0.523146375,Other,Other,China,,,,
13001,338.015914,0.285748011,0,3,0,clothing,0,mobile,0,48,0.813741483,Asian,Female,Brazil,,,,
13002,292.1290149,0.805197239,0,5,1,travel,10,branch,1,35,0.478504682,Other,Male,France,,,,
13003,264.6763945,4.299430402,0,1,0,clothing,7,branch,0,29,0.544926321,Black,Female,India,,,,
13004,169.1813157,6.724062866,0,4,0,travel,7,mobile,0,65,0.842320266,White,Other,Nigeria,,,,
13005,163.5577548,0.396577501,0,2,0,electronics,13,mobile,1,47,0.431335809,Black,Female,China,,,,
13006,375.0866158,12.67667406,0,4,0,travel,12,branch,1,50,0.083126708,Other,Female,Nigeria,,,,
13007,205.3548593,18.17340519,0,5,0,luxury,9,branch,0,76,0.52170521,Black,Female,Nigeria,,,,
13008,207.2121284,4.656389566,0,3,0,luxury,16,mobile,0,64,0.579361684,White,Other,France,,,,
13009,835.4084975,3.281602957,0,6,0,clothing,5,mobile,1,24,0.511796804,Other,Male,China,,,,
13010,130.2438802,6.762266854,0,2,1,luxury,19,mobile,1,45,0.258049517,Other,Male,Brazil,,,,
13011,16.25295618,1.990144271,0,5,1,travel,20,branch,1,66,0.223690068,Asian,Female,China,,,,
13012,145.6385248,3.398829889,0,4,0,electronics,13,web,0,20,0.369756372,Asian,Female,India,,,,
13013,152.30036,12.39369018,1,5,1,travel,23,mobile,1,60,0.166228739,Black,Female,Nigeria,,,,
13014,203.1644255,15.57882453,0,9,1,grocery,7,web,0,23,0.666023679,White,Male,UK,,,,
13015,237.6417395,13.09121541,1,6,0,clothing,6,branch,1,48,0.614674901,White,Other,Brazil,,,,
13016,20.42038928,1.522093878,0,7,0,electronics,4,web,0,55,0.632395616,White,Female,India,,,,
13017,241.0656154,1.322882309,0,8,1,clothing,5,web,1,32,0.224797493,White,Female,India,,,,
13018,159.3662221,1.766720387,0,9,0,grocery,7,mobile,0,24,0.246529014,Other,Female,Nigeria,,,,
13019,134.9953641,2.910812562,0,5,0,luxury,20,web,0,60,0.787390259,Black,Male,UK,,,,
13020,33.87287763,1.885608615,0,8,0,grocery,2,branch,1,47,0.690111773,Other,Male,Nigeria,,,,
13021,427.1795371,2.343724475,0,2,0,luxury,8,mobile,0,44,0.875179849,Black,Other,Brazil,,,,
13022,118.1703643,4.846308112,1,9,0,clothing,9,web,1,34,0.403505718,Asian,Female,France,,,,
13023,267.1200554,7.188478877,0,2,0,clothing,0,web,0,72,0.547327832,White,Female,Brazil,,,,
13024,82.9310866,6.650670416,0,5,0,clothing,6,web,0,35,0.738777706,Black,Male,UK,,,,
13025,209.5768161,8.421442222,0,6,0,travel,19,web,1,39,0.974154969,Other,Male,France,,,,
13026,136.684381,0.163568545,0,4,0,electronics,5,mobile,0,78,0.989631813,Other,Female,China,,,,
13027,261.529155,0.244553253,0,8,0,travel,12,mobile,0,73,0.999175412,Other,Female,China,,,,
13028,133.1239099,7.788568871,0,3,1,grocery,6,mobile,0,78,0.890526483,Other,Female,India,,,,
13029,79.59442533,3.8079741,0,5,1,electronics,7,branch,0,70,0.639650819,Black,Male,Nigeria,,,,
13030,164.853116,4.315416853,0,2,0,clothing,20,branch,0,43,0.006970951,White,Female,China,,,,
13031,158.7089372,0.270100096,0,3,0,clothing,4,mobile,0,68,0.699543763,Other,Other,Brazil,,,,
13032,199.7908214,1.473961795,1,8,1,clothing,11,mobile,1,44,0.238599516,White,Male,Nigeria,,,,
13033,316.5796715,5.085451446,0,5,0,luxury,5,branch,0,57,0.057167147,Asian,Other,Brazil,,,,
13034,64.49842321,9.801431111,0,3,0,grocery,22,web,0,41,0.697184429,White,Other,Nigeria,,,,
13035,305.8647482,12.44357329,2,5,1,travel,14,mobile,1,69,0.756010927,Asian,Male,China,,,,
13036,55.63443037,3.469932622,0,9,0,grocery,20,mobile,0,25,0.65943312,Asian,Female,France,,,,
13037,254.6604936,3.942503367,0,3,0,luxury,20,web,1,38,0.365169784,White,Other,Nigeria,,,,
13038,260.1600082,8.950293514,0,7,1,luxury,3,branch,1,46,0.511004124,White,Female,UK,,,,
13039,113.2053601,3.856890827,0,8,1,grocery,16,branch,1,60,0.934947627,Black,Other,UK,,,,
13040,86.64807718,3.637228802,0,5,0,luxury,13,mobile,1,38,0.729610966,Other,Male,China,,,,
13041,82.73437328,11.77381693,0,3,1,electronics,6,web,1,20,0.504684233,White,Female,Nigeria,,,,
13042,176.6310765,7.801637118,0,6,0,clothing,22,branch,1,48,0.593449152,White,Other,China,,,,
13043,271.7681945,11.98846542,0,3,0,travel,12,web,0,72,0.927683598,Asian,Other,India,,,,
13044,149.04057,1.231082576,0,9,1,luxury,21,web,1,44,0.393782522,White,Male,UK,,,,
13045,13.96515377,3.715632868,0,2,0,travel,9,mobile,1,63,0.101843715,Other,Other,Brazil,,,,
13046,107.2314621,9.240764375,0,3,0,clothing,17,web,1,44,0.325826242,Black,Male,China,,,,
13047,104.1465728,0.589121712,0,7,0,grocery,1,web,1,26,0.415200215,Other,Other,Nigeria,,,,
13048,236.527473,7.915493143,0,8,0,clothing,21,web,1,74,0.27296387,Other,Female,Nigeria,,,,
13049,245.0510597,1.010418031,0,5,0,travel,11,web,1,50,0.528972405,Black,Male,UK,,,,
13050,186.6348561,8.254393069,0,5,1,electronics,12,web,0,50,0.304857875,White,Other,India,,,,
13051,306.246931,4.733761779,0,5,0,grocery,20,mobile,0,43,0.103179585,White,Other,Brazil,,,,
13052,321.6166157,1.07362042,0,4,0,luxury,6,branch,0,45,0.188068514,Asian,Female,UK,,,,
13053,112.4787723,3.206135117,1,9,0,electronics,17,branch,1,61,0.918156083,White,Other,UK,,,,
13054,81.14732618,5.72702861,0,6,0,clothing,21,web,1,60,0.629595629,Asian,Male,China,,,,
13055,157.0623341,5.023600581,0,8,0,travel,10,mobile,1,48,0.314308713,White,Other,France,,,,
13056,186.3646992,2.786505312,1,8,0,travel,21,mobile,1,70,0.366917913,Asian,Other,China,,,,
13057,107.938782,11.48135181,0,5,0,travel,9,web,0,18,0.493383171,Black,Female,UK,,,,
13058,963.0237033,3.662178991,0,9,0,clothing,21,web,1,37,0.673130034,White,Female,Brazil,,,,
13059,411.1390943,3.524755857,0,2,1,grocery,5,branch,0,29,0.58217989,White,Other,France,,,,
13060,99.85097753,0.321362596,0,8,0,luxury,13,branch,0,34,0.932698125,Other,Female,India,,,,
13061,67.00822291,12.76295552,0,3,0,electronics,19,branch,0,32,0.625748827,Asian,Other,India,,,,
13062,93.26925338,0.974703635,0,7,0,clothing,4,web,0,51,0.91079198,Asian,Other,UK,,,,
13063,325.436157,3.757534214,0,9,0,travel,19,branch,0,67,0.005430159,Other,Male,Brazil,,,,
13064,330.6991963,8.137184672,0,5,0,luxury,5,mobile,0,33,0.890559472,White,Other,India,,,,
13065,414.3999163,1.213245754,0,8,0,travel,8,mobile,1,21,0.721458588,Asian,Male,Brazil,,,,
13066,79.06604952,3.747246993,1,4,0,clothing,4,web,1,25,0.172193454,White,Male,China,,,,
13067,235.876692,1.376692242,0,1,0,travel,4,web,0,51,0.263038019,Black,Other,China,,,,
13068,85.56693416,7.1292316,0,1,0,clothing,18,branch,0,63,0.542809999,Asian,Female,Brazil,,,,
13069,472.7687212,4.154479185,0,6,0,travel,12,mobile,1,42,0.124938155,White,Other,France,,,,
13070,81.47022428,9.688871787,0,8,0,clothing,22,branch,0,32,0.785368269,Black,Other,UK,,,,
13071,53.61258951,11.24797134,0,2,1,travel,4,mobile,1,45,0.791173866,White,Female,Brazil,,,,
13072,63.57074558,5.231050172,0,4,1,luxury,13,branch,0,26,0.300948989,White,Female,Brazil,,,,
13073,165.3989353,6.462039538,0,3,0,luxury,1,web,0,19,0.069817005,Black,Male,China,,,,
13074,269.1513771,3.983880425,0,9,0,travel,4,mobile,1,34,0.988847459,Asian,Other,Brazil,,,,
13075,257.3992836,2.426022765,0,3,0,travel,22,mobile,0,75,0.250728879,Other,Female,UK,,,,
13076,66.10345609,5.22229584,0,8,0,clothing,22,mobile,0,27,0.067558651,Other,Female,France,,,,
13077,122.9730473,11.94554423,0,7,0,clothing,11,branch,1,26,0.329964959,Black,Male,China,,,,
13078,110.431622,2.695100052,0,1,0,clothing,23,branch,0,48,0.969003262,White,Other,Brazil,,,,
13079,57.69985217,1.88737768,0,8,0,grocery,19,branch,1,19,0.792927613,Other,Female,Nigeria,,,,
13080,108.3140645,2.458686017,0,9,0,travel,6,mobile,1,41,0.48033308,Black,Male,China,,,,
13081,402.9820603,2.858167829,0,8,0,travel,2,web,1,79,0.305330422,Other,Male,France,,,,
13082,50.48532411,0.382035529,0,1,0,travel,8,branch,1,36,0.423306099,White,Male,UK,,,,
13083,195.4745654,3.450178535,0,7,0,travel,14,mobile,1,34,0.017365608,Black,Male,India,,,,
13084,409.0210568,3.409199231,1,9,0,clothing,14,branch,1,60,0.718370481,Asian,Other,Brazil,,,,
13085,395.4637003,4.439048809,0,5,0,clothing,7,mobile,0,66,0.099644272,Black,Other,Nigeria,,,,
13086,486.9323688,2.253515683,0,2,0,grocery,15,mobile,0,27,0.519037577,Black,Female,India,,,,
13087,209.2607561,4.748043252,0,8,0,clothing,1,branch,0,67,0.565845053,Other,Female,China,,,,
13088,231.3539308,10.52754421,0,9,0,travel,19,mobile,1,72,0.001689774,Other,Female,India,,,,
13089,109.9708711,15.55807202,0,7,0,travel,0,branch,0,45,0.979878626,Asian,Female,Brazil,,,,
13090,49.40756622,4.380691401,0,5,0,electronics,23,mobile,0,55,0.302139038,Other,Female,Brazil,,,,
13091,148.8476893,0.217622768,0,8,0,clothing,3,web,1,65,0.077224251,Other,Male,India,,,,
13092,352.0934394,17.40705007,0,6,0,electronics,3,web,1,45,0.854388558,Other,Other,Nigeria,,,,
13093,13.6452119,6.118532205,0,4,1,travel,22,web,0,76,0.151952604,White,Male,France,,,,
13094,114.0786102,2.047091924,0,1,1,clothing,5,web,1,67,0.024955136,Black,Other,Brazil,,,,
13095,247.1208822,0.795903133,0,6,0,travel,2,branch,0,69,0.49469068,Other,Male,Brazil,,,,
13096,167.0733668,0.77402971,0,8,0,electronics,7,mobile,0,67,0.129916986,White,Male,UK,,,,
13097,381.2254229,0.918078406,0,3,0,electronics,1,mobile,1,18,0.982423066,Black,Female,Brazil,,,,
13098,328.4417896,0.233218087,0,7,1,luxury,16,web,1,77,0.010410987,Asian,Other,UK,,,,
13099,43.3848575,11.62181196,0,7,0,luxury,11,web,1,20,0.051197344,Black,Other,India,,,,
13100,177.5906438,3.891001285,0,9,1,clothing,11,mobile,1,32,0.833283966,White,Other,Nigeria,,,,
13101,89.22687752,6.019187613,0,1,0,clothing,14,mobile,1,69,0.239751696,White,Female,UK,,,,
13102,88.24320644,8.804459345,0,5,0,clothing,17,mobile,0,27,0.911596753,Asian,Female,UK,,,,
13103,46.92216541,7.840064651,0,8,0,clothing,8,web,0,38,0.311137053,White,Female,France,,,,
13104,199.6401642,10.71108138,0,3,1,clothing,20,mobile,1,54,0.069782651,Asian,Female,India,,,,
13105,386.4356579,17.09496736,0,5,0,clothing,4,web,1,32,0.010591799,Asian,Male,UK,,,,
13106,212.5248454,2.890801272,0,1,0,clothing,21,web,0,40,0.282567277,White,Other,UK,,,,
13107,43.95428329,15.01232108,1,9,0,electronics,2,web,1,31,0.473730575,White,Female,India,,,,
13108,160.1031799,6.42392533,0,4,1,electronics,16,mobile,0,32,0.001016111,Other,Female,Brazil,,,,
13109,240.4173181,0.366447176,1,5,0,electronics,23,web,1,27,0.581107203,Other,Female,Nigeria,,,,
13110,151.2447582,5.725110599,0,3,1,travel,22,branch,0,73,0.333661559,Asian,Female,China,,,,
13111,209.8328787,5.803236285,0,2,0,grocery,11,mobile,0,26,0.390153529,White,Other,China,,,,
13112,95.5398966,11.81489116,1,7,0,travel,13,mobile,1,61,0.261410948,Other,Male,India,,,,
13113,138.0508978,2.333502513,0,5,0,clothing,7,mobile,0,56,0.529045205,Other,Male,China,,,,
13114,131.4694876,4.396317646,0,3,1,grocery,8,mobile,0,22,0.230122622,Other,Female,France,,,,
13115,433.3626433,0.061312141,1,2,0,electronics,1,web,1,42,0.134822086,Other,Male,China,,,,
13116,67.4332489,2.017898749,0,6,0,electronics,20,branch,1,73,0.890647082,Asian,Female,France,,,,
13117,16.37373779,0.321325999,0,6,0,luxury,1,web,0,59,0.390554983,Black,Female,Nigeria,,,,
13118,415.4801726,3.689394172,0,3,0,clothing,23,branch,0,74,0.07693035,White,Other,France,,,,
13119,182.0711921,8.503591503,1,9,0,clothing,15,mobile,1,43,0.230322755,White,Male,India,,,,
13120,54.91505965,1.1561476,0,1,0,luxury,19,web,0,25,0.309942948,Other,Male,Brazil,,,,
13121,309.4211506,3.747963843,0,3,0,travel,10,web,1,39,0.769646309,Asian,Female,China,,,,
13122,250.7394016,1.140834715,0,1,0,luxury,19,web,0,69,0.022255495,Black,Other,France,,,,
13123,479.5991663,0.643080138,0,7,0,clothing,9,branch,1,42,0.478249488,Black,Female,India,,,,
13124,192.78777,3.576931145,0,2,0,electronics,7,branch,1,65,0.407692485,White,Other,France,,,,
13125,705.4957852,0.412283124,0,4,1,luxury,6,mobile,1,29,0.968400402,Asian,Male,UK,,,,
13126,152.2807379,4.42583363,0,4,0,grocery,0,web,0,26,0.180075012,Asian,Other,UK,,,,
13127,251.0665746,0.159194922,0,8,0,electronics,22,mobile,0,27,0.627870746,White,Male,Brazil,,,,
13128,276.4124792,0.564247843,0,4,1,travel,9,branch,1,65,0.202196885,Black,Male,China,,,,
13129,117.7269607,3.992510542,0,3,0,electronics,18,mobile,1,27,0.548422054,Asian,Male,UK,,,,
13130,114.7165469,4.475183695,1,3,0,travel,4,web,1,26,0.555063233,Other,Female,UK,,,,
13131,280.304844,0.147076753,0,5,0,electronics,23,web,1,79,0.07534673,Asian,Female,France,,,,
13132,50.35075456,4.259270314,0,6,1,clothing,21,branch,0,43,0.456451294,White,Other,France,,,,
13133,88.71193418,9.116328866,0,7,0,travel,7,branch,1,52,0.461156108,White,Female,Nigeria,,,,
13134,149.0548239,6.406360705,1,5,0,travel,20,mobile,0,44,0.319136674,Other,Female,Brazil,,,,
13135,469.8775264,0.703125922,0,7,0,luxury,8,web,1,77,0.277158554,Black,Other,UK,,,,
13136,280.4360882,4.488260668,0,4,0,electronics,12,mobile,1,48,0.224297974,Black,Male,Nigeria,,,,
13137,176.7537767,5.577558922,0,5,0,travel,13,branch,1,36,0.005941072,Other,Other,France,,,,
13138,108.9438192,0.189709905,0,6,0,travel,5,branch,1,60,0.001816284,Asian,Female,China,,,,
13139,593.7609435,9.667110654,0,9,0,electronics,10,mobile,1,55,0.589787211,White,Male,Nigeria,,,,
13140,159.3020281,11.83654601,0,6,0,electronics,8,web,0,23,0.291463911,Other,Other,UK,,,,
13141,88.63704477,9.500698477,1,1,0,grocery,12,branch,1,32,0.167888656,White,Male,Nigeria,,,,
13142,667.3474493,8.704328111,1,7,1,luxury,3,mobile,1,46,0.684735206,White,Female,India,,,,
13143,52.69495138,6.831776333,0,3,0,travel,1,web,0,64,0.528904569,Other,Female,Brazil,,,,
13144,394.3922303,5.017856607,0,6,0,electronics,23,mobile,0,62,0.914958277,Black,Other,UK,,,,
13145,168.5467962,5.675764261,0,2,0,travel,20,branch,0,71,0.831016937,Black,Male,India,,,,
13146,279.9711431,8.209683966,0,7,0,grocery,1,web,1,22,0.726729191,Other,Female,China,,,,
13147,246.2898892,5.430926004,0,1,0,grocery,21,branch,1,31,0.126581957,Other,Male,Nigeria,,,,
13148,277.1952925,1.985453533,0,2,1,travel,12,branch,0,70,0.666088739,Asian,Other,China,,,,
13149,706.2569239,2.357712881,0,9,0,luxury,18,branch,1,19,0.693926443,Other,Other,UK,,,,
13150,637.8469675,11.36792196,0,9,0,clothing,0,branch,1,79,0.76333259,White,Other,Nigeria,,,,
13151,92.80230604,0.086351818,0,7,0,travel,5,branch,1,40,0.263132724,Black,Female,Brazil,,,,
13152,239.7595482,6.000245581,1,2,0,grocery,7,mobile,1,61,0.640297504,White,Female,China,,,,
13153,29.75137957,15.48080844,0,5,0,luxury,16,branch,1,69,0.618278458,Black,Female,China,,,,
13154,298.0535504,6.124759506,0,4,0,electronics,2,branch,0,63,0.38531005,White,Female,Brazil,,,,
13155,346.7081675,25.50716863,0,2,1,luxury,5,branch,1,36,0.66350698,Other,Other,France,,,,
13156,16.68941103,5.816472589,0,2,0,luxury,18,web,1,41,0.086695561,Other,Female,India,,,,
13157,163.8381318,0.17483661,0,8,0,travel,6,branch,1,37,0.643505021,Asian,Female,Brazil,,,,
13158,279.6179245,8.772604027,0,5,0,luxury,14,web,1,64,0.606015584,Black,Female,India,,,,
13159,216.2367424,1.674776323,0,8,0,electronics,5,mobile,1,44,0.210624407,Other,Other,Nigeria,,,,
13160,53.77662252,2.953469465,0,2,0,travel,21,branch,0,69,0.81821362,Black,Other,India,,,,
13161,59.75830232,1.870500243,0,2,0,grocery,22,mobile,0,41,0.874414,Other,Female,China,,,,
13162,149.4167103,1.563660137,0,3,0,electronics,17,mobile,1,34,0.210483947,Asian,Male,UK,,,,
13163,117.713613,2.822940554,0,8,0,travel,9,branch,0,42,0.075961084,Other,Male,France,,,,
13164,127.0250359,2.380120165,0,8,1,travel,3,mobile,1,63,0.603575464,Other,Female,India,,,,
13165,46.56515957,5.016582115,0,3,0,clothing,4,branch,0,72,0.479917527,Asian,Female,India,,,,
13166,170.7528009,8.387277753,1,1,0,electronics,17,mobile,0,48,0.427594229,White,Female,Brazil,,,,
13167,472.2664171,1.76262251,0,7,0,luxury,9,web,1,45,0.76100833,Black,Other,UK,,,,
13168,56.096218,1.20221891,0,4,0,electronics,9,web,1,67,0.96966264,White,Male,Brazil,,,,
13169,139.8855409,5.496491683,0,3,0,electronics,9,web,1,76,0.477663719,White,Other,India,,,,
13170,258.3898712,5.548164958,0,5,0,clothing,6,branch,1,45,0.006155079,White,Male,Nigeria,,,,
13171,35.71352445,11.56980979,0,6,0,luxury,19,mobile,1,39,0.596267135,Black,Other,Brazil,,,,
13172,172.053878,0.080370934,0,1,0,clothing,13,web,0,73,0.653965872,Asian,Other,Brazil,,,,
13173,339.6206446,9.587996718,1,9,0,clothing,7,branch,1,76,0.828018306,Other,Female,UK,,,,
13174,68.48809247,3.68029609,0,6,0,clothing,8,web,0,22,0.199406981,Other,Female,China,,,,
13175,184.837507,4.855082304,0,3,0,electronics,23,web,0,71,0.524327634,White,Female,Brazil,,,,
13176,323.1160823,0.479094469,0,1,0,clothing,4,branch,1,61,0.4471315,Black,Other,Brazil,,,,
13177,682.9586335,2.833585375,0,9,0,grocery,20,web,1,59,0.664440461,White,Female,France,,,,
13178,177.8177995,1.289337597,0,2,1,luxury,7,branch,0,25,0.063943064,Asian,Other,India,,,,
13179,90.47428436,1.466656866,0,6,1,luxury,19,web,0,78,0.884012932,Other,Other,UK,,,,
13180,91.1470012,3.506855671,0,6,1,clothing,4,branch,1,55,0.511157404,Other,Female,Brazil,,,,
13181,43.81322927,8.36870765,0,3,0,electronics,19,web,0,45,0.877045445,Other,Female,China,,,,
13182,497.6611639,6.808612294,0,6,0,travel,17,mobile,1,74,0.340237132,Other,Other,China,,,,
13183,309.8257885,4.470200115,0,2,0,travel,3,mobile,0,64,0.653522215,Asian,Male,India,,,,
13184,59.74390681,3.876323952,0,8,0,electronics,10,branch,1,29,0.956725149,Black,Male,UK,,,,
13185,85.97382733,2.787019059,0,1,1,clothing,20,branch,0,74,0.943379191,Black,Other,China,,,,
13186,175.6101249,18.00616988,0,6,1,clothing,21,mobile,1,42,0.944102755,Asian,Female,Brazil,,,,
13187,337.8826992,4.107091356,0,1,0,grocery,19,branch,0,55,0.042946841,Other,Female,Nigeria,,,,
13188,240.1857711,1.464923187,0,9,0,travel,10,web,1,61,0.403016001,Black,Female,China,,,,
13189,223.8604512,1.307413414,0,9,0,travel,13,web,0,32,0.060781257,Asian,Other,France,,,,
13190,194.0789327,4.725419408,0,6,0,luxury,12,web,1,61,0.309477013,White,Female,UK,,,,
13191,62.92999841,3.699386377,0,6,0,clothing,3,web,0,58,0.174578095,Asian,Male,Nigeria,,,,
13192,177.3550532,0.03863792,0,9,0,electronics,15,web,0,68,0.620137424,Other,Male,UK,,,,
13193,161.5691938,8.861707291,0,5,0,clothing,5,web,0,70,0.780746151,Other,Female,UK,,,,
13194,43.16581224,6.089046345,0,9,0,clothing,22,web,0,51,0.513346965,Other,Other,France,,,,
13195,489.4778471,5.421022254,0,5,0,grocery,12,branch,0,77,0.795473073,White,Male,Nigeria,,,,
13196,101.5629255,0.356302154,0,4,0,electronics,22,mobile,1,62,0.012813297,Black,Female,Brazil,,,,
13197,44.41780157,2.247522695,0,2,1,grocery,19,web,0,30,0.820476365,Other,Female,India,,,,
13198,116.4622614,13.69633152,0,2,0,grocery,4,web,0,25,0.178360225,White,Male,Nigeria,,,,
13199,135.5712306,9.923903003,1,1,0,grocery,18,branch,1,76,0.460935901,Asian,Other,China,,,,
13200,157.8376851,1.681161892,0,3,0,grocery,20,branch,1,30,0.442585616,Black,Other,UK,,,,
13201,133.7671219,0.85429087,0,1,0,clothing,9,mobile,0,53,0.873155529,Black,Male,China,,,,
13202,164.8311518,2.980900572,1,6,1,luxury,4,mobile,1,23,0.965979147,Asian,Other,Nigeria,,,,
13203,186.7352697,2.198966002,0,7,0,clothing,13,branch,0,55,0.255120967,Black,Female,India,,,,
13204,179.6177917,5.732080131,0,9,0,grocery,3,web,0,49,0.067413173,Asian,Other,China,,,,
13205,222.6678818,16.97132882,0,7,0,grocery,5,web,1,38,0.650521782,White,Male,Nigeria,,,,
13206,232.3500255,2.254939498,0,4,1,luxury,4,web,1,61,0.502840587,Other,Male,India,,,,
13207,236.5513738,0.321221743,0,4,0,travel,23,web,0,61,0.565705142,White,Male,France,,,,
13208,279.595605,11.39502688,0,8,0,electronics,1,web,0,66,0.046270213,Other,Female,UK,,,,
13209,92.31076868,0.193442871,0,4,0,grocery,5,branch,0,76,0.775309822,Black,Female,Brazil,,,,
13210,95.24162702,15.26319565,0,1,0,grocery,1,mobile,0,24,0.232353415,Asian,Female,Nigeria,,,,
13211,338.940941,5.461850479,0,9,0,clothing,11,mobile,1,43,0.334936781,Asian,Male,France,,,,
13212,119.4038437,14.20984049,0,3,0,grocery,21,branch,0,32,0.228353713,White,Other,China,,,,
13213,151.1308325,1.11359125,0,1,0,grocery,3,web,0,73,0.945944561,White,Female,Nigeria,,,,
13214,140.8394255,0.207756069,0,9,0,electronics,12,branch,1,66,0.168721817,Black,Male,France,,,,
13215,666.9370151,3.349204259,0,5,0,clothing,16,mobile,1,59,0.732319004,Asian,Male,India,,,,
13216,79.07878123,2.994855623,0,9,0,travel,5,mobile,1,40,0.245747294,Other,Female,France,,,,
13217,77.7463386,2.013536621,0,3,0,grocery,2,mobile,0,69,0.424919619,Black,Other,China,,,,
13218,165.2676581,15.80969874,0,6,0,grocery,12,mobile,1,55,0.996061877,Black,Female,China,,,,
13219,144.0059526,8.646282559,1,7,0,travel,22,branch,1,58,0.100576744,Black,Other,India,,,,
13220,59.19656088,5.417367622,0,5,0,luxury,2,web,1,32,0.881359231,Asian,Male,France,,,,
13221,155.0747346,0.888809589,0,8,0,travel,19,web,1,65,0.946049896,White,Male,Nigeria,,,,
13222,168.7440938,6.627377651,0,6,1,travel,8,branch,0,70,0.698227295,Asian,Male,Brazil,,,,
13223,109.7425086,6.491645532,1,6,0,clothing,22,web,1,57,0.00996219,Other,Other,UK,,,,
13224,147.9688319,2.76751904,0,7,0,travel,3,web,1,33,0.820798584,Asian,Female,China,,,,
13225,86.03555549,12.93708347,0,8,0,clothing,1,web,0,49,0.882271928,Other,Female,Brazil,,,,
13226,59.3336836,0.913475426,0,2,0,travel,4,web,1,54,0.980934157,Other,Other,France,,,,
13227,118.6645838,1.555351024,0,7,0,grocery,7,mobile,0,35,0.839315748,Other,Female,India,,,,
13228,68.37509383,0.326557242,0,9,0,grocery,1,web,0,37,0.445586967,Asian,Other,China,,,,
13229,48.77737565,7.934737595,0,1,0,luxury,4,branch,0,63,0.688649677,Other,Female,China,,,,
13230,23.64521712,4.861123706,1,1,1,travel,5,mobile,1,19,0.485128512,Other,Female,Nigeria,,,,
13231,196.5191842,1.891246498,0,7,0,electronics,6,mobile,0,72,0.35301835,Black,Other,UK,,,,
13232,115.4319368,0.894519001,0,5,0,travel,12,branch,1,40,0.626426493,Black,Female,UK,,,,
13233,340.3000408,0.204879667,0,1,1,electronics,8,web,1,47,0.76983244,Asian,Male,Nigeria,,,,
13234,123.429929,0.912081218,0,1,1,travel,6,mobile,1,20,0.635900787,Black,Male,France,,,,
13235,195.8211106,3.019134946,0,2,0,clothing,3,branch,0,63,0.826578368,Black,Other,UK,,,,
13236,97.35780128,1.419625487,0,9,0,grocery,4,branch,1,78,0.176374975,White,Female,Nigeria,,,,
13237,161.3924379,1.49865301,0,3,0,electronics,2,web,0,56,0.373694552,Asian,Other,France,,,,
13238,23.87228622,10.42031569,0,9,0,electronics,16,web,1,64,0.312585813,Asian,Other,Nigeria,,,,
13239,117.2264673,3.619451456,0,6,0,travel,18,branch,0,66,0.19412714,Black,Female,UK,,,,
13240,79.53439997,6.532833404,0,6,1,grocery,12,web,1,18,0.443174327,Asian,Male,Brazil,,,,
13241,317.0082715,0.18182092,0,7,0,luxury,0,branch,1,58,0.947872873,Asian,Male,UK,,,,
13242,186.7155131,2.271937831,0,8,0,electronics,4,web,1,39,0.538008292,Asian,Female,UK,,,,
13243,287.2855225,3.261651665,0,3,0,grocery,22,web,0,46,0.286404877,Asian,Male,Brazil,,,,
13244,365.7184856,1.031535756,0,8,0,grocery,8,branch,0,31,0.354060618,Black,Other,France,,,,
13245,109.5085038,0.64025528,0,6,1,electronics,3,branch,1,65,0.613075712,White,Other,China,,,,
13246,180.8886209,10.2128016,0,6,0,clothing,9,web,0,45,0.352746742,Black,Other,China,,,,
13247,62.60521306,14.01991211,0,3,0,clothing,13,branch,0,38,0.538346723,White,Male,Nigeria,,,,
13248,217.6569901,0.41042691,0,6,0,travel,9,mobile,0,62,0.274159893,Asian,Female,France,,,,
13249,240.6147381,2.146371907,1,8,0,travel,0,web,1,49,0.345931271,Other,Female,France,,,,
13250,207.1227373,15.8845478,0,7,0,grocery,22,mobile,1,23,0.705727859,Asian,Other,Nigeria,,,,
13251,109.4068207,0.434120971,1,7,1,electronics,18,mobile,1,71,0.584618352,Asian,Other,France,,,,
13252,519.5711784,5.159088378,0,3,0,clothing,16,mobile,0,18,0.093486863,Other,Other,China,,,,
13253,168.4091387,17.91744147,0,3,1,grocery,19,branch,1,38,0.973182519,Asian,Male,India,,,,
13254,62.95432292,19.13465807,1,5,0,clothing,14,web,1,74,0.049336923,Asian,Female,China,,,,
13255,256.7826849,3.185945559,0,5,1,electronics,21,web,1,21,0.082939572,Other,Female,UK,,,,
13256,323.4447883,0.888157508,0,9,0,clothing,5,mobile,1,20,0.701386049,Asian,Male,India,,,,
13257,64.12840733,1.128761725,0,9,0,luxury,6,branch,1,66,0.708018139,Asian,Female,Nigeria,,,,
13258,135.6472201,11.01828891,0,5,0,travel,0,web,1,47,0.018935533,White,Other,China,,,,
13259,43.50419132,12.13411357,0,5,0,clothing,4,web,1,48,0.642753899,Black,Female,Brazil,,,,
13260,375.1143869,4.680932277,0,6,0,electronics,19,web,1,51,0.033260015,Asian,Female,Brazil,,,,
13261,153.8429254,7.265941459,0,8,0,electronics,19,mobile,1,36,0.960769994,Asian,Male,Nigeria,,,,
13262,79.85029592,6.734046327,0,6,0,luxury,6,mobile,1,37,0.696142594,Asian,Female,China,,,,
13263,326.2902116,5.420908531,0,6,0,electronics,1,mobile,1,40,0.186578101,White,Other,China,,,,
13264,164.9549393,8.780329312,0,9,0,luxury,20,mobile,1,71,0.158104788,Asian,Male,Nigeria,,,,
13265,296.4045684,5.782371704,0,1,0,grocery,22,mobile,0,76,0.569662303,Black,Male,France,,,,
13266,227.5984825,3.817872964,0,4,1,clothing,2,web,0,57,0.633518726,Other,Male,UK,,,,
13267,70.49152573,1.352200287,0,2,0,electronics,1,mobile,0,79,0.83123763,White,Other,India,,,,
13268,106.3576499,6.810704964,0,9,0,travel,15,branch,1,42,0.903321149,Other,Female,Nigeria,,,,
13269,81.8227075,3.206929723,0,3,0,clothing,16,mobile,0,32,0.392533444,White,Male,Brazil,,,,
13270,58.96044186,1.746310181,0,2,0,luxury,20,mobile,0,55,0.844084842,Asian,Other,UK,,,,
13271,32.50338571,8.096084752,0,8,0,clothing,11,mobile,0,40,0.542380035,White,Other,UK,,,,
13272,587.8818501,5.965388533,0,4,0,clothing,4,web,1,69,0.470582141,Asian,Other,France,,,,
13273,204.3678993,13.85012511,0,2,0,electronics,3,web,1,19,0.698970646,Other,Female,Brazil,,,,
13274,226.5791387,0.904263021,0,4,1,travel,23,branch,0,74,0.103194961,Other,Other,UK,,,,
13275,351.1504835,5.237542367,0,7,1,grocery,15,web,1,74,0.265386506,Black,Female,Brazil,,,,
13276,105.4671936,1.400153549,0,7,1,travel,17,mobile,1,32,0.816762685,Black,Male,India,,,,
13277,46.85278071,11.69536296,0,1,0,luxury,12,branch,0,69,0.504078838,White,Male,Brazil,,,,
13278,278.7207844,0.52402232,0,1,0,travel,19,branch,0,61,0.908043436,White,Female,UK,,,,
13279,54.80681014,5.337920499,0,3,0,travel,20,branch,1,52,0.088703734,Asian,Other,China,,,,
13280,274.1592433,7.82915631,0,2,0,luxury,8,mobile,0,27,0.313412811,Other,Male,Brazil,,,,
13281,39.78310583,2.191887955,0,3,0,travel,15,web,0,31,0.355549893,Other,Female,Brazil,,,,
13282,51.01994555,15.41060061,0,4,0,grocery,2,web,0,44,0.422720323,White,Other,China,,,,
13283,96.8470604,9.510015593,0,7,0,clothing,16,mobile,0,71,0.986820052,Other,Male,Brazil,,,,
13284,267.0498878,1.745081019,1,2,0,grocery,19,web,1,79,0.310662714,Black,Female,UK,,,,
13285,475.170112,0.037848353,0,7,0,clothing,9,mobile,1,31,0.518682453,White,Other,India,,,,
13286,226.3196559,1.759554238,0,5,0,clothing,21,mobile,0,52,0.536071324,Black,Other,Brazil,,,,
13287,100.1126772,1.651629116,0,8,0,travel,22,branch,0,50,0.770797939,Asian,Other,India,,,,
13288,313.994804,11.03476607,0,8,1,clothing,19,web,1,69,0.517868994,Black,Female,UK,,,,
13289,38.52150316,17.07463272,1,5,0,luxury,3,branch,1,18,0.605737401,White,Female,Nigeria,,,,
13290,74.00881049,0.36521954,0,8,0,grocery,21,web,1,51,0.753328051,Black,Other,Brazil,,,,
13291,177.1520763,3.186621672,0,9,0,clothing,0,mobile,1,36,0.101132005,Black,Other,India,,,,
13292,285.077827,3.974039395,0,7,0,travel,20,branch,0,41,0.963472124,White,Other,Brazil,,,,
13293,141.1530456,0.487577185,0,6,0,travel,15,mobile,1,59,0.846304176,Asian,Other,France,,,,
13294,129.4723696,2.370039853,0,7,0,travel,10,mobile,0,21,0.388772614,Black,Other,France,,,,
13295,135.607287,1.906905482,1,7,0,electronics,18,branch,1,53,0.728417589,White,Other,UK,,,,
13296,349.0342056,3.839960937,0,3,0,grocery,7,branch,0,30,0.762325104,Black,Male,China,,,,
13297,86.63093013,5.411592281,0,6,1,travel,4,web,1,75,0.850246449,Black,Other,India,,,,
13298,69.55311982,6.078289221,0,6,1,luxury,22,web,0,49,0.188316825,Other,Female,India,,,,
13299,133.9142649,0.735283811,0,9,0,travel,23,branch,0,26,0.703702753,Black,Female,China,,,,
13300,382.0628777,8.381835162,0,1,0,electronics,7,web,0,56,0.033340531,Asian,Female,China,,,,
13301,95.45069236,5.674442371,0,7,0,grocery,17,mobile,0,33,0.115579124,Black,Female,Brazil,,,,
13302,135.2690038,10.99450116,0,1,1,clothing,14,mobile,1,67,0.77606696,White,Male,France,,,,
13303,37.85045637,2.983152821,0,4,0,grocery,17,mobile,0,20,0.813003004,White,Male,Brazil,,,,
13304,139.7857682,11.21638375,0,7,0,clothing,12,mobile,0,69,0.592436452,Other,Female,Brazil,,,,
13305,197.1858558,10.04115622,0,6,1,clothing,14,mobile,1,37,0.581685974,Other,Female,China,,,,
13306,54.88884667,2.884910219,0,6,0,travel,20,mobile,0,27,0.749511428,Black,Female,UK,,,,
13307,349.4751867,2.399407801,2,5,0,luxury,12,web,1,73,0.906084822,Other,Female,Nigeria,,,,
13308,195.3176019,13.50130421,0,7,1,luxury,2,branch,1,75,0.421115171,Asian,Female,UK,,,,
13309,108.3620363,6.279221409,1,9,0,travel,11,branch,1,79,0.114821119,Other,Male,UK,,,,
13310,196.3957312,13.17251284,0,6,0,electronics,11,web,0,75,0.838999384,White,Male,UK,,,,
13311,235.9129554,7.972125329,0,7,0,clothing,9,web,0,39,0.341644146,Other,Male,Brazil,,,,
13312,27.5711803,4.699043614,0,9,0,luxury,0,web,0,65,0.133785773,Asian,Other,Brazil,,,,
13313,201.9738237,0.615658442,0,7,1,grocery,23,branch,1,20,0.6146164,Asian,Female,Brazil,,,,
13314,373.0638066,1.722889704,0,6,0,electronics,5,web,0,28,0.578083925,Other,Female,Brazil,,,,
13315,85.56951201,17.34348655,0,3,1,travel,18,web,0,42,0.474246207,Other,Other,China,,,,
13316,110.29136,1.924064935,0,1,0,electronics,23,branch,0,59,0.859797244,Other,Female,France,,,,
13317,125.7429711,0.489469357,0,9,0,luxury,12,web,0,65,0.272225835,White,Other,India,,,,
13318,287.2951755,6.147365212,0,7,0,travel,0,mobile,0,25,0.013235265,White,Other,France,,,,
13319,64.27845366,6.621374824,0,3,1,luxury,18,branch,0,26,0.323468719,Asian,Other,India,,,,
13320,228.2227415,1.680565548,0,9,0,clothing,5,branch,1,32,0.00970596,Other,Other,Brazil,,,,
13321,127.6459333,1.766773591,1,3,0,electronics,0,branch,1,49,0.543591211,Black,Female,France,,,,
13322,489.8739579,3.163958721,1,3,0,clothing,22,web,1,70,0.378248293,Asian,Other,India,,,,
13323,133.6475168,0.110149172,0,7,1,grocery,16,branch,1,20,0.813942741,White,Female,Nigeria,,,,
13324,13.40349214,7.787145866,0,2,1,clothing,16,mobile,0,21,0.797585352,Asian,Other,UK,,,,
13325,259.1246304,1.906952119,0,7,0,electronics,20,mobile,0,47,0.434638493,White,Male,India,,,,
13326,219.9885536,9.612636916,1,7,0,grocery,10,branch,1,30,0.216485274,Black,Female,China,,,,
13327,189.2493646,8.113386377,0,1,0,luxury,19,mobile,0,61,0.422429866,Other,Other,France,,,,
13328,366.2462188,5.414709069,0,2,0,grocery,11,web,0,38,0.641317733,Other,Other,France,,,,
13329,32.2863607,1.964286116,1,5,0,electronics,23,branch,1,58,0.190205982,Other,Other,Nigeria,,,,
13330,75.00999565,3.631623196,0,4,0,travel,12,mobile,0,74,0.773046616,Black,Male,India,,,,
13331,160.7654218,2.942397843,0,3,0,grocery,17,web,0,63,0.33056021,Black,Female,UK,,,,
13332,181.8353394,2.069113828,0,8,0,luxury,21,branch,1,36,0.932176995,Black,Male,France,,,,
13333,143.2933127,9.423859003,0,7,0,grocery,23,branch,1,56,0.51187053,Black,Male,Brazil,,,,
13334,38.45891976,3.303468438,0,9,1,clothing,0,branch,1,65,0.847126534,White,Male,China,,,,
13335,111.1835041,8.940523713,0,3,1,travel,2,mobile,0,39,0.61589258,Asian,Female,Brazil,,,,
13336,467.4646147,0.555878478,0,1,0,electronics,16,branch,1,37,0.554601844,Black,Male,India,,,,
13337,61.42261646,0.760076075,1,9,0,travel,6,mobile,1,54,0.682130133,White,Female,China,,,,
13338,158.0571628,18.93142627,0,9,0,clothing,16,web,1,79,0.811491124,Asian,Female,Nigeria,,,,
13339,228.8309681,4.430850518,0,1,0,travel,15,web,0,48,0.644507504,Asian,Other,UK,,,,
13340,281.5566944,3.564399721,0,8,0,clothing,11,web,1,27,0.797240687,Black,Male,India,,,,
13341,258.2532001,3.70283009,0,1,1,grocery,7,branch,0,35,0.190465164,Black,Male,India,,,,
13342,104.591786,1.212070036,0,6,0,electronics,10,web,1,60,0.27751654,Asian,Male,China,,,,
13343,74.72060518,6.341738019,0,9,0,clothing,2,mobile,0,56,0.229722822,Asian,Female,UK,,,,
13344,492.4387192,0.442957435,0,3,0,clothing,11,mobile,0,63,0.798303188,White,Female,France,,,,
13345,300.7699943,4.258648318,0,6,0,grocery,3,mobile,0,37,0.086128559,Black,Female,Brazil,,,,
13346,169.6792255,4.228797848,0,3,0,clothing,8,mobile,0,35,0.795863197,Asian,Male,France,,,,
13347,408.9979593,12.27800682,0,5,1,electronics,21,mobile,1,28,0.3890423,Asian,Female,Nigeria,,,,
13348,47.13907855,3.734668535,1,7,0,luxury,20,mobile,1,39,0.079507162,Other,Female,UK,,,,
13349,13.97117622,0.737066197,0,4,0,travel,20,web,0,76,0.424426262,Black,Female,France,,,,
13350,180.3014369,4.251967927,0,4,0,clothing,16,branch,0,61,0.300502301,White,Other,India,,,,
13351,186.6996136,0.478853473,0,7,0,travel,15,mobile,1,35,0.591952183,White,Female,India,,,,
13352,42.80920062,1.139485629,1,5,0,travel,11,web,1,75,0.472526633,Other,Male,Nigeria,,,,
13353,293.3417266,0.158013657,0,1,0,luxury,14,web,0,51,0.296777391,Black,Female,Nigeria,,,,
13354,22.27680778,3.600470882,0,2,0,clothing,14,mobile,1,40,0.862265944,White,Other,UK,,,,
13355,210.2008879,0.441602706,0,6,0,electronics,0,web,1,18,0.406821425,Other,Female,France,,,,
13356,245.6088227,3.168681214,0,9,0,clothing,2,mobile,1,72,0.470689992,White,Female,India,,,,
13357,178.7055707,13.51121314,0,7,1,travel,1,branch,0,27,0.846628525,White,Other,UK,,,,
13358,36.82692267,6.360569711,0,4,0,grocery,16,mobile,1,70,0.089056608,Other,Male,UK,,,,
13359,363.6356319,0.402860808,0,2,1,luxury,11,branch,1,18,0.389893142,Asian,Other,India,,,,
13360,107.5141259,1.26936586,0,4,0,electronics,4,web,0,55,0.402856687,Asian,Female,France,,,,
13361,107.7992579,5.599114558,1,5,0,electronics,10,web,1,56,0.495825655,White,Female,Brazil,,,,
13362,90.83158051,11.25479767,0,2,0,travel,18,mobile,1,66,0.106120592,Black,Female,Nigeria,,,,
13363,264.5020638,0.167362978,0,1,0,electronics,14,web,0,26,0.102660121,Black,Female,China,,,,
13364,103.3492004,8.368579184,0,4,0,travel,6,web,1,48,0.416415956,Black,Male,France,,,,
13365,56.08467978,4.125557641,0,6,0,electronics,7,branch,0,24,0.033029008,Other,Female,Brazil,,,,
13366,317.0683039,3.949296291,0,1,0,electronics,9,mobile,1,34,0.254984359,White,Female,Brazil,,,,
13367,155.1831501,15.82823747,0,1,0,travel,5,mobile,0,52,0.201176754,Other,Other,India,,,,
13368,324.6463833,6.884584587,0,9,0,luxury,20,branch,0,65,0.489386261,Black,Male,Brazil,,,,
13369,164.085371,9.489563764,0,5,0,electronics,14,branch,0,54,0.011159557,Other,Other,Nigeria,,,,
13370,85.6142615,2.184744585,0,2,0,clothing,9,branch,0,69,0.67573345,Asian,Female,UK,,,,
13371,26.53124923,4.041264477,0,2,0,grocery,20,mobile,0,35,0.855587307,Black,Female,France,,,,
13372,180.8732879,4.777831039,0,4,0,travel,16,branch,0,50,0.706741518,Black,Female,China,,,,
13373,125.9613179,1.93997261,0,2,0,electronics,21,mobile,0,21,0.818078169,Asian,Male,Nigeria,,,,
13374,272.1874978,4.222736358,0,4,0,luxury,5,branch,0,40,0.643316404,Asian,Female,Brazil,,,,
13375,99.39503505,1.350228423,0,6,0,clothing,18,web,1,28,0.507367034,White,Other,UK,,,,
13376,214.805512,0.773779062,1,7,0,travel,19,mobile,1,69,0.219021597,Other,Other,UK,,,,
13377,159.0353827,2.341786999,1,6,0,clothing,19,mobile,1,26,0.279626348,White,Male,Brazil,,,,
13378,79.20539983,6.721725883,0,4,0,grocery,5,mobile,0,47,0.317708004,White,Female,Nigeria,,,,
13379,106.1249852,12.39584459,0,3,0,luxury,13,web,0,25,0.038017669,White,Female,China,,,,
13380,46.08633746,3.059809182,0,4,0,travel,23,web,0,57,0.913088771,White,Female,Brazil,,,,
13381,515.0097065,5.147628744,1,5,0,travel,12,mobile,1,22,0.900302703,Asian,Male,France,,,,
13382,211.4805627,0.543704062,0,4,0,electronics,12,branch,0,29,0.10777785,Asian,Male,UK,,,,
13383,43.02413846,11.74124806,0,3,1,clothing,8,mobile,1,18,0.556693566,Other,Female,India,,,,
13384,497.7923523,4.203646561,0,1,1,travel,8,mobile,0,32,0.467641294,Other,Other,UK,,,,
13385,60.63682152,7.578332025,0,3,0,clothing,20,web,0,42,0.683413997,Other,Male,Brazil,,,,
13386,97.96851911,7.910115795,0,5,0,grocery,23,web,1,35,0.603017661,Asian,Male,China,,,,
13387,133.3456248,1.481801608,0,6,0,electronics,7,branch,0,55,0.124321801,Black,Other,Brazil,,,,
13388,161.9874083,3.766338212,0,4,0,grocery,9,branch,1,59,0.660077645,Black,Other,India,,,,
13389,267.1551983,16.1547106,0,1,0,electronics,19,mobile,1,63,0.608872304,Other,Female,India,,,,
13390,19.85395078,0.469545805,0,7,0,electronics,3,mobile,1,70,0.531223638,Black,Female,UK,,,,
13391,163.9389946,5.745054623,0,9,0,clothing,2,branch,1,43,0.402406267,White,Female,Brazil,,,,
13392,127.9505,16.385714,0,6,0,electronics,12,mobile,0,78,0.954920994,Other,Female,UK,,,,
13393,183.296433,1.78749862,0,6,1,grocery,20,mobile,1,57,0.849439561,Black,Male,Nigeria,,,,
13394,122.9624873,9.882545026,0,9,0,grocery,7,branch,1,76,0.585084975,White,Other,Brazil,,,,
13395,110.0722993,13.56462623,0,4,0,grocery,23,branch,1,20,0.006377825,White,Female,China,,,,
13396,145.6864243,6.873532985,1,5,0,clothing,8,branch,0,71,0.432123242,White,Other,UK,,,,
13397,479.845283,1.315456674,0,5,0,clothing,13,web,0,39,0.700339729,White,Female,China,,,,
13398,111.8325804,2.032333439,0,5,0,luxury,0,branch,1,43,0.117294235,Black,Other,Brazil,,,,
13399,352.6115192,0.182330883,0,8,1,travel,13,web,1,36,0.406549617,Asian,Female,Brazil,,,,
13400,177.582608,8.902710131,0,1,0,luxury,11,branch,0,61,0.191725224,White,Other,France,,,,
13401,171.460552,9.472656243,0,3,0,luxury,3,branch,0,61,0.338142987,Other,Female,UK,,,,
13402,184.594426,5.008021981,0,8,0,electronics,21,web,1,64,0.026669204,Black,Male,Brazil,,,,
13403,228.3067522,2.173397499,0,9,1,electronics,20,web,0,77,0.126732382,White,Female,India,,,,
13404,119.0357464,0.399606642,0,2,0,luxury,3,mobile,1,56,0.45475685,Other,Other,India,,,,
13405,336.4071081,6.99300104,0,4,0,travel,12,mobile,0,76,0.898189921,White,Female,France,,,,
13406,228.7083175,6.482747168,1,8,1,luxury,15,mobile,1,53,0.490581622,Asian,Male,Brazil,,,,
13407,50.266489,12.18644425,0,5,0,clothing,10,web,1,38,0.453077469,White,Male,UK,,,,
13408,13.56919856,6.55652856,0,1,0,grocery,2,branch,1,58,0.787569393,Asian,Female,China,,,,
13409,470.1736522,8.821546742,0,6,0,luxury,1,web,1,71,0.267830077,Other,Other,UK,,,,
13410,188.9451153,6.851211791,0,9,0,electronics,2,branch,1,65,0.095068749,Black,Other,China,,,,
13411,44.34198635,4.98055633,0,9,0,travel,19,branch,1,43,0.20957262,White,Other,China,,,,
13412,111.7036454,2.784054576,0,1,0,electronics,16,branch,1,30,0.791300837,Asian,Other,China,,,,
13413,300.6711584,11.61992772,0,4,0,clothing,0,mobile,1,53,0.677047925,Other,Male,India,,,,
13414,139.0330406,5.262966545,1,1,0,electronics,10,web,1,41,0.091533182,White,Male,Nigeria,,,,
13415,149.0275129,2.540441219,1,7,0,electronics,15,web,1,58,0.66709316,White,Female,Brazil,,,,
13416,263.2762456,0.43579855,0,3,0,travel,19,mobile,0,43,0.931551485,White,Other,France,,,,
13417,202.3554763,1.717417784,0,2,0,travel,9,branch,1,38,0.044954956,Asian,Female,France,,,,
13418,240.6632177,3.923316916,0,8,1,electronics,19,mobile,1,35,0.616418096,Black,Male,China,,,,
13419,261.3430262,1.612301904,1,9,0,electronics,5,branch,1,32,0.37916457,Other,Female,Brazil,,,,
13420,87.72283913,1.250231971,0,7,0,luxury,1,mobile,1,32,0.501031459,Asian,Female,Brazil,,,,
13421,95.01935337,3.747460952,1,6,0,clothing,21,web,1,23,0.528178816,Black,Other,China,,,,
13422,78.75535318,0.930565754,0,6,0,luxury,6,mobile,1,60,0.771046097,Other,Male,France,,,,
13423,99.51852514,8.057451669,0,9,0,travel,16,web,1,48,0.55701252,Asian,Male,France,,,,
13424,144.5799665,3.311811199,0,5,1,luxury,7,branch,0,45,0.593085628,Asian,Female,UK,,,,
13425,152.8645725,4.264969289,0,5,0,luxury,12,mobile,1,25,0.332911844,Black,Male,France,,,,
13426,400.7146536,0.797225748,0,2,0,electronics,21,mobile,0,46,0.125945298,Other,Other,China,,,,
13427,195.3453359,1.96207567,0,6,0,electronics,3,mobile,1,38,0.682732333,Black,Female,India,,,,
13428,146.8025825,2.638923796,0,6,0,clothing,10,mobile,0,34,0.00048214,Black,Male,France,,,,
13429,64.15513577,8.25684507,0,6,0,grocery,1,web,0,73,0.328717169,Asian,Other,France,,,,
13430,125.0488886,7.351848947,0,4,0,grocery,7,web,0,74,0.218043954,Black,Male,India,,,,
13431,493.679587,1.261429695,0,7,0,luxury,17,mobile,1,66,0.388533441,White,Other,India,,,,
13432,488.5673403,4.787895968,0,9,0,clothing,7,web,1,41,0.311268027,White,Female,Brazil,,,,
13433,123.8211766,1.394975289,0,1,0,clothing,10,mobile,0,75,0.70421708,White,Other,China,,,,
13434,30.62340621,22.21829999,0,3,0,travel,23,web,0,77,0.260206051,White,Male,China,,,,
13435,110.8811094,15.19569199,0,9,0,electronics,4,web,0,67,0.560750346,Other,Female,France,,,,
13436,403.6291297,4.142140176,0,5,1,travel,6,web,1,53,0.45577043,Black,Male,India,,,,
13437,145.358943,6.001606926,0,6,0,grocery,22,mobile,1,78,0.801057505,Black,Female,UK,,,,
13438,263.4638855,8.083077605,0,8,0,clothing,3,mobile,1,48,0.428092488,White,Male,Nigeria,,,,
13439,158.5933408,6.382689171,1,9,1,grocery,21,web,1,64,0.863876078,Other,Female,India,,,,
13440,40.76280942,6.017009688,0,8,0,electronics,9,branch,1,51,0.000145768,Black,Female,Nigeria,,,,
13441,162.9232266,15.91682048,0,3,0,electronics,5,web,1,19,0.604836355,White,Other,France,,,,
13442,288.0963927,4.537350074,0,1,0,electronics,12,mobile,0,59,0.009806994,Asian,Female,UK,,,,
13443,98.34439244,5.057166366,0,5,0,grocery,15,branch,0,20,0.713934323,Black,Female,China,,,,
13444,282.8965739,9.461284161,0,7,0,clothing,21,mobile,0,47,0.234922402,Asian,Other,UK,,,,
13445,170.7653568,5.541659879,0,2,1,travel,1,branch,1,25,0.379981252,Black,Female,China,,,,
13446,272.5709382,6.601271502,0,1,0,clothing,23,branch,0,69,0.380437514,Black,Male,Brazil,,,,
13447,204.4710083,1.333966752,0,4,0,clothing,14,mobile,0,24,0.846422418,Black,Other,China,,,,
13448,68.15875771,2.320242375,0,3,0,luxury,7,web,0,29,0.102092761,Asian,Other,China,,,,
13449,126.0773509,0.796745357,2,4,1,clothing,16,mobile,1,75,0.666896953,Other,Female,Brazil,,,,
13450,122.8396514,3.523725307,0,1,0,travel,13,mobile,0,36,0.981256829,Asian,Other,France,,,,
13451,94.43457704,3.04152528,0,2,1,luxury,17,web,1,43,0.022384429,White,Male,India,,,,
13452,192.8991134,29.32471331,0,1,0,clothing,13,web,0,45,0.965894199,Other,Female,UK,,,,
13453,552.0435669,4.723562309,0,3,0,luxury,3,branch,0,79,0.018404729,Asian,Female,France,,,,
13454,336.7027835,7.719300202,0,4,0,clothing,20,branch,0,32,0.841149458,Asian,Female,France,,,,
13455,367.3930637,2.032438184,0,1,1,electronics,20,web,0,31,0.96124442,White,Male,China,,,,
13456,89.58546352,8.905442971,0,6,0,electronics,21,mobile,1,65,0.993027382,Asian,Male,India,,,,
13457,371.4831119,4.773663306,0,2,0,clothing,22,web,0,78,0.459121341,Other,Male,UK,,,,
13458,455.092745,5.969985828,0,5,0,luxury,0,web,0,76,0.866957506,Asian,Other,China,,,,
13459,87.05798804,1.743751974,0,8,1,travel,22,web,0,31,0.122339543,Other,Other,China,,,,
13460,221.108561,3.977432342,0,4,0,electronics,5,mobile,0,20,0.425384339,White,Female,UK,,,,
13461,225.3098653,5.026114855,0,5,0,luxury,4,mobile,0,67,0.307974976,Other,Female,UK,,,,
13462,133.4393118,4.446962229,1,9,1,travel,14,branch,1,46,0.395177051,Asian,Female,Brazil,,,,
13463,181.7386123,12.33692791,0,2,1,luxury,15,web,0,77,0.701980852,White,Other,UK,,,,
13464,233.2224708,11.42729613,0,2,0,clothing,21,web,0,71,0.0874802,Other,Male,Nigeria,,,,
13465,140.5521874,17.69954936,0,6,1,electronics,7,mobile,1,23,0.99816396,Other,Male,China,,,,
13466,325.9386417,5.504494595,0,6,0,electronics,5,web,0,66,0.635067159,Black,Female,India,,,,
13467,50.54166829,17.8624434,0,3,0,electronics,4,mobile,0,40,0.873517587,Black,Male,UK,,,,
13468,122.4139902,8.933202966,0,9,0,clothing,5,branch,1,45,0.829695565,Asian,Other,India,,,,
13469,267.1342405,1.579256567,0,1,0,travel,0,branch,0,31,0.765997544,Black,Male,India,,,,
13470,514.5558768,2.788150911,0,3,1,travel,13,branch,1,31,0.039223531,Asian,Female,Nigeria,,,,
13471,339.9210232,1.36161936,0,8,0,electronics,18,mobile,1,37,0.516467077,White,Female,UK,,,,
13472,178.9849583,0.021029968,0,8,0,travel,18,mobile,0,30,0.328148376,Other,Male,India,,,,
13473,145.8596858,1.041574907,0,4,0,electronics,14,web,1,44,0.112939116,White,Female,China,,,,
13474,128.0220329,0.020344264,0,8,1,travel,18,branch,1,77,0.342990206,White,Female,UK,,,,
13475,128.6323391,6.361944592,0,8,0,electronics,5,mobile,1,52,0.644803037,Black,Other,Nigeria,,,,
13476,26.32590389,2.771574418,0,1,0,travel,4,branch,0,62,0.230626429,Other,Other,Brazil,,,,
13477,500.8282002,1.874010746,0,3,0,luxury,15,branch,0,78,0.444595429,White,Male,Brazil,,,,
13478,154.3905727,7.17156283,0,1,0,electronics,8,branch,0,73,0.404494244,Other,Female,Brazil,,,,
13479,82.36931676,8.933464867,0,2,0,electronics,14,web,0,19,0.052462963,Other,Male,Brazil,,,,
13480,218.6488364,18.50466679,0,4,0,grocery,21,mobile,0,58,0.628082529,White,Other,France,,,,
13481,88.1824759,5.136301197,1,3,0,electronics,7,mobile,1,62,0.618846902,Other,Other,India,,,,
13482,305.1013804,3.095107801,0,6,1,travel,7,mobile,1,57,0.966414505,Asian,Other,France,,,,
13483,84.67389088,1.821118979,0,5,1,luxury,3,web,1,65,0.298005217,Other,Male,UK,,,,
13484,275.6212912,1.257189239,0,5,1,luxury,23,web,1,41,0.418951029,Asian,Other,China,,,,
13485,126.5393214,1.197164721,0,7,0,travel,1,web,1,46,0.403637622,Asian,Female,Brazil,,,,
13486,198.390773,2.63129872,1,7,0,clothing,15,web,1,20,0.919743901,Asian,Other,UK,,,,
13487,290.2010151,24.00979259,0,9,0,electronics,2,mobile,1,62,0.408649315,White,Male,Nigeria,,,,
13488,104.3633563,0.00427031,0,8,0,luxury,8,web,0,21,0.442764144,Asian,Other,India,,,,
13489,285.3884554,1.09828504,0,3,0,travel,3,mobile,0,67,0.252344534,Other,Male,Nigeria,,,,
13490,27.72506538,1.043695122,0,2,0,luxury,1,branch,0,19,0.001168146,Black,Female,India,,,,
13491,432.1531775,6.313653404,0,1,0,luxury,18,mobile,0,37,0.110450671,Black,Other,Nigeria,,,,
13492,319.5852578,2.173064495,0,6,0,travel,22,branch,1,71,0.703889151,Black,Male,Nigeria,,,,
13493,150.3291649,3.055631888,1,4,0,grocery,14,web,1,70,0.682495593,Asian,Female,China,,,,
13494,358.872809,0.80450784,0,3,0,luxury,6,branch,0,32,0.322530573,White,Female,India,,,,
13495,334.0725975,2.595944484,0,2,1,luxury,7,web,0,66,0.473006228,Asian,Other,UK,,,,
13496,161.0049749,0.544610987,0,2,0,clothing,2,mobile,1,49,0.297378393,Black,Female,Nigeria,,,,
13497,159.6943615,3.807593596,0,4,0,grocery,22,mobile,0,78,0.730916389,Other,Female,India,,,,
13498,73.69360256,0.515362151,0,1,0,clothing,14,web,0,59,0.84249935,Asian,Male,India,,,,
13499,167.6189929,7.81535773,0,6,1,travel,0,mobile,1,18,0.899105293,Black,Male,Nigeria,,,,
13500,39.38417786,4.180490764,0,5,0,electronics,15,branch,0,55,0.173871321,Other,Male,UK,,,,
13501,273.2613719,6.436190103,0,9,0,travel,21,branch,1,52,0.695016742,White,Other,Brazil,,,,
13502,277.3502858,2.710862437,0,2,0,grocery,2,branch,1,68,0.963004677,Other,Female,China,,,,
13503,28.22334635,2.40222005,0,9,0,travel,1,web,1,24,0.650611704,White,Other,France,,,,
13504,404.9877044,0.51686185,0,9,0,grocery,14,branch,0,62,0.350974144,Other,Other,Brazil,,,,
13505,96.84409437,3.710170621,0,9,0,clothing,3,branch,0,30,0.635946366,White,Male,Nigeria,,,,
13506,861.81457,3.612902251,0,4,0,luxury,13,branch,0,66,0.688426052,White,Female,Nigeria,,,,
13507,190.9479006,3.156518105,0,5,0,travel,8,branch,1,18,0.3970473,White,Other,China,,,,
13508,407.6212214,6.745346742,0,8,0,travel,21,branch,1,31,0.103990951,Asian,Other,India,,,,
13509,71.55876861,8.933990985,0,8,0,luxury,8,branch,1,46,0.606659868,Other,Other,China,,,,
13510,126.3178174,6.947290301,0,1,0,travel,13,web,0,75,0.802140801,White,Other,UK,,,,
13511,103.9245993,0.776640363,0,1,1,travel,14,branch,1,20,0.997576484,Other,Male,China,,,,
13512,38.62472215,4.865092639,0,6,1,electronics,23,web,0,63,0.223058307,Asian,Other,China,,,,
13513,50.70587596,0.418664362,0,7,0,electronics,4,web,0,41,0.700388974,Black,Male,UK,,,,
13514,145.8745442,5.931029334,0,2,0,luxury,23,web,0,18,0.0280432,Black,Female,Nigeria,,,,
13515,213.2531864,2.405032469,0,2,1,clothing,1,branch,0,65,0.96982528,White,Other,UK,,,,
13516,64.7363201,0.71069282,0,5,0,travel,23,branch,0,27,0.012564462,Asian,Male,France,,,,
13517,120.1869963,9.904350953,1,9,1,travel,16,web,1,30,0.358794962,Other,Male,China,,,,
13518,87.78802428,4.759697567,0,5,0,clothing,10,web,0,53,0.076402773,White,Other,UK,,,,
13519,153.4793499,2.190393234,0,8,0,travel,12,branch,1,26,0.620967962,Black,Male,UK,,,,
13520,258.9548532,0.156045792,0,8,1,clothing,11,mobile,1,31,0.339499796,Asian,Other,China,,,,
13521,174.316379,3.853492777,0,5,0,luxury,2,mobile,1,53,0.732943931,Black,Male,India,,,,
13522,100.2319566,12.83443828,0,8,0,luxury,22,mobile,0,27,0.486378067,Asian,Male,Nigeria,,,,
13523,326.6275788,4.536405116,0,8,0,clothing,19,branch,1,57,0.419403416,Black,Female,UK,,,,
13524,208.2938302,17.81574788,0,5,1,clothing,12,web,1,40,0.348516349,White,Other,Nigeria,,,,
13525,178.1547318,0.733523871,0,5,1,grocery,14,mobile,1,52,0.086129167,White,Female,UK,,,,
13526,65.49622709,4.200181004,0,4,0,electronics,10,web,0,72,0.204824853,White,Male,UK,,,,
13527,303.5417028,8.000534114,0,1,0,electronics,15,branch,1,24,0.639102505,Black,Other,UK,,,,
13528,223.5168167,3.727897524,0,9,0,travel,6,web,1,59,0.496751669,Other,Female,India,,,,
13529,231.8525857,0.477415932,0,2,1,travel,0,mobile,1,52,0.070089452,Black,Other,UK,,,,
13530,135.1062768,4.371978585,0,1,0,clothing,22,branch,0,19,0.543951718,Black,Other,Brazil,,,,
13531,116.6944006,4.730373335,0,6,0,clothing,18,web,0,32,0.054142661,Other,Female,France,,,,
13532,502.5096105,6.522820747,0,5,1,electronics,17,branch,1,26,0.511726948,White,Female,China,,,,
13533,115.2661959,7.160885598,0,1,0,travel,8,mobile,0,64,0.964961447,Black,Female,China,,,,
13534,53.88447451,7.365205699,1,7,1,electronics,17,mobile,1,34,0.307344554,Black,Male,UK,,,,
13535,184.8284965,5.444959472,1,7,0,luxury,2,mobile,1,79,0.723503139,White,Female,China,,,,
13536,159.979769,1.21552727,0,3,0,electronics,2,branch,1,56,0.745552041,Black,Female,Brazil,,,,
13537,336.6584112,2.589551268,0,8,0,electronics,3,branch,1,69,0.404859533,Other,Male,Nigeria,,,,
13538,143.2693449,7.483448152,0,6,0,clothing,15,mobile,1,35,0.593292151,Asian,Female,India,,,,
13539,253.2059637,15.33366974,0,4,0,travel,10,branch,1,32,0.472046091,Black,Other,Nigeria,,,,
13540,423.4960428,0.4111883,0,3,0,luxury,22,branch,0,35,0.28336302,Other,Other,India,,,,
13541,214.2757485,3.834363429,0,1,0,electronics,22,mobile,1,41,0.754742095,White,Other,Nigeria,,,,
13542,68.56029585,1.873629223,0,2,0,electronics,14,mobile,0,40,0.702826616,Asian,Male,Nigeria,,,,
13543,218.6383725,1.277003148,0,2,0,clothing,8,web,0,29,0.900548865,White,Female,France,,,,
13544,121.8583588,3.524183017,1,5,1,grocery,7,mobile,1,40,0.61812618,White,Other,France,,,,
13545,194.1686122,4.65815574,0,4,1,travel,21,branch,1,38,0.388720141,White,Male,France,,,,
13546,160.8923606,0.049101465,0,2,0,travel,5,web,0,79,0.714007558,Asian,Male,Nigeria,,,,
13547,52.77951872,7.575335691,1,9,0,travel,20,branch,1,43,0.61903623,Other,Male,China,,,,
13548,142.6470956,8.57071908,1,7,1,electronics,17,web,1,25,0.616614193,Other,Male,India,,,,
13549,65.07269712,16.8355488,0,8,0,electronics,5,branch,1,47,0.849837757,Other,Male,France,,,,
13550,108.2739612,0.996181438,0,8,1,electronics,5,web,1,51,0.910468539,Other,Other,India,,,,
13551,302.8614404,4.513820187,0,2,0,grocery,11,web,0,19,0.180241664,Asian,Male,India,,,,
13552,170.4950848,2.781079887,0,5,0,electronics,4,branch,0,22,0.314050224,White,Female,UK,,,,
13553,242.6581887,2.03854701,0,3,1,travel,13,web,0,48,0.650305701,Black,Other,Brazil,,,,
13554,180.8938083,4.169332597,0,9,0,travel,5,branch,1,50,0.557221234,Asian,Male,Nigeria,,,,
13555,128.7995515,7.625095352,0,9,0,clothing,20,branch,1,71,0.652326169,White,Other,Brazil,,,,
13556,194.5683853,0.116613272,0,6,0,grocery,19,web,1,21,0.433014599,Black,Other,Nigeria,,,,
13557,32.66090721,17.43379474,0,4,0,luxury,18,mobile,1,23,0.412439014,White,Female,India,,,,
13558,273.91956,8.300540839,0,8,0,electronics,13,mobile,1,40,0.117653905,Other,Male,Brazil,,,,
13559,80.35256866,6.954599284,0,5,0,luxury,0,mobile,1,62,0.62364824,Asian,Female,UK,,,,
13560,232.1055982,7.143658761,0,3,0,electronics,19,branch,0,36,0.175785653,Asian,Male,Brazil,,,,
13561,124.8051185,2.463788429,1,8,1,grocery,22,branch,1,60,0.671021596,Black,Male,China,,,,
13562,52.81317395,6.963988326,0,6,0,grocery,6,mobile,0,62,0.967072243,Asian,Other,Brazil,,,,
13563,92.9967345,2.445077748,0,5,0,travel,6,branch,1,25,0.256412827,White,Male,UK,,,,
13564,232.9528944,11.44868145,0,1,0,grocery,13,mobile,0,56,0.142152305,White,Other,UK,,,,
13565,610.7982247,0.975346627,0,3,1,luxury,19,branch,0,30,0.024175245,Black,Female,France,,,,
13566,153.2346274,1.729010089,0,7,0,luxury,15,branch,1,18,0.378827186,Black,Male,China,,,,
13567,564.1730191,4.007422197,0,3,1,grocery,11,branch,1,23,0.214611059,Black,Male,Nigeria,,,,
13568,32.56685204,1.92251456,0,1,0,luxury,22,mobile,0,24,0.491859423,Black,Female,India,,,,
13569,132.5324808,2.760297937,0,8,0,electronics,10,web,1,65,0.524306028,Other,Female,Brazil,,,,
13570,153.3295391,3.390531218,0,7,0,clothing,17,branch,1,79,0.349327744,White,Other,Brazil,,,,
13571,241.5785051,9.701994031,2,5,0,travel,11,branch,1,44,0.749906222,White,Female,India,,,,
13572,96.10429346,3.703209584,0,5,0,clothing,23,mobile,0,32,0.904806671,White,Male,UK,,,,
13573,207.7602625,2.250690107,0,6,1,luxury,9,mobile,0,69,0.211523098,White,Other,UK,,,,
13574,137.7638841,1.423340854,0,7,0,travel,23,branch,1,79,0.836297773,Other,Female,Brazil,,,,
13575,369.5127412,2.626955763,0,3,1,clothing,4,branch,1,51,0.1311879,Black,Male,Brazil,,,,
13576,184.9512405,3.62562641,0,4,0,clothing,23,web,1,75,0.228702185,Asian,Male,India,,,,
13577,815.8295586,6.85436654,0,1,0,luxury,1,branch,1,74,0.561415686,White,Male,India,,,,
13578,138.6266593,0.645129367,0,7,0,travel,9,branch,1,40,0.306581489,Asian,Female,China,,,,
13579,353.5131572,1.252632761,0,2,1,travel,23,branch,0,65,0.041710791,Other,Other,Nigeria,,,,
13580,430.7283584,2.387389588,0,7,0,clothing,15,web,1,66,0.294872142,Other,Female,UK,,,,
13581,8.524921949,2.234549022,0,6,0,travel,5,branch,0,41,0.904870189,Black,Other,France,,,,
13582,271.5131369,2.485830766,0,4,0,travel,5,web,1,32,0.174223162,Other,Female,China,,,,
13583,134.7161468,7.887789242,1,2,0,electronics,19,mobile,0,52,0.76375088,Black,Male,France,,,,
13584,60.19643557,1.958953179,0,7,1,luxury,23,branch,1,21,0.722282006,Asian,Female,China,,,,
13585,373.8596325,3.484753829,0,7,0,luxury,22,branch,0,61,0.106224816,Other,Other,India,,,,
13586,100.8738882,4.889594566,0,5,0,electronics,11,branch,0,54,0.329442965,Black,Female,Nigeria,,,,
13587,30.48593364,1.3209903,0,9,0,clothing,8,branch,1,34,0.189356289,Asian,Other,Brazil,,,,
13588,188.2701868,6.341585826,0,3,1,grocery,16,web,1,48,0.023150181,White,Female,India,,,,
13589,411.614558,3.960544613,0,9,0,clothing,9,mobile,1,55,0.173040675,Black,Other,India,,,,
13590,60.96163509,2.960008144,0,5,0,electronics,7,mobile,0,27,0.201577942,Black,Male,China,,,,
13591,296.6282821,8.297975755,0,2,0,travel,23,web,0,71,0.165980247,Asian,Male,India,,,,
13592,21.87718634,1.395232395,0,9,0,electronics,8,web,0,67,0.091097209,Asian,Other,France,,,,
13593,431.329103,10.73543249,0,1,0,luxury,6,web,0,44,0.526305132,Asian,Male,India,,,,
13594,217.341116,4.116834433,0,1,0,travel,9,web,0,59,0.322639042,Asian,Other,Nigeria,,,,
13595,55.00185008,4.697475404,0,7,1,clothing,23,branch,1,23,0.908249361,Asian,Other,France,,,,
13596,278.1501166,10.39956683,1,3,0,travel,0,branch,1,73,0.187213468,Black,Male,Nigeria,,,,
13597,105.7261404,8.507291464,0,8,0,luxury,18,web,1,23,0.60286263,Asian,Female,China,,,,
13598,73.76570406,4.601017745,0,7,1,electronics,21,branch,1,69,0.900620384,White,Other,France,,,,
13599,103.8118713,6.995635829,0,7,0,clothing,10,branch,0,32,0.047189651,Asian,Female,China,,,,
13600,258.8754516,2.839798045,0,1,0,grocery,22,mobile,0,21,0.516277471,Other,Female,Nigeria,,,,
13601,69.56411096,3.963486972,0,1,1,grocery,19,branch,0,74,0.450668813,Black,Male,UK,,,,
13602,12.87351317,0.320400527,0,2,1,electronics,9,mobile,1,65,0.928778608,White,Other,UK,,,,
13603,108.331851,0.470772788,0,2,0,clothing,1,branch,1,71,0.663764773,Black,Female,France,,,,
13604,384.2399943,8.842912829,0,5,0,clothing,13,mobile,1,73,0.34916141,Other,Female,UK,,,,
13605,380.7862817,0.307630811,1,9,0,travel,11,mobile,1,57,0.711521219,Asian,Male,Brazil,,,,
13606,103.6883723,0.928029475,0,7,0,electronics,3,mobile,1,24,0.582654021,Black,Male,China,,,,
13607,100.6037904,7.944076611,0,2,0,travel,21,mobile,0,68,0.347169898,Black,Female,Nigeria,,,,
13608,95.41102386,0.005733039,0,5,1,electronics,12,web,1,75,0.785248678,Asian,Female,France,,,,
13609,91.8441631,1.659245003,0,5,0,luxury,19,branch,0,66,0.66816976,Black,Male,China,,,,
13610,97.34596405,4.385814753,0,8,0,electronics,9,web,0,70,0.005416298,Black,Male,UK,,,,
13611,195.0335328,4.524898857,0,9,0,travel,1,branch,0,62,0.865134606,Black,Male,France,,,,
13612,390.5054223,7.506347149,0,8,0,clothing,16,web,0,64,0.397091882,Other,Other,Brazil,,,,
13613,69.45789274,3.525352453,0,2,0,electronics,9,branch,0,43,0.645447601,Other,Male,France,,,,
13614,81.84474418,3.560649789,0,4,0,clothing,22,web,1,75,0.396768321,Other,Male,France,,,,
13615,211.6813076,6.460570926,0,2,0,luxury,15,web,0,48,0.881362044,White,Male,China,,,,
13616,269.3970629,3.451999422,0,6,0,grocery,8,mobile,0,19,0.650835446,Black,Other,India,,,,
13617,39.37282047,4.688734982,0,4,0,grocery,18,web,0,45,0.579386209,Asian,Other,India,,,,
13618,489.1871905,11.40284949,0,7,0,travel,10,mobile,0,59,0.98026475,Asian,Male,India,,,,
13619,125.3590813,2.566234494,0,2,0,electronics,5,mobile,0,30,0.28064052,Black,Male,India,,,,
13620,43.43710502,2.431681996,0,9,0,luxury,3,web,1,35,0.065254291,Asian,Other,Nigeria,,,,
13621,37.36023593,0.017776522,0,5,0,luxury,15,branch,0,47,0.516010433,White,Other,Brazil,,,,
13622,34.9890509,4.75216322,0,1,0,clothing,11,web,0,72,0.424017834,Asian,Female,France,,,,
13623,348.9078046,0.151120441,0,3,0,travel,23,mobile,0,28,0.454290049,Other,Other,China,,,,
13624,171.560429,3.507393858,0,4,0,luxury,23,mobile,0,30,0.620104838,Other,Other,Brazil,,,,
13625,351.0865293,8.154170664,1,3,0,electronics,15,web,1,68,0.615121637,Other,Male,France,,,,
13626,147.8074964,3.991661564,0,6,0,luxury,22,web,0,78,0.392264293,Other,Male,China,,,,
13627,344.4124112,1.571062326,0,6,0,grocery,21,web,0,41,0.862877024,Asian,Male,India,,,,
13628,144.9463534,7.71283295,0,7,0,travel,2,web,1,74,0.651458509,Black,Other,Nigeria,,,,
13629,240.8535335,1.571615772,0,9,0,clothing,11,branch,1,79,0.889911679,White,Female,France,,,,
13630,155.7222979,6.603128287,1,9,0,electronics,14,mobile,1,46,0.913153905,White,Male,France,,,,
13631,138.1405248,4.711357326,1,7,0,grocery,19,web,1,73,0.167312076,Asian,Female,UK,,,,
13632,75.8801443,0.931625582,0,1,1,luxury,11,web,1,71,0.680561874,Asian,Female,Nigeria,,,,
13633,264.7295917,11.77644295,0,3,0,travel,8,web,1,22,0.317511864,Other,Other,Nigeria,,,,
13634,61.2353762,1.119742394,1,5,0,travel,9,mobile,1,52,0.836429055,Black,Other,Nigeria,,,,
13635,264.4192252,22.82353687,0,6,0,electronics,22,mobile,1,36,0.73285158,Other,Male,Brazil,,,,
13636,177.4770304,0.036686706,0,6,0,clothing,7,mobile,0,72,0.198747688,Black,Other,India,,,,
13637,269.4141204,1.529117366,0,5,0,grocery,12,web,1,30,0.938730767,Other,Female,UK,,,,
13638,189.1209248,1.114844691,0,6,1,clothing,21,mobile,0,22,0.683479007,White,Other,Brazil,,,,
13639,370.3485752,0.070461205,0,9,0,electronics,14,web,1,61,0.948633103,Black,Other,China,,,,
13640,224.3383557,6.590710017,0,1,0,electronics,16,web,0,31,0.201911172,White,Female,India,,,,
13641,180.3094383,5.911477358,0,1,1,grocery,11,branch,0,55,0.869705094,Other,Other,France,,,,
13642,10.86924707,7.859529765,1,9,0,travel,15,branch,1,79,0.66807282,White,Other,UK,,,,
13643,380.5633604,1.483267959,0,8,0,travel,10,branch,1,39,0.552286594,Asian,Male,Brazil,,,,
13644,34.55981073,2.937949925,0,9,0,grocery,18,mobile,1,26,0.8205129,White,Female,UK,,,,
13645,47.68782021,5.381028826,0,7,0,clothing,12,branch,0,66,0.632863887,White,Other,India,,,,
13646,287.4064708,2.897025974,0,6,0,grocery,2,mobile,1,57,0.669600161,Other,Female,China,,,,
13647,166.810001,5.975491007,0,9,0,travel,3,web,1,43,0.253670584,White,Other,China,,,,
13648,36.22165448,5.025246468,0,2,0,clothing,23,branch,0,62,0.817053689,White,Male,Brazil,,,,
13649,100.4834924,0.608848752,0,4,0,luxury,14,branch,0,78,0.650302702,Asian,Other,China,,,,
13650,367.0447743,7.594402342,0,2,0,clothing,13,mobile,0,22,0.844389179,Black,Other,Brazil,,,,
13651,184.9305883,6.376920831,0,6,0,travel,10,mobile,1,46,0.351526966,Black,Female,UK,,,,
13652,169.9654193,5.333161531,0,1,1,electronics,12,branch,0,71,0.331710122,White,Other,France,,,,
13653,90.21775882,0.842647172,0,7,0,clothing,19,mobile,0,39,0.023902965,Black,Female,France,,,,
13654,294.5553136,1.559849568,0,7,0,clothing,17,mobile,0,66,0.768605327,Black,Male,France,,,,
13655,151.2698842,2.497590903,0,7,0,electronics,12,mobile,1,20,0.330314387,White,Female,India,,,,
13656,257.1905838,1.64203162,0,4,0,travel,20,web,0,45,0.32721231,Other,Other,UK,,,,
13657,82.2360871,1.292625108,0,8,0,luxury,18,branch,0,55,0.688684515,White,Female,China,,,,
13658,612.9722102,8.182958053,0,5,0,luxury,3,mobile,1,31,0.252868977,Black,Male,India,,,,
13659,413.0189004,5.083764188,0,2,0,grocery,11,mobile,0,64,0.909020487,Asian,Other,India,,,,
13660,183.4545634,4.167475986,0,5,0,luxury,2,web,0,31,0.538065991,Black,Male,C,,,,
13661,214.2144094,1.280611551,0,9,0,luxury,15,web,1,60,0.969477236,Other,Male,France,,,,
13662,101.304397,12.50985077,0,1,0,clothing,0,web,0,28,0.076668845,White,Other,France,,,,
13663,271.8161423,1.060913205,0,2,0,grocery,3,web,0,26,0.336825368,Black,Other,France,,,,
13664,14.57911162,7.922529882,0,8,1,luxury,8,branch,0,55,0.381470343,Black,Female,China,,,,
13665,484.1875059,17.006887,0,5,0,clothing,22,branch,0,64,0.73042072,Asian,Other,UK,,,,
13666,260.7421575,6.493116045,0,9,0,grocery,12,mobile,0,61,0.212962258,Other,Female,UK,,,,
13667,68.14249958,24.70935487,0,6,0,clothing,21,branch,1,78,0.375345853,Black,Male,China,,,,
13668,476.331097,5.264149172,0,8,0,electronics,9,mobile,0,23,0.910642544,Black,Female,France,,,,
13669,578.591893,1.226053394,0,1,0,travel,8,branch,0,18,0.114550884,White,Other,India,,,,
13670,222.7116384,1.139646761,0,9,0,travel,19,branch,1,42,0.745324001,Other,Female,UK,,,,
13671,83.48639277,1.961986458,0,9,0,travel,5,branch,0,33,0.702485112,Asian,Other,Brazil,,,,
13672,172.0060535,0.035777801,0,3,0,luxury,18,mobile,1,69,0.130505077,Black,Male,India,,,,
13673,246.1782291,5.723780691,0,1,0,travel,2,mobile,0,32,0.688490687,Other,Female,China,,,,
13674,209.4330443,1.564437277,0,8,0,travel,9,web,1,51,0.569783789,Other,Female,India,,,,
13675,68.15203516,8.441951948,0,8,0,grocery,9,mobile,0,34,0.287522337,Other,Female,Nigeria,,,,
13676,243.0146816,2.22497602,0,9,0,grocery,23,web,0,20,0.311141195,Other,Female,UK,,,,
13677,364.1528988,3.269214022,0,6,0,grocery,20,mobile,0,20,0.832992275,Black,Male,Brazil,,,,
13678,53.72665583,16.86143422,0,9,0,luxury,23,mobile,0,54,0.231014986,Other,Other,UK,,,,
13679,60.24495404,1.386494972,0,9,1,travel,1,branch,1,34,0.512780529,White,Female,India,,,,
13680,97.7624318,6.387273278,1,4,0,luxury,12,mobile,1,72,0.681149737,White,Male,China,,,,
13681,140.5204837,7.034889784,0,5,0,luxury,6,branch,1,78,0.129901694,Asian,Other,UK,,,,
13682,299.78694,1.24870934,1,6,0,luxury,12,mobile,1,66,0.932353871,Asian,Male,India,,,,
13683,361.425075,3.475714219,0,6,0,luxury,13,web,1,69,0.260634315,Other,Female,Brazil,,,,
13684,80.27334023,2.155468093,1,2,1,luxury,17,mobile,0,55,0.318834923,Asian,Female,India,,,,
13685,193.787222,7.389992607,0,4,0,luxury,13,branch,0,18,0.666115738,Other,Male,China,,,,
13686,351.5904488,4.870702616,0,9,0,travel,22,branch,1,24,0.078191647,White,Female,France,,,,
13687,635.7857274,3.231156286,1,7,0,grocery,12,branch,1,43,0.62761269,White,Female,China,,,,
13688,193.0349137,7.556188316,0,9,1,clothing,18,branch,1,64,0.91602996,White,Male,India,,,,
13689,200.9893693,1.340414127,1,6,0,clothing,7,mobile,1,56,0.249090555,White,Other,France,,,,
13690,223.7021237,7.004439262,0,7,0,clothing,3,branch,1,36,0.361907727,Asian,Male,Brazil,,,,
13691,128.9175967,10.02628517,0,9,1,electronics,8,branch,1,69,0.232333958,Asian,Male,Brazil,,,,
13692,182.1744515,10.54421157,0,4,1,grocery,11,mobile,1,71,0.818768749,Other,Female,India,,,,
13693,19.9092981,7.654834342,0,9,0,travel,19,branch,1,47,0.167607824,Asian,Other,France,,,,
13694,101.7799492,2.621362876,0,3,0,luxury,1,web,0,60,0.346628235,White,Female,India,,,,
13695,240.3199783,20.03387295,0,8,0,clothing,3,web,0,72,0.601021821,White,Male,Brazil,,,,
13696,76.09168889,2.386903012,1,3,0,grocery,20,branch,0,31,0.404554433,Other,Other,France,,,,
13697,304.6609317,5.089200915,0,3,0,travel,23,web,1,30,0.065469315,White,Other,Nigeria,,,,
13698,29.6409019,0.878164945,0,3,1,clothing,18,branch,1,37,0.947720668,White,Female,Nigeria,,,,
13699,296.5674055,19.67361829,0,9,0,grocery,8,mobile,1,43,0.337900442,Other,Other,Brazil,,,,
13700,296.0130268,6.086741323,0,3,1,travel,8,web,1,44,0.445651213,Other,Male,China,,,,
13701,643.2060527,6.999483175,0,6,0,grocery,10,web,1,42,0.167545335,Black,Other,France,,,,
13702,124.7925607,0.340198969,0,4,0,luxury,9,mobile,0,26,0.865350239,Asian,Male,India,,,,
13703,166.9220065,7.207298114,0,2,0,grocery,2,web,0,58,0.291428788,Asian,Male,China,,,,
13704,453.2162247,7.452132141,0,3,1,grocery,7,branch,1,65,0.019823043,Other,Male,China,,,,
13705,415.1743748,5.570245016,0,5,0,electronics,21,branch,0,29,0.316402583,Black,Female,Brazil,,,,
13706,336.0800976,1.725917646,0,4,0,luxury,10,web,0,27,0.984059685,Asian,Female,Brazil,,,,
13707,214.7123565,3.363684887,0,5,0,grocery,5,mobile,0,23,0.146842873,White,Female,UK,,,,
13708,445.0665264,0.585109965,0,1,1,luxury,17,branch,0,67,0.031202488,Other,Other,China,,,,
13709,793.3305389,3.189386149,0,4,0,grocery,7,branch,0,51,0.57817559,Other,Other,China,,,,
13710,256.4188286,1.397404654,1,3,1,luxury,22,web,1,76,0.371666546,Asian,Other,India,,,,
13711,173.1163588,2.146973143,1,2,0,travel,1,mobile,0,69,0.794975299,White,Female,India,,,,
13712,278.4135835,0.887269566,0,7,0,clothing,19,branch,0,58,0.731887764,White,Male,Nigeria,,,,
13713,191.0113414,1.30717687,0,9,1,electronics,4,mobile,1,36,0.185419028,Other,Male,UK,,,,
13714,133.8558845,0.39829405,0,1,0,clothing,9,web,0,23,0.564632305,Other,Female,China,,,,
13715,305.5581147,12.62248242,0,7,0,grocery,17,web,0,19,0.032436007,White,Male,India,,,,
13716,110.3509253,3.779483852,1,1,0,grocery,11,branch,1,32,0.439478228,Other,Male,China,,,,
13717,252.7122944,2.527051327,0,5,0,travel,22,mobile,0,34,0.714053222,Black,Female,India,,,,
13718,37.92187474,3.828903493,0,1,0,grocery,20,mobile,0,33,0.414958792,Asian,Male,Nigeria,,,,
13719,498.5257265,4.948249921,0,3,0,luxury,1,web,1,45,0.117954148,White,Female,UK,,,,
13720,85.64585518,12.74746864,0,8,0,clothing,9,web,1,38,0.061533587,Asian,Other,UK,,,,
13721,46.81367336,0.984291236,0,4,0,grocery,11,web,1,25,0.85365945,Black,Male,France,,,,
13722,405.6347726,1.751707347,0,1,0,travel,18,web,1,27,0.89132696,Other,Female,China,,,,
13723,457.1931553,18.60481048,0,1,0,electronics,4,web,0,27,0.343092481,Asian,Other,Brazil,,,,
13724,211.5186027,2.319654422,1,8,0,clothing,9,branch,1,67,0.164172325,Asian,Male,France,,,,
13725,154.6868782,0.114100295,0,8,0,travel,0,branch,1,27,0.978616213,Other,Other,UK,,,,
13726,127.262858,0.798752019,0,4,0,travel,6,mobile,1,26,0.545863804,Asian,Male,China,,,,
13727,203.1624355,0.133458894,0,4,0,clothing,0,branch,0,45,0.476655044,Asian,Other,Nigeria,,,,
13728,161.5136205,22.98756907,0,2,0,travel,21,branch,1,41,0.741607747,Black,Other,France,,,,
13729,146.5317689,1.634685151,0,2,0,electronics,21,branch,0,36,0.168869339,Asian,Male,Nigeria,,,,
13730,77.598427,12.85511804,0,6,0,electronics,16,mobile,0,50,0.579989723,Other,Female,UK,,,,
13731,58.34854903,27.4671326,0,8,0,grocery,11,branch,0,21,0.890162356,Other,Other,China,,,,
13732,178.2164552,4.579469317,0,7,0,luxury,6,mobile,0,73,0.023068486,Other,Female,Nigeria,,,,
13733,198.5989924,0.168799093,0,7,0,grocery,7,mobile,1,20,0.672939707,White,Other,France,,,,
13734,90.08994486,0.425565701,0,3,0,luxury,2,branch,1,59,0.551423956,Black,Other,UK,,,,
13735,101.711104,3.284935107,0,2,0,clothing,14,branch,0,29,0.950800784,Asian,Male,UK,,,,
13736,198.2462958,2.605827928,0,7,0,travel,11,branch,1,35,0.25869851,Asian,Other,France,,,,
13737,75.73970437,4.659272428,0,4,0,grocery,16,web,0,40,0.858891642,Other,Other,China,,,,
13738,344.9803028,2.888815632,1,1,0,travel,1,mobile,1,37,0.308985702,Other,Female,Brazil,,,,
13739,245.5825701,13.59632799,0,1,0,grocery,16,mobile,0,23,0.429863576,Other,Female,France,,,,
13740,89.34865154,3.825791391,0,4,0,grocery,3,web,1,70,0.213287565,Other,Female,France,,,,
13741,236.7273779,5.916376768,0,5,0,electronics,6,web,1,51,0.863591016,White,Male,China,,,,
13742,77.45923155,11.34020692,0,5,0,luxury,14,branch,0,59,0.195409661,Black,Female,India,,,,
13743,296.969114,0.794227693,1,1,0,clothing,20,web,1,19,0.859012993,Black,Male,UK,,,,
13744,80.2820487,1.305101092,0,3,1,travel,15,web,1,47,0.455613383,White,Male,India,,,,
13745,152.3208411,0.567628022,0,6,0,grocery,5,web,0,26,0.835085494,Asian,Female,India,,,,
13746,186.4788536,0.75201256,0,7,0,travel,4,mobile,1,44,0.264488559,Asian,Other,India,,,,
13747,452.577983,3.593186216,0,1,0,electronics,15,web,0,59,0.132730141,Black,Other,Nigeria,,,,
13748,85.04463238,1.936990953,0,8,0,clothing,0,branch,0,51,0.554961265,Black,Female,France,,,,
13749,81.94548341,2.75106303,0,4,0,luxury,14,mobile,1,57,0.509437067,Asian,Other,India,,,,
13750,40.55480839,20.22486763,0,9,0,luxury,19,mobile,0,41,0.356607378,White,Male,Nigeria,,,,
13751,543.0097306,0.852188341,0,6,0,grocery,4,web,1,66,0.662821419,White,Female,Nigeria,,,,
13752,171.2008073,3.891478605,0,1,0,clothing,12,web,0,34,0.095142829,Asian,Male,UK,,,,
13753,350.6835258,0.520535147,0,2,1,luxury,13,web,0,46,0.622001075,White,Female,France,,,,
13754,103.267557,1.917268091,0,3,0,clothing,1,web,0,53,0.211756094,Other,Other,China,,,,
13755,111.6402599,3.748861992,0,2,0,travel,1,branch,0,67,0.128954556,Black,Other,Brazil,,,,
13756,160.8073177,14.65269602,0,7,0,electronics,18,web,0,29,0.90960818,Asian,Male,France,,,,
13757,164.5368315,2.481559145,1,1,0,clothing,18,branch,1,48,0.459795761,Other,Other,Nigeria,,,,
13758,271.3632567,0.335544823,0,9,1,clothing,11,web,1,66,0.763416872,Other,Other,France,,,,
13759,175.019505,2.456434176,0,2,0,luxury,22,web,0,26,0.089116928,White,Male,UK,,,,
13760,123.1301004,0.787605292,0,4,1,grocery,16,branch,1,78,0.057464878,White,Male,France,,,,
13761,549.729913,1.306756375,0,8,0,grocery,1,web,1,36,0.494852213,Black,Male,Nigeria,,,,
13762,76.63104824,4.81285966,0,3,0,travel,10,mobile,1,63,0.315551152,Black,Female,Nigeria,,,,
13763,85.46286674,0.34902243,0,9,0,luxury,16,branch,1,63,0.004907293,Asian,Male,India,,,,
13764,77.63451437,3.124861609,0,7,0,luxury,13,branch,1,79,0.183294645,Black,Female,Nigeria,,,,
13765,278.8035917,4.701144716,0,3,0,electronics,8,mobile,1,34,0.218775515,Other,Female,UK,,,,
13766,231.5293256,2.739682222,0,3,1,grocery,18,branch,1,19,0.288506355,Black,Female,Nigeria,,,,
13767,147.0259136,0.096558127,0,5,0,luxury,18,web,1,57,0.877535577,Other,Male,France,,,,
13768,74.02332166,21.1747124,0,5,0,travel,0,branch,1,22,0.420602531,Other,Female,China,,,,
13769,185.8771273,2.287338802,0,5,1,electronics,4,branch,1,76,0.67943239,Asian,Other,China,,,,
13770,306.3975846,7.53840612,0,9,0,grocery,18,mobile,1,56,0.018396093,White,Male,China,,,,
13771,465.0290281,1.970004066,0,9,1,grocery,1,branch,1,71,0.813925678,Black,Male,Brazil,,,,
13772,99.50699999,3.221944675,0,6,0,grocery,13,web,1,78,0.240328944,Asian,Female,Nigeria,,,,
13773,146.6205149,2.458904348,0,7,0,electronics,18,branch,1,65,0.309039329,Black,Male,China,,,,
13774,229.9141064,2.096850907,0,8,0,travel,23,branch,1,33,0.045256432,Other,Female,UK,,,,
13775,122.1084548,0.110468272,0,9,0,travel,7,mobile,0,34,0.409692906,Black,Male,UK,,,,
13776,47.70940049,2.231599093,0,6,0,luxury,16,mobile,1,71,0.852576773,White,Female,China,,,,
13777,147.2056342,11.01324589,0,8,0,luxury,1,branch,1,44,0.378734258,Black,Male,UK,,,,
13778,54.1674595,5.862263107,0,2,0,grocery,16,web,1,24,0.908605271,Black,Male,China,,,,
13779,324.6965136,0.785742522,0,8,0,clothing,7,mobile,1,69,0.867447603,Other,Female,UK,,,,
13780,130.2620532,4.472095896,0,2,1,luxury,13,mobile,1,25,0.061960943,Black,Other,France,,,,
13781,158.9027882,11.13881966,0,8,0,travel,16,web,0,25,0.305271944,White,Male,India,,,,
13782,87.48256037,6.020431403,0,2,1,grocery,5,mobile,0,40,0.910417308,Black,Other,Brazil,,,,
13783,163.7085285,0.804861762,0,3,0,travel,10,branch,0,49,0.029808942,Other,Other,China,,,,
13784,392.2182273,10.11842598,0,7,0,grocery,7,mobile,0,60,0.765808285,Asian,Male,India,,,,
13785,349.2218107,1.794415567,0,9,0,electronics,12,web,1,64,0.906427979,Other,Male,India,,,,
13786,62.74858355,3.026378857,0,3,1,luxury,7,branch,0,35,0.770491398,Other,Female,India,,,,
13787,4.482313369,3.734245917,0,5,0,electronics,6,web,0,55,0.743814317,Other,Female,France,,,,
13788,148.107009,9.502515318,0,9,0,luxury,23,web,1,71,0.843355776,Asian,Other,Brazil,,,,
13789,130.9890579,13.41246019,0,7,1,travel,23,web,1,29,0.665789561,White,Female,Nigeria,,,,
13790,124.5635826,13.27156702,0,2,0,travel,2,web,0,32,0.423096189,Other,Female,Nigeria,,,,
13791,105.0532412,0.039929923,0,5,1,clothing,1,mobile,1,45,0.062755551,Other,Female,China,,,,
13792,61.36136438,12.74808901,0,5,1,travel,11,mobile,0,72,0.787967445,White,Female,Brazil,,,,
13793,672.1850229,0.279609243,0,9,1,grocery,3,mobile,1,55,0.905253639,White,Male,Brazil,,,,
13794,542.6860042,1.544689642,0,2,0,clothing,4,mobile,0,67,0.511586462,Black,Female,UK,,,,
13795,120.2321098,3.617906733,1,1,0,grocery,15,branch,1,73,0.532510474,White,Other,India,,,,
13796,183.9071967,3.268917859,0,4,0,clothing,1,mobile,0,48,0.403286984,Asian,Male,UK,,,,
13797,328.6791043,4.640675424,0,4,0,grocery,23,web,0,69,0.856882611,Other,Male,France,,,,
13798,183.4525185,3.264310447,0,1,0,clothing,23,branch,0,26,0.014803304,Other,Other,France,,,,
13799,112.403699,13.61904457,1,7,0,luxury,12,mobile,1,25,0.62454855,Asian,Male,Brazil,,,,
13800,48.60676879,1.375796376,0,2,1,luxury,3,mobile,0,63,0.907413098,Black,Male,France,,,,
13801,168.2497057,1.601196393,0,9,0,clothing,4,branch,1,36,0.103222326,Other,Other,Brazil,,,,
13802,54.99521273,12.67497823,0,7,1,electronics,11,mobile,1,68,0.959164537,Other,Female,Nigeria,,,,
13803,374.3883009,0.399219337,0,7,0,clothing,14,web,1,25,0.967678164,Black,Male,India,,,,
13804,162.5343677,4.702415379,0,1,0,electronics,4,web,0,51,0.929788965,Black,Female,France,,,,
13805,243.3407065,5.724369507,0,9,0,grocery,4,web,1,74,0.462546096,Black,Other,UK,,,,
13806,127.8278806,3.521462532,0,9,1,clothing,15,web,0,21,0.382970003,Asian,Male,France,,,,
13807,298.2942161,5.924641191,0,2,0,electronics,8,mobile,1,48,0.705947737,Asian,Female,China,,,,
13808,97.69725011,0.948269742,0,9,0,clothing,14,web,0,55,0.318690218,White,Other,India,,,,
13809,207.1582587,9.574119993,0,2,0,luxury,3,mobile,1,20,0.068344153,Black,Male,France,,,,
13810,123.9978651,0.754263808,0,2,0,luxury,16,mobile,1,52,0.901422163,Asian,Male,Brazil,,,,
13811,139.643081,2.560903076,0,8,0,clothing,23,mobile,1,36,0.63485606,Asian,Female,France,,,,
13812,325.7475091,0.391200341,0,3,1,clothing,0,mobile,0,60,0.207154498,White,Male,Nigeria,,,,
13813,86.88322057,3.939609386,0,3,0,travel,15,branch,1,46,0.018408561,Asian,Female,Nigeria,,,,
13814,217.6644373,5.539463203,0,7,0,luxury,22,branch,1,27,0.723515967,Other,Female,France,,,,
13815,404.6764458,14.16990718,0,6,0,grocery,19,branch,1,29,0.852799923,Asian,Male,UK,,,,
13816,317.6547569,6.722619044,1,7,0,clothing,16,web,1,63,0.405647576,Black,Other,France,,,,
13817,100.1356073,3.894646565,0,6,1,travel,3,mobile,1,47,0.080898211,White,Male,Brazil,,,,
13818,239.5445062,13.48681387,0,9,0,clothing,22,mobile,0,47,0.648621238,Black,Other,Brazil,,,,
13819,29.67020703,3.25462448,0,2,1,luxury,12,web,0,77,0.296929052,Black,Female,Brazil,,,,
13820,333.3203497,4.118622169,0,8,1,electronics,7,branch,1,35,0.143946725,White,Female,UK,,,,
13821,791.822708,4.532921556,0,6,1,electronics,17,mobile,1,41,0.510396555,Other,Male,Nigeria,,,,
13822,208.754857,2.637991899,0,4,0,luxury,12,web,0,49,0.481843725,White,Male,Brazil,,,,
13823,418.166711,9.115714815,0,6,1,grocery,8,branch,0,26,0.516770409,Other,Male,Brazil,,,,
13824,46.33684086,1.023915325,0,6,0,travel,4,web,1,64,0.823932324,Other,Female,France,,,,
13825,67.78767321,4.046632157,0,3,0,clothing,10,web,1,41,0.484545882,Black,Male,Nigeria,,,,
13826,127.4447089,6.404867843,0,8,0,clothing,13,mobile,0,43,0.90054058,Black,Other,Brazil,,,,
13827,147.1090735,11.71579454,0,5,0,clothing,23,branch,1,20,0.84181062,Black,Other,Brazil,,,,
13828,209.719196,10.76730928,0,4,1,travel,17,branch,0,40,0.651115949,Black,Female,France,,,,
13829,100.5517666,3.553911745,2,2,0,travel,17,mobile,1,28,0.056851858,White,Female,France,,,,
13830,185.3537995,5.152359218,0,1,1,luxury,19,branch,0,27,0.864944389,Asian,Male,India,,,,
13831,325.3055038,2.506338369,0,7,0,travel,15,web,1,67,0.905572029,White,Male,France,,,,
13832,238.9184674,3.157229931,0,3,1,clothing,3,web,0,53,0.375047135,Asian,Other,France,,,,
13833,124.1278373,11.83646041,0,3,0,clothing,18,web,0,77,0.52615176,White,Other,India,,,,
13834,281.9500042,13.34683998,0,3,1,travel,4,mobile,0,30,0.281020671,Black,Female,Brazil,,,,
13835,119.8356318,11.28873067,0,3,1,travel,1,branch,0,79,0.014716334,Asian,Male,China,,,,
13836,177.8189463,0.744651675,0,2,0,luxury,16,mobile,1,46,0.479451061,White,Male,France,,,,
13837,313.9548853,9.48840142,0,6,0,electronics,3,mobile,0,55,0.129358973,White,Male,UK,,,,
13838,144.0783,14.81765483,0,3,0,travel,5,mobile,1,76,0.18332471,Other,Male,India,,,,
13839,54.22620226,2.241208297,0,1,0,electronics,21,mobile,0,70,0.480710812,White,Other,China,,,,
13840,174.0998312,3.65576457,0,9,0,grocery,17,branch,1,30,0.867038341,Black,Male,China,,,,
13841,315.8600462,7.550118461,0,6,1,electronics,5,web,1,74,0.844632672,White,Other,India,,,,
13842,335.8507536,4.128573904,0,6,0,travel,19,web,1,43,0.965068421,White,Female,China,,,,
13843,65.21575637,25.16710594,0,9,0,clothing,14,web,1,37,0.482680619,Black,Male,Brazil,,,,
13844,274.1405316,3.041396343,1,2,0,clothing,0,branch,0,22,0.55200891,Asian,Other,China,,,,
13845,137.4006993,6.257815889,0,9,0,travel,16,branch,0,37,0.822116234,Asian,Other,China,,,,
13846,436.7958612,7.865316328,0,3,0,luxury,1,branch,0,31,0.69967341,Black,Other,France,,,,
13847,55.35038568,3.407085398,0,3,0,travel,3,web,0,62,0.182822107,Asian,Male,UK,,,,
13848,270.5428242,9.723987042,0,3,0,travel,23,branch,0,31,0.398174752,Other,Other,Brazil,,,,
13849,125.7873689,3.949993241,0,1,0,luxury,2,web,0,25,0.929159292,White,Other,France,,,,
13850,101.9028966,2.652173122,0,7,0,luxury,20,web,0,65,0.146127143,White,Female,Brazil,,,,
13851,323.6224309,0.570457454,0,7,0,grocery,2,mobile,0,30,0.209356374,Asian,Male,China,,,,
13852,358.7536721,2.499540325,0,2,1,grocery,23,branch,0,41,0.400660042,Asian,Other,India,,,,
13853,20.4850839,6.620100534,0,6,0,grocery,13,mobile,0,32,0.939874133,Asian,Other,India,,,,
13854,327.5851184,12.70969739,0,4,1,luxury,19,branch,0,68,0.113818142,Black,Male,France,,,,
13855,157.9855066,1.449618942,0,7,0,electronics,7,branch,0,18,0.672942367,Other,Male,Brazil,,,,
13856,170.4092455,2.19435086,0,7,0,travel,7,mobile,1,39,0.132122524,Other,Other,China,,,,
13857,52.3914051,0.835949071,0,4,0,grocery,8,branch,0,51,0.524501036,Asian,Male,France,,,,
13858,258.0984681,5.867588108,0,3,0,electronics,17,branch,0,67,0.536563513,Black,Male,China,,,,
13859,682.9670994,16.11798853,0,7,0,travel,6,branch,1,68,0.042626107,Asian,Male,Nigeria,,,,
13860,107.2815207,5.121499035,0,9,1,electronics,9,web,1,57,0.954117791,Black,Male,France,,,,
13861,381.9914624,4.799600635,0,4,1,clothing,0,web,0,20,0.80662263,Black,Male,China,,,,
13862,165.675991,4.031466634,0,6,1,clothing,3,branch,1,72,0.302854202,White,Other,Nigeria,,,,
13863,110.9199728,0.463075647,0,7,0,travel,19,mobile,1,43,0.130624292,Asian,Other,India,,,,
13864,42.72219918,6.537486633,0,3,0,electronics,3,web,0,31,0.345626713,White,Female,UK,,,,
13865,418.7091542,4.607138814,0,5,0,electronics,22,web,0,75,0.894276546,White,Female,India,,,,
13866,181.4290026,5.415812797,0,1,0,luxury,13,branch,0,58,0.132683597,Other,Male,UK,,,,
13867,115.7411555,11.45383072,0,6,0,grocery,4,web,0,78,0.349317098,Black,Male,Brazil,,,,
13868,132.1186898,7.661476732,0,5,0,travel,4,mobile,1,25,0.494304425,Black,Other,UK,,,,
13869,272.7210089,7.591483238,0,7,1,electronics,18,mobile,1,66,0.032884317,Black,Female,Brazil,,,,
13870,115.5849753,13.09908197,0,9,0,grocery,20,mobile,1,72,0.268033713,Black,Male,Nigeria,,,,
13871,73.43339028,22.99343199,1,4,1,travel,4,mobile,1,72,0.595633894,White,Male,Brazil,,,,
13872,152.4188176,4.352796824,0,9,1,electronics,23,web,1,73,0.323964581,Black,Female,France,,,,
13873,148.7997307,0.57638997,0,6,0,clothing,10,web,1,33,0.87052544,Other,Female,France,,,,
13874,146.2503376,3.072880771,0,5,1,electronics,1,mobile,1,59,0.936765419,Other,Male,China,,,,
13875,116.8551353,7.746446936,0,2,0,clothing,14,web,1,38,0.441542865,White,Female,France,,,,
13876,390.8811823,0.140584634,0,1,0,clothing,13,branch,0,27,0.532020475,White,Female,India,,,,
13877,844.8002746,0.29284819,0,8,0,luxury,13,branch,1,74,0.630808268,Asian,Female,China,,,,
13878,65.36832701,0.347596027,0,6,0,luxury,7,branch,0,42,0.664534966,Asian,Other,France,,,,
13879,16.61620443,6.565884194,0,7,0,grocery,19,branch,0,73,0.063257944,Black,Male,Brazil,,,,
13880,138.1007003,3.47741582,0,6,0,travel,7,branch,0,55,0.05367943,White,Female,Brazil,,,,
13881,19.39989781,2.301438459,0,7,1,grocery,4,mobile,1,39,0.865587674,White,Female,Brazil,,,,
13882,38.37473721,0.558106173,0,9,1,luxury,4,web,1,66,0.219872047,Other,Male,France,,,,
13883,108.863596,6.588325783,0,5,0,grocery,13,mobile,0,78,0.584105503,Other,Other,China,,,,
13884,271.3432266,1.93581664,1,1,0,travel,4,mobile,1,65,0.624671815,Other,Male,Nigeria,,,,
13885,136.8447373,1.541628943,0,1,0,travel,8,mobile,0,64,0.164464277,White,Female,Nigeria,,,,
13886,11.13434459,5.28235233,0,9,0,electronics,21,web,1,71,0.761596627,Asian,Female,India,,,,
13887,135.42298,4.093675518,0,5,0,grocery,10,branch,1,63,0.865945618,White,Male,Brazil,,,,
13888,143.5714741,2.25030421,0,2,0,luxury,16,mobile,0,21,0.285377681,White,Other,Brazil,,,,
13889,145.4715728,5.128958353,0,3,0,electronics,11,web,1,21,0.877840181,White,Male,India,,,,
13890,352.505473,1.58192731,0,1,0,grocery,11,mobile,0,47,0.081037169,Asian,Male,Brazil,,,,
13891,313.2324563,7.919588251,0,6,0,travel,23,web,0,19,0.800463926,Other,Male,UK,,,,
13892,176.16946,1.302403375,0,6,0,luxury,15,mobile,1,46,0.640111161,Black,Other,China,,,,
13893,598.4811752,0.864853238,0,3,0,grocery,0,branch,1,60,0.583110789,Black,Male,India,,,,
13894,108.6128388,7.626389451,0,3,0,travel,17,web,0,79,0.230132745,Black,Male,Brazil,,,,
13895,150.860905,6.153158936,0,7,0,travel,5,mobile,1,53,0.361841803,Asian,Male,India,,,,
13896,163.5366265,1.008371958,0,1,0,grocery,4,branch,0,38,0.910304384,Asian,Female,UK,,,,
13897,42.22900612,0.617881279,0,5,0,grocery,17,branch,1,78,0.465741086,Black,Other,UK,,,,
13898,166.1760373,9.113127462,0,3,0,luxury,12,web,0,77,0.594380084,Black,Female,China,,,,
13899,34.13022466,7.493922991,0,5,0,electronics,5,branch,1,38,0.935851533,Asian,Female,France,,,,
13900,94.74359743,1.98196225,0,4,0,travel,6,web,0,65,0.46648844,Black,Male,Brazil,,,,
13901,182.2089285,5.367609628,0,6,0,electronics,2,web,0,38,0.388269238,White,Female,China,,,,
13902,49.69340183,0.662860331,0,9,0,electronics,10,branch,0,21,0.893202111,Other,Male,UK,,,,
13903,213.0198831,3.536713906,0,2,0,travel,7,branch,0,18,0.910887955,Asian,Male,UK,,,,
13904,82.11805503,0.094539628,0,8,0,grocery,3,web,1,79,0.354638259,Other,Male,China,,,,
13905,123.7749996,2.484629051,0,2,0,travel,9,branch,0,43,0.591989683,Black,Female,UK,,,,
13906,240.6119174,0.388958166,0,4,0,electronics,8,web,0,73,0.963727773,Black,Other,France,,,,
13907,156.2716855,3.223186994,0,9,0,luxury,22,branch,1,68,0.055470695,Asian,Male,Brazil,,,,
13908,209.442272,2.73815389,0,4,1,travel,12,web,0,19,0.03980242,Asian,Other,India,,,,
13909,230.0858647,2.938398593,0,7,0,luxury,18,branch,0,26,0.516580509,White,Other,France,,,,
13910,154.2943549,0.231954559,0,5,0,grocery,14,branch,0,72,0.291240144,Asian,Female,Brazil,,,,
13911,218.300523,2.244079152,0,2,0,grocery,4,mobile,1,74,0.581849885,Other,Male,UK,,,,
13912,93.3750899,7.062860053,0,8,0,luxury,12,mobile,0,62,0.724295353,Asian,Female,France,,,,
13913,238.5031487,2.301568629,0,2,0,luxury,11,web,0,35,0.069074338,White,Other,Nigeria,,,,
13914,138.8072145,6.279348116,0,3,1,travel,8,mobile,1,65,0.882367476,Other,Other,Nigeria,,,,
13915,397.7290966,2.306041895,1,7,0,grocery,23,mobile,1,65,0.276887001,Black,Other,UK,,,,
13916,185.0779248,2.751640376,2,5,0,luxury,7,web,1,74,0.381347482,Asian,Male,Brazil,,,,
13917,105.2122132,4.149328093,0,3,0,clothing,8,branch,1,59,0.337036752,Black,Male,Brazil,,,,
13918,241.5065646,15.04732436,0,2,0,travel,20,branch,0,58,0.839834858,White,Female,France,,,,
13919,409.4173057,0.576271191,0,6,0,travel,12,web,1,28,0.1706522,Asian,Other,Nigeria,,,,
13920,113.3972025,0.167338067,0,1,0,clothing,8,mobile,0,42,0.028673218,White,Male,Brazil,,,,
13921,97.96707492,4.681921101,0,8,0,grocery,5,branch,0,43,0.971801612,Black,Other,France,,,,
13922,5.668752021,14.88917583,0,5,0,luxury,5,mobile,1,78,0.980632475,Other,Male,France,,,,
13923,184.7359673,22.88929894,0,5,0,luxury,10,web,0,75,0.25769283,White,Female,Nigeria,,,,
13924,127.9980819,3.309834365,0,2,0,grocery,9,mobile,0,53,0.009352635,Asian,Other,UK,,,,
13925,240.787816,3.156326123,0,7,0,clothing,13,web,1,59,0.645917102,Asian,Male,France,,,,
13926,244.5194871,5.177677202,0,5,0,clothing,5,web,1,52,0.648463283,Black,Female,UK,,,,
13927,44.2713601,4.055542179,0,8,0,clothing,6,branch,0,55,0.940356714,Black,Female,Nigeria,,,,
13928,312.2866479,5.026812846,0,5,0,travel,8,web,1,20,0.298470511,Black,Male,France,,,,
13929,86.04183855,10.35734406,0,9,0,luxury,2,branch,0,76,0.189504178,Black,Female,India,,,,
13930,113.9280307,6.858135654,0,5,0,electronics,11,web,0,58,0.616382347,Asian,Male,Nigeria,,,,
13931,213.9112528,3.434606922,0,3,1,travel,15,branch,0,52,0.563671066,Asian,Other,Nigeria,,,,
13932,61.27747452,3.098224078,0,2,0,travel,12,mobile,1,67,0.717736794,Asian,Female,India,,,,
13933,98.83450915,5.102728024,0,5,0,luxury,5,web,1,57,0.885127403,White,Other,Nigeria,,,,
13934,55.90538054,3.041331297,0,5,1,grocery,12,mobile,0,39,0.559745187,Other,Male,India,,,,
13935,331.1461308,3.060411297,0,6,1,luxury,4,web,1,25,0.15007526,Other,Other,India,,,,
13936,122.1846433,0.08220153,0,2,0,grocery,3,web,0,32,0.598128943,Other,Female,Nigeria,,,,
13937,50.62833615,0.956190783,0,5,0,luxury,7,web,0,62,0.374101567,White,Female,India,,,,
13938,54.31414965,3.352171803,0,1,0,travel,2,branch,0,24,0.452735029,Black,Female,India,,,,
13939,294.4644299,8.64824801,0,3,0,clothing,1,branch,1,36,0.959484391,Black,Female,Nigeria,,,,
13940,79.27557489,1.63368791,0,3,1,travel,19,mobile,0,57,0.554947054,Black,Male,India,,,,
13941,111.7662637,3.697457739,0,3,1,travel,18,mobile,0,59,0.149647159,Asian,Other,UK,,,,
13942,171.5647747,2.115310796,0,3,0,electronics,6,web,1,34,0.443158607,White,Male,Nigeria,,,,
13943,129.2518605,0.553562893,0,8,0,travel,11,mobile,0,18,0.228430503,Other,Female,Nigeria,,,,
13944,24.47424156,15.88608887,0,1,0,travel,3,web,0,62,0.135482494,Black,Other,UK,,,,
13945,259.5053211,9.643874457,1,6,0,travel,9,web,1,46,0.712234112,Other,Female,Brazil,,,,
13946,137.1060463,0.408721405,0,6,0,electronics,8,web,0,75,0.628569069,Black,Other,China,,,,
13947,207.683514,6.361030937,0,1,0,grocery,11,branch,1,30,0.497788867,Other,Other,France,,,,
13948,273.1347268,2.13533303,0,1,0,electronics,10,mobile,0,73,0.423238296,Asian,Female,India,,,,
13949,18.02673586,26.34360551,0,3,0,clothing,20,branch,0,65,0.322217731,White,Male,China,,,,
13950,274.9192075,1.800536423,0,8,1,grocery,18,web,1,46,0.088008712,Black,Female,India,,,,
13951,742.0263072,1.363891408,0,6,0,electronics,1,web,0,58,0.299269648,Black,Other,China,,,,
13952,224.1799881,4.195381812,0,4,0,clothing,5,branch,1,59,0.838394623,Black,Male,France,,,,
13953,401.9874209,9.012873619,1,5,0,clothing,5,mobile,1,23,0.783675395,Black,Male,India,,,,
13954,323.4572189,1.069177974,0,3,0,luxury,0,branch,0,22,0.972317724,White,Male,China,,,,
13955,267.8446187,6.179085295,0,6,0,luxury,6,branch,1,51,0.656067112,White,Male,India,,,,
13956,331.4097915,0.316864447,0,6,0,travel,11,mobile,0,28,0.553639758,Black,Other,UK,,,,
13957,370.5464931,12.56250404,0,6,1,grocery,20,web,1,26,0.296044483,Other,Other,UK,,,,
13958,380.6169158,0.422753396,0,9,0,electronics,22,mobile,1,55,0.076860243,Asian,Female,China,,,,
13959,54.16748638,12.28051016,1,8,0,travel,11,mobile,1,57,0.618018338,Black,Other,UK,,,,
13960,345.5095048,3.374643247,0,6,0,grocery,19,branch,0,58,0.488162192,Asian,Female,UK,,,,
13961,135.523422,2.971861529,0,2,1,luxury,20,web,1,26,0.759074513,Other,Other,Nigeria,,,,
13962,389.9404186,18.11678449,0,4,0,electronics,22,web,0,25,0.411857928,Black,Female,India,,,,
13963,238.4977789,23.2217269,0,6,0,clothing,5,web,0,61,0.985551358,Black,Male,France,,,,
13964,53.37440082,5.251655927,0,9,0,clothing,13,branch,0,75,0.397612055,Asian,Male,India,,,,
13965,426.5324486,0.679781892,0,2,0,travel,16,branch,0,57,0.333071635,Black,Other,Nigeria,,,,
13966,86.41268724,3.52782062,0,6,0,travel,16,m,1,20,0.870986377,Other,Male,Nigeria,,,,
13967,130.1997076,3.766217657,0,7,0,electronics,17,mobile,0,30,0.395506423,White,Female,India,,,,
13968,494.5208484,3.612328268,0,8,0,clothing,12,branch,0,36,0.870897319,Asian,Female,China,,,,
13969,186.0020965,4.213944986,0,9,0,travel,12,mobile,0,51,0.027354286,White,Male,India,,,,
13970,125.6391218,0.094511204,0,5,0,clothing,10,branch,1,49,0.692593311,Asian,Male,UK,,,,
13971,157.1796161,6.210576707,0,9,1,luxury,2,mobile,1,66,0.071852873,White,Male,Nigeria,,,,
13972,123.4637559,6.230824205,0,9,1,travel,16,web,1,33,0.148232463,Other,Other,India,,,,
13973,294.0747294,0.613492972,0,7,0,grocery,1,branch,0,53,0.70007502,Other,Female,France,,,,
13974,126.5874424,4.222635341,0,2,1,travel,1,mobile,0,35,0.289723341,Black,Other,France,,,,
13975,161.3868126,4.200830554,0,8,0,luxury,6,branch,1,31,0.210433401,Other,Other,UK,,,,
13976,253.1346359,5.73560658,0,5,0,electronics,21,branch,0,47,0.801526138,Other,Female,UK,,,,
13977,233.3918287,0.446329722,0,8,0,clothing,9,mobile,1,19,0.946246864,Black,Female,India,,,,
13978,92.8932451,4.924230646,0,2,1,electronics,13,mobile,1,30,0.232380649,Asian,Female,France,,,,
13979,296.579913,1.647744944,0,7,0,travel,20,branch,1,44,0.317195956,Other,Other,China,,,,
13980,108.4728428,3.536260854,0,5,0,grocery,18,branch,0,76,0.714073306,Other,Female,Nigeria,,,,
13981,66.39311732,7.421158103,0,4,1,electronics,16,mobile,1,70,0.815292871,White,Male,Brazil,,,,
13982,27.41276049,6.114859691,0,6,0,grocery,15,web,0,69,0.9991623,Other,Female,France,,,,
13983,144.7866337,0.632937885,0,5,0,travel,16,web,0,34,0.273370723,Black,Other,Nigeria,,,,
13984,34.6126476,4.472460136,1,6,0,grocery,17,web,1,48,0.556618589,Other,Male,France,,,,
13985,81.80588144,17.3876711,0,9,0,grocery,10,branch,0,32,0.134018941,White,Male,India,,,,
13986,164.5810319,0.852574279,0,1,0,luxury,18,web,0,74,0.330840105,Other,Other,Brazil,,,,
13987,365.0635285,9.583454178,0,1,0,electronics,10,branch,0,79,0.044968571,White,Other,Brazil,,,,
13988,133.0134037,6.062513412,0,6,0,travel,9,mobile,1,37,0.210838543,Other,Female,India,,,,
13989,43.23789421,7.436174694,0,2,0,luxury,13,web,1,22,0.506544977,Asian,Male,India,,,,
13990,153.0921565,1.656138357,0,8,0,grocery,13,mobile,0,24,0.163759123,Black,Female,UK,,,,
13991,355.4097143,1.697606908,0,7,0,luxury,9,web,0,35,0.88938331,Other,Male,Nigeria,,,,
13992,130.5426161,11.82333747,0,6,0,luxury,20,web,0,73,0.710309011,Asian,Other,China,,,,
13993,407.8444032,2.230123436,0,4,0,grocery,22,mobile,0,28,0.027736003,Asian,Male,Nigeria,,,,
13994,163.8608667,0.325442112,0,9,0,travel,3,mobile,1,49,0.876701556,Black,Male,UK,,,,
13995,275.6572222,4.588918023,0,7,0,clothing,9,branch,1,67,0.977320994,White,Male,Nigeria,,,,
13996,196.480237,0.66661518,0,7,1,luxury,5,mobile,0,44,0.50186157,Asian,Female,Brazil,,,,
13997,394.5728387,7.962811584,0,5,1,electronics,21,branch,1,43,0.314610678,Black,Male,France,,,,
13998,624.6449955,5.132571411,0,1,0,grocery,10,branch,1,54,0.263464449,Other,Female,Brazil,,,,
13999,113.0788824,10.38627987,0,2,1,clothing,17,mobile,0,62,0.087419494,White,Male,UK,,,,
14000,188.0135798,7.681802797,0,8,0,luxury,5,web,1,45,0.491609378,White,Female,Nigeria,,,,
14001,364.8834632,0.594557633,0,5,0,grocery,20,web,1,67,0.050140022,White,Female,Nigeria,,,,
14002,201.6169648,2.398820956,0,2,0,grocery,14,web,0,19,0.503837191,Asian,Male,France,,,,
14003,25.81330294,7.448511697,0,5,0,luxury,5,mobile,0,37,0.252548441,Asian,Other,China,,,,
14004,132.1926846,2.700769908,0,8,0,electronics,19,web,0,21,0.476431956,Black,Other,France,,,,
14005,200.3446971,17.94344868,0,4,0,grocery,0,branch,0,30,0.418384126,White,Male,France,,,,
14006,468.8107087,6.654117572,0,3,0,grocery,8,mobile,1,41,0.305114252,White,Male,Brazil,,,,
14007,180.3939075,0.078106481,0,5,0,luxury,13,branch,1,78,0.44863824,Black,Other,UK,,,,
14008,76.91650571,10.60072153,0,7,0,clothing,2,web,0,65,0.474033889,Other,Female,UK,,,,
14009,203.8890087,0.531275606,0,2,0,grocery,0,web,0,55,0.833691762,White,Other,UK,,,,
14010,437.532898,0.757160284,0,1,0,grocery,13,web,1,75,0.665783343,White,Other,Brazil,,,,
14011,98.54799541,6.630559079,0,5,0,luxury,13,branch,0,57,0.433156598,Black,Other,India,,,,
14012,109.6713519,10.01123817,0,7,1,grocery,3,web,0,65,0.905241938,Black,Female,Nigeria,,,,
14013,99.86769944,3.843122596,0,8,0,luxury,13,branch,1,62,0.755740777,Asian,Other,Brazil,,,,
14014,49.46962862,1.705763998,0,8,0,electronics,22,mobile,1,72,0.075716897,Other,Male,UK,,,,
14015,174.3269131,2.164044414,1,9,0,luxury,3,mobile,1,46,0.153745829,Asian,Male,Brazil,,,,
14016,159.0833403,2.099514133,0,1,1,clothing,10,mobile,0,75,0.081667884,Asian,Female,Brazil,,,,
14017,29.36850583,1.977658816,0,7,0,grocery,19,web,0,53,0.31886336,Black,Male,China,,,,
14018,82.46369817,1.391363544,0,8,0,electronics,8,branch,1,19,0.435646621,Asian,Female,India,,,,
14019,192.1062204,4.693539327,0,6,0,grocery,10,web,0,58,0.504245923,Other,Other,China,,,,
14020,271.0808541,11.53323258,0,4,0,grocery,14,mobile,0,35,0.851412199,White,Other,France,,,,
14021,324.3637512,1.834221045,0,7,1,luxury,5,mobile,1,66,0.017956286,Asian,Male,China,,,,
14022,286.6788918,1.033241111,0,3,0,grocery,11,web,0,25,0.428288406,Asian,Male,China,,,,
14023,166.4454683,9.118655792,0,2,1,electronics,12,web,0,75,0.410998374,Asian,Other,UK,,,,
14024,41.3822868,6.769781219,0,6,0,travel,17,web,1,32,0.947475937,Other,Other,Brazil,,,,
14025,139.2440336,13.35644849,0,2,0,grocery,22,branch,0,58,0.241036918,Other,Male,France,,,,
14026,9.577334981,0.904730929,0,6,1,luxury,22,web,1,34,0.122405812,Other,Female,Nigeria,,,,
14027,192.7955394,0.778892686,0,3,0,clothing,13,mobile,0,40,0.142260212,Black,Female,Nigeria,,,,
14028,95.64275328,3.898205032,0,2,0,grocery,23,mobile,0,19,0.520142724,White,Female,Nigeria,,,,
14029,17.39429747,4.765209996,0,8,0,luxury,10,branch,0,23,0.390903804,Black,Male,Brazil,,,,
14030,219.6900922,3.271300325,0,4,0,grocery,23,web,0,46,0.754142028,White,Female,Brazil,,,,
14031,434.016939,4.56855327,0,4,0,travel,1,branch,0,44,0.323182372,Asian,Female,India,,,,
14032,35.12640154,0.994570894,0,7,0,travel,18,web,1,54,0.127961752,Other,Other,UK,,,,
14033,232.9349458,3.265919813,0,8,0,electronics,1,mobile,1,66,0.38687579,Other,Other,France,,,,
14034,120.8649064,5.366076123,1,9,0,travel,16,web,1,51,0.883035617,Other,Other,China,,,,
14035,86.34354387,2.834391915,0,8,0,luxury,22,web,0,35,0.405526553,Asian,Other,Nigeria,,,,
14036,86.51472837,5.688543486,0,4,1,travel,7,mobile,1,59,0.833627722,White,Other,France,,,,
14037,120.8410152,3.000026572,0,2,0,luxury,4,mobile,1,27,0.371530086,Black,Male,India,,,,
14038,120.4763197,2.029322796,0,5,0,grocery,10,mobile,1,55,0.281385624,Black,Female,Nigeria,,,,
14039,161.3698088,1.809191593,0,7,0,electronics,19,web,0,76,0.77486273,Asian,Female,France,,,,
14040,78.97901758,2.645814128,0,2,0,electronics,0,branch,1,61,0.209234528,White,Male,UK,,,,
14041,94.3202472,0.116801818,0,4,0,travel,19,web,1,34,0.231830706,Other,Female,UK,,,,
14042,248.7214776,5.521016523,0,6,0,clothing,15,branch,0,76,0.049812838,White,Female,India,,,,
14043,72.63629182,9.325059746,0,8,0,travel,4,web,1,30,0.187845711,White,Female,France,,,,
14044,202.1327602,2.189634905,0,6,1,clothing,15,web,1,69,0.378815394,Other,Other,India,,,,
14045,126.0330634,0.23563171,0,6,0,travel,23,web,1,77,0.399572699,White,Other,India,,,,
14046,105.735578,21.62845737,0,6,0,luxury,4,web,1,65,0.420628087,Asian,Male,India,,,,
14047,528.4317335,1.530576326,1,4,1,luxury,9,branch,1,59,0.479692946,Black,Other,Brazil,,,,
14048,50.63849709,0.676929108,0,3,0,clothing,8,web,0,44,0.571910616,Asian,Female,UK,,,,
14049,454.0425518,2.308213461,0,1,0,electronics,21,mobile,0,70,0.189429025,White,Male,Brazil,,,,
14050,299.0244477,6.707695739,0,2,0,clothing,23,mobile,0,19,0.613944183,Other,Female,China,,,,
14051,97.82409911,1.740109569,0,2,1,grocery,18,web,0,51,0.336554587,Black,Female,Brazil,,,,
14052,304.9901053,4.27484005,0,7,0,electronics,2,branch,1,48,0.734010735,Asian,Male,UK,,,,
14053,4.541308979,2.685505728,0,6,0,clothing,8,mobile,1,40,0.55720445,White,Female,India,,,,
14054,89.92515947,0.626478382,0,8,0,grocery,21,mobile,0,24,0.554268627,Other,Male,France,,,,
14055,73.5700535,2.004530176,0,9,0,grocery,19,mobile,0,55,0.685486989,Asian,Male,India,,,,
14056,221.5915504,6.452567019,0,5,1,travel,7,web,1,50,0.333018991,White,Female,India,,,,
14057,274.8326701,4.73379992,0,3,1,clothing,3,mobile,0,29,0.429232941,Other,Female,Brazil,,,,
14058,218.9897497,0.637907811,1,4,0,luxury,10,branch,1,62,0.582897868,Asian,Female,France,,,,
14059,183.2322864,0.891582397,0,8,0,travel,3,branch,1,29,0.421555621,Other,Female,UK,,,,
14060,319.0706798,5.118452172,0,3,0,electronics,11,branch,0,36,0.444257474,Asian,Male,Nigeria,,,,
14061,288.4352388,8.394353001,0,2,0,luxury,22,mobile,0,26,0.272487073,Asian,Other,UK,,,,
14062,95.78398591,2.149873875,1,7,0,grocery,6,mobile,1,27,0.287385026,White,Female,France,,,,
14063,105.2880157,4.523178974,0,4,0,electronics,7,branch,1,34,0.698957407,Black,Male,UK,,,,
14064,277.0938465,0.935526436,0,8,0,travel,9,mobile,0,67,0.004281142,Black,Other,Brazil,,,,
14065,160.1539926,1.865301823,0,1,0,grocery,22,branch,0,57,0.095290422,Other,Male,France,,,,
14066,168.7570468,0.102392327,0,8,0,grocery,23,web,1,56,0.94880989,Other,Other,Nigeria,,,,
14067,185.8604309,7.311040227,0,5,1,grocery,12,web,1,58,0.187018082,Other,Other,Nigeria,,,,
14068,27.24018684,2.562550373,0,2,0,luxury,23,web,1,27,0.418120892,Other,Other,France,,,,
14069,92.06731505,8.467511099,0,1,0,travel,13,mobile,1,29,0.849685136,Other,Female,UK,,,,
14070,235.5155783,6.161398385,0,6,0,travel,15,web,0,32,0.000102373,White,Other,Nigeria,,,,
14071,91.39431916,8.822986588,0,9,0,luxury,6,web,0,48,0.925179189,Other,Other,China,,,,
14072,137.8124009,1.681971885,0,9,0,travel,15,branch,1,32,0.053488624,Black,Male,France,,,,
14073,234.425747,1.023502931,0,9,0,grocery,16,branch,1,45,0.17086905,Black,Female,France,,,,
14074,331.3676966,17.86093976,0,4,0,grocery,19,branch,0,21,0.029103543,Asian,Male,France,,,,
14075,358.6813178,6.317336554,0,6,0,grocery,18,web,1,53,0.519520046,Asian,Female,India,,,,
14076,372.5735316,8.980110746,0,6,0,travel,11,branch,0,72,0.94309431,White,Female,UK,,,,
14077,148.417738,0.066101895,0,5,0,clothing,8,web,0,18,0.839036612,White,Female,France,,,,
14078,136.5015389,2.188353066,0,2,0,electronics,7,mobile,0,75,0.639748546,Other,Other,France,,,,
14079,57.09409874,6.789830911,0,7,1,clothing,8,web,1,61,0.185488638,Asian,Female,India,,,,
14080,435.6856358,0.405957181,0,1,0,luxury,4,branch,0,74,0.869597099,White,Female,Brazil,,,,
14081,131.9110451,4.18901458,0,6,0,clothing,20,branch,1,51,0.754775391,White,Female,India,,,,
14082,428.8753229,2.80246758,0,5,0,clothing,9,branch,1,64,0.266847764,Black,Female,France,,,,
14083,206.1974065,0.088867623,0,5,0,luxury,4,branch,0,34,0.805089163,White,Male,UK,,,,
14084,341.9585109,1.345777616,0,8,0,clothing,13,mobile,1,56,0.877151338,White,Other,India,,,,
14085,156.4184824,1.675909271,0,9,0,electronics,17,mobile,0,55,0.698226012,Asian,Female,France,,,,
14086,251.3214142,0.593129152,0,7,0,travel,6,web,1,61,0.100384151,Other,Other,China,,,,
14087,349.9369736,4.992073672,0,8,0,luxury,7,branch,1,68,0.984246843,Other,Other,UK,,,,
14088,110.1760015,1.387984669,0,2,1,clothing,4,mobile,0,50,0.076000989,White,Female,India,,,,
14089,373.9165072,1.62601635,0,2,0,grocery,23,mobile,1,77,0.654473988,Asian,Female,Nigeria,,,,
14090,64.89598277,11.42562202,0,8,1,grocery,5,mobile,1,38,0.110525255,Other,Other,UK,,,,
14091,519.3363653,3.147324123,0,6,0,luxury,19,branch,0,43,0.905413359,Other,Other,China,,,,
14092,186.4151487,2.488955936,0,8,0,grocery,22,mobile,0,63,0.349977683,White,Male,France,,,,
14093,93.34696698,6.43443635,0,9,0,electronics,23,branch,0,53,0.511503022,Other,Other,UK,,,,
14094,294.9538932,12.01831822,0,9,0,clothing,8,mobile,1,22,0.178761584,Other,Female,UK,,,,
14095,213.2943899,0.126775383,0,6,1,electronics,20,mobile,1,50,0.54656219,Black,Other,France,,,,
14096,29.00733989,2.973200097,0,8,0,electronics,8,branch,1,18,0.938839905,Asian,Female,Nigeria,,,,
14097,120.8953472,4.718070133,0,2,1,travel,7,branch,1,70,0.901633071,White,Male,UK,,,,
14098,67.93832905,1.917758096,1,8,0,clothing,16,branch,1,23,0.06389592,White,Female,France,,,,
14099,73.71039369,7.400997529,0,3,1,luxury,23,mobile,1,54,0.378258506,Black,Female,UK,,,,
14100,71.30677494,17.78523482,0,1,0,grocery,7,web,0,19,0.267431363,White,Other,Brazil,,,,
14101,242.9193978,14.36114957,0,7,0,travel,22,web,1,74,0.481361477,Black,Other,Nigeria,,,,
14102,310.8181592,1.546112312,0,1,0,electronics,0,branch,1,70,0.833729162,Asian,Female,China,,,,
14103,86.01880057,1.283102766,0,1,0,grocery,21,branch,0,76,0.738851786,Other,Male,Brazil,,,,
14104,20.6699311,15.79014214,0,1,0,clothing,17,web,0,76,0.343978192,Other,Female,UK,,,,
14105,600.4234716,3.068247606,0,4,0,electronics,14,web,1,22,0.38266583,Asian,Female,Nigeria,,,,
14106,187.9210965,1.167849354,0,4,1,electronics,21,branch,0,43,0.654254992,White,Female,France,,,,
14107,296.4740168,6.137861535,0,6,0,clothing,15,branch,1,58,0.194225169,Asian,Female,Brazil,,,,
14108,142.6834813,1.673311645,0,3,1,luxury,1,branch,0,68,0.10272802,Other,Male,Nigeria,,,,
14109,15.34879316,1.554732856,0,6,1,travel,12,web,1,70,0.242588464,Black,Female,Nigeria,,,,
14110,225.9699136,10.57012531,0,7,0,clothing,1,web,1,64,0.124032431,Black,Female,UK,,,,
14111,483.468539,0.886545621,0,1,0,grocery,13,web,0,30,0.351984243,White,Female,China,,,,
14112,97.91799236,0.332798526,0,6,0,grocery,6,branch,1,29,0.937565784,Other,Other,Brazil,,,,
14113,13.01411461,1.567984499,0,1,0,electronics,10,mobile,0,22,0.120299476,Black,Other,China,,,,
14114,56.77014356,4.669033891,0,7,1,travel,14,web,1,19,0.818322144,Black,Male,France,,,,
14115,306.5194078,0.656742333,0,5,0,luxury,16,mobile,0,76,0.534648031,Black,Male,India,,,,
14116,212.0971885,3.189458118,0,4,0,luxury,20,mobile,1,21,0.632903077,White,Female,UK,,,,
14117,374.9714334,4.935405246,0,1,0,grocery,16,web,0,76,0.170082368,Other,Male,China,,,,
14118,167.8038262,9.443675932,0,9,0,luxury,14,web,1,44,0.151373311,Asian,Female,Nigeria,,,,
14119,271.5644863,1.305977082,0,7,0,grocery,15,web,1,67,0.162743677,Black,Male,Brazil,,,,
14120,117.9893735,8.500816983,1,2,0,travel,8,branch,0,70,0.667062876,Asian,Other,India,,,,
14121,61.24388639,1.338784591,0,4,1,electronics,20,mobile,0,27,0.747788267,Asian,Female,China,,,,
14122,272.0968775,5.646902172,0,4,0,grocery,20,mobile,0,30,0.920244944,White,Female,Nigeria,,,,
14123,310.0022474,2.816506606,0,8,0,travel,19,mobile,0,61,0.398192353,White,Other,Brazil,,,,
14124,99.91931999,0.609037604,0,2,1,grocery,18,mobile,0,19,0.461969384,Asian,Male,Brazil,,,,
14125,454.7947928,6.263425457,0,5,0,clothing,23,branch,0,43,0.469595016,White,Female,India,,,,
14126,463.2301403,1.227985138,0,8,0,grocery,22,web,0,32,0.269897903,Asian,Other,Nigeria,,,,
14127,71.72285426,0.971708102,0,6,0,travel,8,web,1,63,0.328232655,Black,Male,India,,,,
14128,74.86186625,2.218350529,0,4,0,luxury,5,branch,0,74,0.846820236,Other,Male,France,,,,
14129,78.15916994,5.296336446,0,5,0,grocery,0,web,1,27,0.343722185,Asian,Male,UK,,,,
14130,150.8592521,1.332842562,0,2,0,electronics,4,mobile,1,39,0.869096102,Other,Female,UK,,,,
14131,122.7238679,1.014631146,0,5,0,travel,4,branch,1,57,0.305267711,Asian,Other,France,,,,
14132,48.59385667,0.050017471,0,3,0,luxury,22,branch,0,42,0.339883163,Black,Female,Nigeria,,,,
14133,80.24830875,3.189916356,0,3,0,travel,0,mobile,1,32,0.560280872,White,Male,India,,,,
14134,15.80350715,2.798727713,0,7,0,grocery,0,branch,0,30,0.103126847,Asian,Female,UK,,,,
14135,19.94125017,1.332002329,0,3,1,clothing,21,mobile,1,25,0.922062267,White,Male,France,,,,
14136,39.25608082,0.275725431,0,4,1,clothing,5,branch,1,38,0.820399839,Black,Male,Brazil,,,,
14137,578.7891075,2.804071432,1,7,0,electronics,8,web,1,38,0.670503828,Other,Other,China,,,,
14138,533.2219985,7.760684889,1,3,0,electronics,18,mobile,0,39,0.988125014,Asian,Female,China,,,,
14139,283.3196111,6.281282618,0,2,0,luxury,4,web,0,63,0.015999361,Asian,Other,UK,,,,
14140,100.8199453,9.859034105,1,7,0,clothing,20,branch,1,50,0.411060316,Other,Female,UK,,,,
14141,38.55152381,0.048144486,1,5,0,grocery,16,branch,1,62,0.858343058,Asian,Female,France,,,,
14142,165.0839801,16.96902141,0,1,0,travel,21,branch,0,44,0.43301728,Asian,Female,India,,,,
14143,230.5392657,2.088287566,0,8,0,travel,19,branch,1,57,0.005241337,Other,Male,UK,,,,
14144,87.32054632,23.22881317,0,3,1,clothing,11,branch,0,67,0.157754116,White,Other,India,,,,
14145,221.6259129,1.455904,0,7,0,clothing,5,web,1,39,0.434072412,White,Other,China,,,,
14146,56.23867143,3.188906634,0,6,0,travel,12,mobile,1,47,0.667947861,Other,Other,France,,,,
14147,102.6187378,2.184219129,0,6,0,luxury,23,branch,1,79,0.162654268,Black,Male,Brazil,,,,
14148,135.5275811,2.198425307,0,8,0,travel,7,branch,1,26,0.44804306,Other,Female,UK,,,,
14149,543.7111905,9.234736384,0,4,0,electronics,2,branch,1,62,0.012788538,Other,Female,China,,,,
14150,79.18410883,6.860358714,1,4,0,grocery,10,web,1,52,0.477500522,White,Male,India,,,,
14151,229.7084447,24.23712298,0,3,0,clothing,19,branch,1,35,0.895924476,Asian,Female,India,,,,
14152,68.48784356,4.753307003,0,1,0,clothing,0,branch,0,59,0.596768032,Black,Female,China,,,,
14153,59.83080048,3.111175734,0,3,1,luxury,13,branch,1,22,0.440655631,Asian,Other,China,,,,
14154,86.97394004,0.471959254,0,1,1,electronics,20,mobile,0,44,0.162259336,Asian,Male,Nigeria,,,,
14155,169.5673168,28.36348271,0,6,1,travel,23,mobile,1,74,0.202418564,Black,Female,India,,,,
14156,494.8409537,4.009574726,0,8,0,electronics,12,branch,0,23,0.07650995,Other,Male,China,,,,
14157,98.92224154,6.027828189,0,3,0,electronics,14,mobile,0,79,0.742411044,Other,Male,China,,,,
14158,311.6558577,2.610632757,0,4,0,luxury,22,branch,1,49,0.077135278,Asian,Female,China,,,,
14159,561.5907482,3.967221663,0,5,0,luxury,20,branch,1,25,0.383948829,Asian,Female,India,,,,
14160,202.0589745,14.28661552,0,7,0,travel,7,mobile,1,73,0.749844694,Black,Male,France,,,,
14161,351.7218995,0.910124632,0,6,0,travel,14,mobile,0,56,0.712822699,White,Male,India,,,,
14162,82.76555412,1.729187864,0,2,0,grocery,12,branch,0,38,0.577532167,Black,Female,Nigeria,,,,
14163,225.2509033,0.824725397,0,7,0,electronics,0,mobile,1,35,0.571307734,Black,Other,Brazil,,,,
14164,268.3909367,7.856278687,0,8,0,travel,10,mobile,1,31,0.09032808,Black,Female,Nigeria,,,,
14165,46.22451195,0.320267916,0,1,0,luxury,19,mobile,0,32,0.174915272,White,Male,China,,,,
14166,75.47709155,0.42578358,0,6,1,grocery,14,web,1,59,0.534744457,Other,Male,Brazil,,,,
14167,130.7686434,1.772629936,0,9,1,grocery,20,web,0,43,0.348080328,Black,Female,UK,,,,
14168,89.15987658,3.609669668,0,7,0,luxury,3,web,1,70,0.018937101,White,Female,Brazil,,,,
14169,143.436533,2.606693469,0,5,1,travel,5,web,1,61,0.798166733,Asian,Male,Brazil,,,,
14170,39.49700792,0.229258061,0,9,0,luxury,11,web,1,49,0.653813267,Black,Male,China,,,,
14171,525.322507,15.79026292,1,2,0,travel,0,branch,1,56,0.325785467,Asian,Male,China,,,,
14172,334.1885994,15.27417681,0,7,1,luxury,9,mobile,0,45,0.098205197,Asian,Other,Nigeria,,,,
14173,1163.498656,1.638052354,0,9,0,luxury,17,web,1,77,0.591200761,White,Other,France,,,,
14174,52.09958533,6.574998855,0,2,1,clothing,0,mobile,0,56,0.348549569,Asian,Male,France,,,,
14175,231.745053,4.320572147,0,6,0,travel,6,branch,0,60,0.255389337,Asian,Male,Brazil,,,,
14176,89.90612439,1.355611035,1,9,0,electronics,1,mobile,1,49,0.721469253,Black,Female,Nigeria,,,,
14177,59.4899464,1.520219682,0,3,0,clothing,7,mobile,0,30,0.328150061,Asian,Male,France,,,,
14178,321.2154726,3.378041198,0,8,0,clothing,0,branch,1,32,0.136048492,Black,Other,France,,,,
14179,173.8688367,2.71706211,0,5,0,clothing,18,branch,1,35,0.481653748,Asian,Male,Nigeria,,,,
14180,123.6134193,1.721116289,0,7,0,clothing,5,mobile,1,56,0.828465788,Other,Other,Brazil,,,,
14181,206.615661,8.238596838,1,3,0,electronics,10,mobile,1,23,0.849658784,Other,Female,China,,,,
14182,78.49991191,3.283718677,0,8,0,clothing,18,branch,0,72,0.849343165,White,Other,UK,,,,
14183,76.10547187,5.3188528,0,2,0,electronics,9,web,0,28,0.420919839,Asian,Female,Nigeria,,,,
14184,92.8177368,1.0491226,0,8,0,electronics,15,web,0,49,0.790934211,White,Other,China,,,,
14185,366.4898946,3.812568422,0,2,0,clothing,15,web,1,57,0.850230768,Black,Other,Nigeria,,,,
14186,346.2270067,1.913452518,0,7,0,grocery,9,web,0,37,0.45953821,Black,Other,Nigeria,,,,
14187,49.66985677,3.73710467,0,2,0,electronics,17,mobile,0,50,0.318739389,Asian,Other,Brazil,,,,
14188,510.3014262,7.58944292,0,7,0,clothing,21,web,0,57,0.701964547,Asian,Other,Brazil,,,,
14189,162.6306682,7.324809626,1,1,0,luxury,17,web,1,25,0.904469272,Other,Female,China,,,,
14190,228.9459847,2.186487202,0,6,1,luxury,2,branch,1,68,0.972152485,Black,Male,Nigeria,,,,
14191,90.16559923,5.925380994,1,7,0,travel,11,branch,1,52,0.290224806,Black,Female,France,,,,
14192,169.4045858,14.17572182,0,4,0,electronics,9,branch,1,22,0.956171056,Black,Male,UK,,,,
14193,59.13905099,4.913078638,0,1,0,electronics,15,branch,0,79,0.499282247,White,Female,China,,,,
14194,84.69400412,0.803251168,0,6,0,luxury,8,mobile,0,52,0.306034704,Asian,Other,India,,,,
14195,302.8544738,5.69262082,0,4,0,electronics,17,mobile,1,64,0.98839811,Black,Male,Nigeria,,,,
14196,307.8411786,0.554123678,0,3,0,electronics,12,mobile,1,31,0.877807975,Black,Male,Nigeria,,,,
14197,236.7309397,10.28293978,0,4,0,luxury,23,web,1,38,0.692416589,Asian,Female,Brazil,,,,
14198,117.1263879,3.635179825,0,6,0,clothing,13,web,1,64,0.89494223,Asian,Male,Brazil,,,,
14199,48.80462336,2.431809384,1,5,0,luxury,18,mobile,1,41,0.681487873,White,Other,India,,,,
14200,397.1292918,0.293479948,0,2,0,grocery,13,web,0,34,0.440403798,Other,Male,China,,,,
14201,323.9216843,2.396503443,0,2,0,luxury,1,web,0,35,0.948049557,Black,Female,Brazil,,,,
14202,24.1580765,11.67588585,0,3,0,luxury,10,web,1,51,0.963247678,Other,Male,Brazil,,,,
14203,311.5785859,0.106031341,0,6,0,clothing,7,web,1,29,0.314175097,Asian,Female,China,,,,
14204,123.5520146,3.218435326,0,1,1,luxury,2,web,0,33,0.354395335,Other,Other,France,,,,
14205,274.8098431,13.37971289,0,7,0,luxury,14,branch,1,21,0.382720441,White,Female,UK,,,,
14206,40.0576956,2.511320226,0,8,1,clothing,12,mobile,1,42,0.822145952,Other,Female,France,,,,
14207,94.40701148,2.794617403,0,7,0,luxury,7,mobile,1,51,0.791145651,Black,Male,Nigeria,,,,
14208,179.1703951,4.320389957,0,3,0,clothing,12,web,0,45,0.983115105,White,Female,France,,,,
14209,525.4653603,3.10820247,0,6,1,grocery,15,web,1,63,0.465213677,Asian,Female,China,,,,
14210,179.5266974,0.923231432,0,4,0,clothing,21,branch,1,28,0.736767094,White,Female,India,,,,
14211,356.3903433,0.093649264,0,5,0,electronics,0,mobile,1,30,0.85672047,Black,Female,France,,,,
14212,198.4614209,4.705628641,0,3,0,electronics,1,branch,0,48,0.221230438,Asian,Female,Brazil,,,,
14213,193.1407872,12.67931076,0,5,0,clothing,12,branch,0,77,0.620555428,Other,Female,India,,,,
14214,246.1297609,0.562284472,0,6,0,luxury,13,mobile,1,42,0.547707676,Black,Male,India,,,,
14215,159.2366011,1.184645175,0,8,1,travel,1,branch,1,56,0.742827005,White,Male,Nigeria,,,,
14216,297.7387777,2.311998946,0,6,0,travel,15,branch,1,27,0.695427983,White,Female,Nigeria,,,,
14217,63.44778076,8.270665873,2,9,0,grocery,13,mobile,1,41,0.812792611,White,Female,Brazil,,,,
14218,160.1007566,1.568489964,0,4,0,grocery,6,mobile,0,18,0.31114519,Asian,Female,UK,,,,
14219,555.4173371,10.68765907,0,2,0,travel,21,mobile,0,78,0.216356392,White,Other,India,,,,
14220,366.6392578,0.282628877,0,9,1,travel,13,branch,1,70,0.805198731,Asian,Female,Brazil,,,,
14221,211.6368111,14.14741436,0,3,0,clothing,17,web,0,42,0.360563431,White,Male,Nigeria,,,,
14222,332.4255427,4.113399497,0,7,0,travel,16,web,1,45,0.287573558,White,Male,Nigeria,,,,
14223,460.1381685,5.376105224,0,4,0,electronics,4,web,0,53,0.336818526,Asian,Female,UK,,,,
14224,20.34941609,2.291873718,0,1,0,grocery,10,branch,0,35,0.066353991,Asian,Male,India,,,,
14225,133.4150932,7.616170016,0,8,1,grocery,17,branch,1,23,0.773144346,Asian,Male,India,,,,
14226,94.11866232,0.911005321,0,4,0,electronics,15,web,0,19,0.715159659,Black,Other,Brazil,,,,
14227,43.26399187,0.250742514,0,6,0,grocery,9,mobile,0,20,0.552692454,Other,Female,UK,,,,
14228,608.6136966,2.516908188,0,7,1,travel,5,mobile,1,63,0.71608498,White,Male,France,,,,
14229,254.6983084,9.610333376,0,8,0,grocery,13,branch,1,25,0.373133167,Black,Male,Brazil,,,,
14230,324.3320134,7.030992435,0,2,0,electronics,1,web,1,48,0.295369076,Other,Female,India,,,,
14231,97.77014699,3.640307989,0,9,0,grocery,8,branch,0,65,0.862300989,White,Male,Brazil,,,,
14232,131.0938963,4.244769872,0,3,0,travel,12,branch,0,36,0.42245457,White,Other,Brazil,,,,
14233,166.0082722,0.695694434,0,1,0,clothing,20,web,0,67,0.195912172,White,Female,Brazil,,,,
14234,223.6291763,9.184249949,0,2,1,travel,22,branch,0,23,0.749043916,Other,Male,Brazil,,,,
14235,289.9729079,7.731369247,0,8,0,grocery,19,mobile,1,31,0.335871854,White,Female,India,,,,
14236,277.0161747,5.342409907,0,6,0,luxury,11,mobile,0,20,0.211851301,Black,Male,UK,,,,
14237,138.2772896,3.13858625,0,1,0,grocery,1,web,0,65,0.027214278,White,Other,UK,,,,
14238,472.3534781,16.68537934,0,9,0,grocery,2,branch,0,18,0.970601758,Black,Male,Nigeria,,,,
14239,409.5708304,10.56114499,0,7,0,electronics,12,mobile,0,61,0.467289384,Asian,Other,China,,,,
14240,207.1845609,5.170172657,1,3,0,luxury,20,web,0,47,0.161757873,Other,Female,Nigeria,,,,
14241,170.8563685,2.3244914,0,7,0,electronics,0,web,1,63,0.75781116,Black,Other,France,,,,
14242,129.865755,4.811964966,0,6,1,electronics,19,web,1,36,0.887651128,White,Female,UK,,,,
14243,224.5822077,4.283520614,1,3,0,travel,3,branch,0,71,0.527967993,Black,Male,Brazil,,,,
14244,394.9392498,2.506373463,0,8,0,clothing,17,web,1,36,0.028359459,Black,Male,China,,,,
14245,173.894906,1.831274655,0,1,0,grocery,12,branch,0,26,0.365142961,Asian,Male,Nigeria,,,,
14246,104.6250799,2.612895398,0,5,1,luxury,5,web,1,24,0.243101636,Other,Male,Brazil,,,,
14247,170.9159319,4.265539936,0,8,0,grocery,5,branch,1,63,0.63639747,Asian,Female,France,,,,
14248,210.0474962,2.794260289,0,3,0,electronics,14,mobile,0,54,0.518857802,Other,Female,UK,,,,
14249,59.38549635,1.529735931,0,6,0,clothing,17,branch,0,67,0.355736844,Asian,Male,India,,,,
14250,45.30541934,7.155691283,1,2,0,electronics,16,mobile,1,58,0.648505138,Other,Female,France,,,,
14251,106.9996769,3.790749004,0,9,1,grocery,13,mobile,1,70,0.584429282,White,Female,India,,,,
14252,471.692144,0.350369939,0,2,1,travel,3,web,1,24,0.906490124,Black,Female,UK,,,,
14253,379.8702067,2.296834052,0,5,0,grocery,0,mobile,0,26,0.596802952,Black,Male,India,,,,
14254,34.97684718,10.81035444,0,3,1,electronics,7,branch,0,21,0.507711885,Asian,Other,UK,,,,
14255,72.94996404,7.037314841,0,9,0,luxury,10,mobile,1,42,0.823670084,White,Other,Brazil,,,,
14256,286.4767641,1.952242991,0,9,0,luxury,12,branch,1,66,0.202419669,White,Female,France,,,,
14257,118.7399455,13.91789666,0,7,0,luxury,16,branch,0,29,0.243564618,White,Other,Brazil,,,,
14258,233.5138377,0.398479593,0,5,0,luxury,20,branch,1,23,0.783573135,Asian,Other,UK,,,,
14259,37.26277818,16.25114931,0,9,1,luxury,13,web,1,35,0.442350227,Other,Female,UK,,,,
14260,168.2427078,1.409859317,1,7,0,clothing,16,branch,1,57,0.409235862,White,Female,Brazil,,,,
14261,154.9618443,0.045678924,1,2,0,clothing,19,web,0,38,0.887077954,White,Female,China,,,,
14262,325.4297929,2.844110501,0,1,1,travel,23,mobile,0,32,0.610109034,Other,Male,Brazil,,,,
14263,223.6650478,2.223398458,1,4,0,luxury,23,mobile,1,20,0.80290914,Other,Other,Brazil,,,,
14264,185.8166098,3.872751622,0,8,0,electronics,0,web,1,19,0.809838871,White,Other,France,,,,
14265,28.39170306,7.96715506,0,6,0,electronics,7,mobile,0,73,0.120026658,Asian,Female,France,,,,
14266,567.3401909,9.239452829,0,2,1,grocery,18,mobile,1,72,0.653702396,Asian,Male,China,,,,
14267,272.0127365,2.564388636,0,5,0,luxury,10,mobile,0,58,0.952516339,Black,Female,UK,,,,
14268,90.67042391,2.809241648,0,9,1,electronics,22,mobile,1,57,0.48002709,Black,Male,Nigeria,,,,
14269,182.2492168,0.801886888,0,6,0,travel,9,branch,0,76,0.732182426,Black,Other,Brazil,,,,
14270,121.8046548,0.243575782,0,6,0,electronics,0,mobile,1,21,0.5667329,Asian,Female,India,,,,
14271,141.488603,5.125159642,0,7,1,travel,4,branch,1,49,0.204845974,Black,Female,India,,,,
14272,375.8336373,0.333037303,0,5,0,luxury,15,mobile,0,19,0.195193646,White,Other,China,,,,
14273,72.62121131,6.618102626,0,3,0,grocery,19,web,0,63,0.433833165,Asian,Male,India,,,,
14274,280.1348971,3.872763987,0,3,1,grocery,19,web,1,46,0.482990574,Asian,Male,China,,,,
14275,386.7491685,1.106869205,0,5,0,clothing,4,branch,0,19,0.503132443,Black,Other,Brazil,,,,
14276,249.7037321,3.877461238,0,4,0,luxury,15,web,0,51,0.955000758,White,Male,Nigeria,,,,
14277,147.2707048,1.010566946,0,5,0,electronics,2,branch,1,79,0.100254544,White,Other,China,,,,
14278,84.93911199,2.887830237,0,9,0,grocery,22,mobile,1,44,0.380526734,Asian,Other,Nigeria,,,,
14279,95.87875069,8.036209533,0,5,0,travel,1,web,0,77,0.514547435,Asian,Other,China,,,,
14280,185.1355866,3.098733589,0,4,0,travel,16,branch,0,71,0.963112739,Black,Male,China,,,,
14281,173.6108661,0.804949427,0,4,1,electronics,21,branch,0,56,0.504314817,White,Female,France,,,,
14282,305.1912847,6.433669439,0,1,0,electronics,0,mobile,0,61,0.77527572,Asian,Other,Nigeria,,,,
14283,40.28138062,1.033696796,0,4,0,luxury,15,mobile,1,55,0.749278108,Other,Male,India,,,,
14284,372.6110542,6.707558689,0,4,0,electronics,22,web,0,35,0.566444049,White,Other,India,,,,
14285,818.7236314,3.263408224,0,9,0,electronics,23,branch,1,53,0.130703102,Other,Male,Brazil,,,,
14286,158.5718913,3.023317232,0,4,0,electronics,1,mobile,1,36,0.21875871,Asian,Other,France,,,,
14287,139.8455039,9.533664804,1,7,0,grocery,19,web,1,44,0.240140259,Black,Male,China,,,,
14288,150.7536607,6.165352399,0,1,0,luxury,6,branch,0,62,0.038659648,Asian,Other,UK,,,,
14289,180.2724535,0.167322703,0,7,1,electronics,10,mobile,1,37,0.37921801,Asian,Other,China,,,,
14290,131.1016681,1.756122797,0,2,0,electronics,5,web,0,38,0.610513722,Other,Other,France,,,,
14291,20.88267389,10.23664016,1,8,0,travel,1,web,1,40,0.144266299,Asian,Male,UK,,,,
14292,148.1182497,0.092480865,0,1,0,grocery,13,mobile,0,47,0.17503601,Black,Female,China,,,,
14293,188.6584583,3.9400752,0,3,1,electronics,3,mobile,0,42,0.706986328,Other,Other,France,,,,
14294,400.3826557,6.506562479,0,8,1,grocery,18,branch,1,48,0.169253389,Other,Male,Nigeria,,,,
14295,71.73787667,4.862402148,0,8,0,luxury,21,branch,1,44,0.135335578,Black,Male,France,,,,
14296,510.9192899,7.146681634,0,5,0,luxury,1,mobile,0,51,0.977841886,Other,Male,Brazil,,,,
14297,123.8305344,6.467515828,0,5,0,clothing,1,web,1,25,0.014735281,Black,Female,UK,,,,
14298,80.00371392,5.888775803,0,8,0,travel,12,mobile,1,36,0.325408169,Other,Female,Nigeria,,,,
14299,272.0631733,8.616950066,0,5,0,clothing,12,branch,1,58,0.034936661,Asian,Female,Nigeria,,,,
14300,112.2758274,5.187924647,0,9,1,grocery,2,branch,1,43,0.838048194,Asian,Other,France,,,,
14301,160.9740583,2.574322966,0,1,0,travel,20,mobile,0,45,0.583535714,White,Other,Nigeria,,,,
14302,169.6641594,3.192434349,0,5,0,electronics,5,branch,1,21,0.047951853,Other,Male,India,,,,
14303,261.0582758,6.306681773,0,3,0,travel,20,web,0,48,0.615362154,Black,Male,India,,,,
14304,157.2517879,10.44972373,0,3,0,travel,16,branch,0,33,0.123096393,Black,Other,India,,,,
14305,143.9584529,1.588774133,0,2,0,luxury,0,web,0,68,0.495732608,Other,Male,France,,,,
14306,121.1750335,2.093335328,0,3,0,clothing,6,branch,0,27,0.669412915,Asian,Male,UK,,,,
14307,242.575211,13.34939512,0,7,0,luxury,6,web,0,55,0.148507033,Black,Female,France,,,,
14308,107.3732427,4.319817396,0,8,1,luxury,12,mobile,1,65,0.497050408,White,Other,Brazil,,,,
14309,409.4804458,0.985928314,0,8,0,clothing,21,web,0,27,0.457410929,Black,Female,Nigeria,,,,
14310,171.1304062,5.448686029,0,8,0,luxury,8,mobile,1,62,0.915750477,Black,Male,India,,,,
14311,30.22042771,23.42223352,0,1,1,travel,17,branch,0,26,0.995701395,Black,Other,France,,,,
14312,209.9351521,8.670856732,0,7,0,grocery,0,web,1,56,0.654474447,White,Female,France,,,,
14313,235.9395754,6.847011918,1,2,1,electronics,10,web,1,53,0.854859156,White,Other,Nigeria,,,,
14314,412.6195053,1.166263979,1,4,1,electronics,21,branch,1,68,0.646881957,Black,Male,France,,,,
14315,88.41521248,10.44300823,0,5,0,luxury,21,branch,1,75,0.876286255,White,Male,India,,,,
14316,77.17235786,3.730512894,0,1,1,clothing,10,web,0,53,0.433272052,Asian,Male,Nigeria,,,,
14317,267.298441,11.00420654,0,4,0,travel,9,mobile,0,36,0.607989858,Black,Other,UK,,,,
14318,367.4438187,2.001103143,0,4,0,luxury,16,branch,1,77,0.845169523,White,Other,India,,,,
14319,85.29629903,0.320298793,0,9,0,travel,16,web,1,36,0.91808572,White,Female,Brazil,,,,
14320,204.3405877,3.231088672,0,9,1,travel,11,branch,1,29,0.024682733,White,Other,Brazil,,,,
14321,159.3818795,1.572441552,0,1,0,electronics,9,branch,0,79,0.103952692,Asian,Female,China,,,,
14322,88.02242825,6.28035474,1,8,0,grocery,11,mobile,1,30,0.931172061,White,Female,China,,,,
14323,152.135542,15.74518106,1,4,0,grocery,5,mobile,1,42,0.56850877,Other,Female,Nigeria,,,,
14324,349.6918078,5.871651762,0,4,0,clothing,20,mobile,0,53,0.990192094,Other,Other,India,,,,
14325,171.693832,10.89891469,0,5,1,grocery,5,web,1,42,0.792633043,Asian,Other,China,,,,
14326,145.8555766,3.01675189,0,2,0,luxury,5,branch,0,45,0.818140184,Asian,Other,India,,,,
14327,257.3743111,7.384175881,0,1,0,electronics,19,mobile,1,59,0.386122508,White,Female,India,,,,
14328,371.6885003,9.258930893,0,5,0,electronics,7,web,1,70,0.257541388,Asian,Male,Brazil,,,,
14329,70.56377524,6.204491645,0,7,0,travel,4,mobile,1,56,0.598259174,White,Female,Nigeria,,,,
14330,210.6463313,3.544119972,0,9,0,luxury,5,mobile,1,47,0.879032099,White,Female,Brazil,,,,
14331,124.487684,4.91570775,0,2,0,luxury,1,branch,0,22,0.725698509,White,Female,China,,,,
14332,172.2838922,6.028321098,0,8,0,travel,16,web,1,34,0.47217514,Other,Other,France,,,,
14333,271.9950699,1.459015449,0,7,0,travel,7,branch,0,35,0.753200476,Other,Female,China,,,,
14334,132.7192868,8.292596194,0,2,0,electronics,21,mobile,1,60,0.690397623,Black,Female,UK,,,,
14335,156.3161283,15.01122105,0,5,0,luxury,8,branch,1,64,0.913051425,Asian,Female,Brazil,,,,
14336,330.1712775,3.129679751,0,7,1,grocery,20,web,0,38,0.263557223,Other,Male,Nigeria,,,,
14337,231.7978767,6.037682118,0,3,0,grocery,7,mobile,0,39,0.119311459,Asian,Other,Brazil,,,,
14338,153.5538111,6.678498764,0,2,0,electronics,22,mobile,1,56,0.470051163,White,Female,France,,,,
14339,185.3535202,5.427210205,0,6,0,grocery,10,mobile,1,67,0.361080811,Asian,Female,France,,,,
14340,175.2030393,3.96058644,0,6,0,grocery,9,mobile,0,75,0.974861147,White,Male,France,,,,
14341,27.69676188,10.6704583,0,4,0,luxury,16,web,0,74,0.007504188,Asian,Other,France,,,,
14342,187.7432777,2.979437323,0,1,0,luxury,22,branch,0,23,0.933383062,Other,Female,UK,,,,
14343,50.57603747,0.315247253,0,5,0,clothing,19,web,0,67,0.955079222,Asian,Other,India,,,,
14344,364.5977608,9.307360789,0,1,0,luxury,12,mobile,0,33,0.050958377,White,Female,China,,,,
14345,49.38571289,5.604002262,0,8,0,clothing,21,web,0,19,0.889569851,Other,Female,France,,,,
14346,119.4540591,9.460948344,0,2,1,luxury,8,mobile,1,68,0.47077884,White,Other,UK,,,,
14347,101.3827974,0.745676471,0,9,0,travel,14,mobile,1,18,0.766150736,White,Male,Brazil,,,,
14348,458.854541,0.156178681,0,9,1,luxury,12,branch,1,74,0.079255531,Other,Female,France,,,,
14349,354.2580846,13.61895777,0,3,0,clothing,12,mobile,0,47,0.955205594,Asian,Other,Brazil,,,,
14350,11.71487221,0.799249566,0,6,0,grocery,12,web,1,75,0.607548475,Black,Female,Brazil,,,,
14351,165.1166806,8.294515239,0,9,0,luxury,20,web,1,60,0.898694303,Black,Female,Nigeria,,,,
14352,59.80799767,8.663961822,1,7,0,grocery,3,branch,1,69,0.672963094,Asian,Male,UK,,,,
14353,188.2786596,6.16709734,0,4,1,grocery,21,branch,0,54,0.536810294,Asian,Male,UK,,,,
14354,267.6174956,0.703569691,0,3,0,luxury,9,mobile,0,65,0.172495684,Other,Other,France,,,,
14355,200.3557342,5.504052884,0,2,0,luxury,14,mobile,0,40,0.17795413,White,Female,France,,,,
14356,279.2044297,10.99502706,0,1,1,travel,20,mobile,1,18,0.472570292,Other,Female,France,,,,
14357,135.6351469,2.771551328,0,1,0,clothing,9,mobile,0,36,0.870442216,Other,Other,UK,,,,
14358,205.1277292,2.668056743,0,4,0,luxury,20,web,0,63,0.115218678,White,Female,Brazil,,,,
14359,272.2362581,2.92467845,0,4,0,grocery,7,mobile,0,20,0.99838515,White,Female,Brazil,,,,
14360,115.7063968,0.429270547,1,9,0,grocery,9,branch,1,19,0.875912257,Asian,Other,France,,,,
14361,78.95331324,11.12930415,1,1,1,luxury,20,web,1,73,0.392558771,White,Male,Brazil,,,,
14362,96.65821113,10.1697742,0,4,0,clothing,16,web,1,54,0.253118331,White,Female,France,,,,
14363,151.9342307,30.85133382,0,3,0,grocery,4,mobile,1,34,0.921996095,Asian,Male,China,,,,
14364,168.6142784,4.399590805,0,9,0,travel,12,mobile,1,45,0.123211619,Other,Male,India,,,,
14365,213.9584783,6.955361516,0,5,0,grocery,20,web,0,35,0.347289935,Black,Male,Brazil,,,,
14366,88.47506809,1.13244512,0,9,0,clothing,20,branch,1,50,0.083912348,White,Other,China,,,,
14367,277.8181589,5.50601047,1,6,0,electronics,18,mobile,1,32,0.95346228,Other,Other,UK,,,,
14368,529.2725516,5.245295632,0,9,0,travel,11,web,1,39,0.617622949,Other,Other,China,,,,
14369,102.0323839,11.57373049,0,1,0,travel,11,web,0,58,0.336179645,Black,Male,Nigeria,,,,
14370,726.0494758,8.883154118,0,4,0,electronics,20,mobile,1,44,0.275483165,White,Male,China,,,,
14371,576.3049264,13.94086465,1,4,0,travel,1,branch,1,72,0.444094294,Other,Male,China,,,,
14372,168.2051338,10.15643781,0,6,0,travel,20,web,0,54,0.091378477,Other,Female,China,,,,
14373,148.383567,10.15112001,0,1,0,travel,8,web,1,49,0.88934893,White,Male,UK,,,,
14374,95.45650401,0.329221275,0,5,0,grocery,23,web,1,77,0.510940377,White,Female,UK,,,,
14375,306.8754684,9.352778233,0,3,0,grocery,21,mobile,0,62,0.725098125,Other,Male,Nigeria,,,,
14376,176.9996049,4.675818487,0,1,0,luxury,22,web,0,36,0.233745842,Asian,Female,France,,,,
14377,191.4249611,2.393764578,0,6,0,luxury,1,web,0,45,0.503749261,Asian,Female,Brazil,,,,
14378,80.49714641,0.290872072,0,3,0,grocery,0,mobile,1,45,0.211086136,Other,Other,UK,,,,
14379,312.9215014,5.660955622,0,4,0,travel,13,branch,0,73,0.816094615,White,Other,Brazil,,,,
14380,139.1817326,1.988986038,0,9,0,clothing,12,web,1,27,0.77527501,White,Male,Nigeria,,,,
14381,64.2190334,3.153456618,0,2,0,electronics,2,mobile,1,37,0.148202324,Asian,Other,China,,,,
14382,158.1370634,5.724251446,0,1,0,luxury,19,branch,1,42,0.074506901,Asian,Female,Nigeria,,,,
14383,85.30308386,12.13929888,0,6,0,travel,4,mobile,0,38,0.824196737,Black,Other,Brazil,,,,
14384,413.0224197,8.727345438,0,1,0,luxury,1,branch,0,31,0.109647905,Asian,Other,Brazil,,,,
14385,571.3841137,2.994616399,0,1,0,clothing,20,mobile,1,39,0.548483981,White,Female,Nigeria,,,,
14386,161.6640976,2.453343707,1,7,1,travel,17,branch,1,70,0.534487298,Asian,Male,France,,,,
14387,347.5800831,1.370735352,0,2,0,grocery,8,branch,0,43,0.202944068,Other,Male,Brazil,,,,
14388,341.7243721,2.329474418,0,4,0,clothing,21,mobile,0,61,0.591356466,Black,Female,India,,,,
14389,2.224753003,0.58855112,0,4,0,luxury,11,web,0,28,0.502755207,Black,Other,China,,,,
14390,96.78900901,17.72052151,0,2,0,travel,4,branch,0,72,0.509189222,White,Male,India,,,,
14391,182.9515231,4.26561079,0,6,0,travel,17,mobile,0,24,0.359699976,Other,Female,Brazil,,,,
14392,118.2187512,0.683716113,0,2,0,electronics,22,web,0,34,0.838428557,Asian,Male,UK,,,,
14393,90.30872452,2.175545992,0,8,0,electronics,22,web,0,35,0.084370563,Black,Female,Nigeria,,,,
14394,357.4237141,3.959747835,1,4,0,electronics,1,mobile,1,24,0.438623048,Black,Other,France,,,,
14395,114.386408,3.805905809,1,1,0,grocery,9,mobile,0,73,0.259816358,Other,Male,India,,,,
14396,214.3728544,0.180744697,0,7,0,travel,21,branch,0,37,0.848433252,Black,Female,India,,,,
14397,336.4096298,15.06348016,0,6,0,travel,9,mobile,1,55,0.225080484,Other,Male,UK,,,,
14398,429.3745177,1.610509699,1,6,1,luxury,2,web,1,28,0.767024824,White,Other,Brazil,,,,
14399,64.5283729,0.081585356,0,3,0,grocery,23,mobile,0,61,0.611515322,Black,Male,UK,,,,
14400,70.01863081,0.39761926,0,7,0,electronics,13,web,0,75,0.874790255,Asian,Female,France,,,,
14401,197.2791562,4.339823654,0,6,0,travel,4,web,1,33,0.593793943,Other,Other,Brazil,,,,
14402,20.51117485,0.741256117,0,9,0,electronics,23,mobile,1,68,0.556484366,White,Female,India,,,,
14403,73.25935181,0.213101348,1,3,0,clothing,22,web,1,72,0.80112994,Asian,Other,India,,,,
14404,384.2450593,2.387167544,0,3,1,grocery,12,web,0,44,0.562486466,Other,Male,Nigeria,,,,
14405,262.8777987,4.87438425,0,4,0,electronics,23,branch,0,68,0.844542059,Asian,Other,France,,,,
14406,151.9327292,0.593015762,2,3,0,grocery,16,web,1,28,0.04931803,Black,Other,India,,,,
14407,235.7575694,1.879491472,0,4,1,travel,5,branch,0,33,0.495149854,White,Other,UK,,,,
14408,275.7223074,2.704368493,0,6,1,clothing,12,branch,0,40,0.812691513,Other,Other,India,,,,
14409,44.68376002,0.868554264,0,1,1,luxury,11,branch,1,77,0.848365147,Other,Female,UK,,,,
14410,112.6924616,3.526846825,0,2,0,clothing,2,branch,0,76,0.834055377,White,Other,UK,,,,
14411,419.5197337,0.445326079,0,6,0,grocery,15,web,0,29,0.60438132,Asian,Female,China,,,,
14412,199.8726807,0.238176262,0,6,1,clothing,4,web,1,76,0.993971342,White,Female,China,,,,
14413,208.6849141,3.668131244,0,1,1,travel,1,mobile,1,57,0.181386308,White,Male,China,,,,
14414,161.9886667,1.4244098,0,6,0,grocery,10,branch,0,20,0.174457579,White,Male,Brazil,,,,
14415,27.92637495,0.50116734,0,9,0,grocery,3,web,1,19,0.032822675,White,Other,Brazil,,,,
14416,100.6205178,2.75747936,0,8,0,travel,21,branch,1,77,0.989337176,Black,Other,India,,,,
14417,225.7069775,12.33380577,1,5,0,electronics,0,branch,1,55,0.348020508,Other,Male,India,,,,
14418,114.9291563,6.440259635,0,4,0,luxury,12,mobile,1,65,0.76205418,Asian,Male,UK,,,,
14419,66.76717327,8.453671402,1,6,0,clothing,17,branch,0,69,0.059710313,Asian,Female,Brazil,,,,
14420,75.3516456,10.27526639,0,5,0,luxury,15,web,1,41,0.298688106,White,Other,India,,,,
14421,425.2843985,17.99112619,1,6,0,luxury,1,web,1,46,0.623847341,White,Male,Brazil,,,,
14422,109.8110049,7.20368037,0,3,0,travel,8,web,0,64,0.524780096,Asian,Male,France,,,,
14423,369.8818465,4.687672991,0,7,0,electronics,11,web,1,63,0.20774824,Asian,Female,UK,,,,
14424,209.3947223,2.274005914,0,8,1,luxury,4,branch,1,51,0.461592913,Black,Female,China,,,,
14425,138.5812355,1.002284482,0,5,0,grocery,4,web,1,37,0.108781992,White,Male,Brazil,,,,
14426,86.57232842,5.802330069,1,5,0,electronics,21,mobile,1,35,0.542703472,Asian,Other,India,,,,
14427,267.8624607,26.44182144,1,4,0,travel,12,branch,1,31,0.096941443,Other,Female,UK,,,,
14428,339.7978047,3.149535178,0,5,0,luxury,15,web,1,35,0.635935458,Black,Female,Nigeria,,,,
14429,286.0739899,6.430966889,0,8,1,travel,18,web,1,19,0.155357578,Black,Other,UK,,,,
14430,49.67767285,3.416899679,0,5,0,clothing,8,mobile,1,18,0.547085892,White,Male,France,,,,
14431,109.5549978,2.827583274,0,9,0,travel,15,branch,1,37,0.12912068,Black,Male,UK,,,,
14432,120.8591128,2.640754327,0,1,0,grocery,18,mobile,0,51,0.400710434,Black,Other,China,,,,
14433,21.72672488,3.512197937,1,7,0,travel,3,mobile,1,58,0.351831545,Other,Other,China,,,,
14434,234.0726098,2.285600196,0,5,1,electronics,14,web,1,58,0.7564107,Black,Female,Brazil,,,,
14435,258.3223426,6.906998235,0,4,0,clothing,8,web,0,65,0.641161645,Other,Male,Brazil,,,,
14436,252.0303219,10.36817324,0,3,0,grocery,15,mobile,0,28,0.93708882,Black,Male,India,,,,
14437,223.3596111,10.7230077,0,7,0,clothing,23,branch,0,44,0.921910652,Black,Male,India,,,,
14438,129.4714179,1.291902688,1,2,1,grocery,5,branch,0,40,0.724996029,White,Other,UK,,,,
14439,83.57800376,11.31245548,0,5,0,clothing,7,branch,1,55,0.770585741,White,Other,China,,,,
14440,129.1002159,2.089342808,0,2,0,luxury,0,mobile,0,61,0.624912417,White,Male,UK,,,,
14441,210.6303488,1.850304005,0,7,0,travel,13,branch,0,20,0.691663231,White,Other,China,,,,
14442,393.1828512,6.486951601,0,6,1,electronics,3,web,1,79,0.617222369,Asian,Other,UK,,,,
14443,176.9415815,1.817033041,0,7,0,electronics,9,mobile,1,29,0.311765031,White,Other,Brazil,,,,
14444,172.4200821,0.272103559,0,9,0,luxury,15,mobile,1,47,0.350689583,White,Male,Brazil,,,,
14445,24.25616814,2.338972534,0,2,0,clothing,3,mobile,0,48,0.574733828,White,Male,Nigeria,,,,
14446,220.9058803,6.391068548,0,9,0,travel,1,branch,1,40,0.720176927,Black,Male,Nigeria,,,,
14447,412.4156578,1.979740843,0,7,0,luxury,1,branch,1,18,0.406119046,Black,Female,Nigeria,,,,
14448,152.8818025,4.965306212,0,2,0,clothing,12,web,0,58,0.142667801,Black,Male,India,,,,
14449,144.0128565,5.395805149,0,2,0,travel,10,branch,0,37,0.459417168,White,Female,Brazil,,,,
14450,122.7379349,6.616335126,0,4,0,clothing,9,branch,0,71,0.963187821,Other,Other,UK,,,,
14451,274.2572207,11.37146878,0,2,1,electronics,5,branch,1,23,0.214086868,Asian,Other,UK,,,,
14452,22.88140222,2.833140956,0,1,0,travel,6,branch,1,28,0.649069087,Other,Other,Nigeria,,,,
14453,370.1284803,0.910200442,0,6,0,electronics,14,web,0,52,0.982541798,Other,Male,India,,,,
14454,139.0517511,1.920419486,0,5,0,electronics,19,web,0,21,0.376237719,Other,Female,India,,,,
14455,223.8233869,2.829641835,0,3,0,travel,18,web,0,46,0.887883609,Other,Male,Nigeria,,,,
14456,289.3836041,6.256920311,1,1,0,luxury,2,branch,0,76,0.864008717,Asian,Male,UK,,,,
14457,74.50546645,0.066044907,0,9,0,clothing,20,branch,1,27,0.339044959,Other,Other,India,,,,
14458,164.1084148,1.897418218,0,8,0,travel,13,mobile,1,68,0.098517325,White,Female,China,,,,
14459,136.6699372,7.567062238,0,6,0,electronics,21,mobile,0,46,0.178539155,Other,Male,China,,,,
14460,58.93843812,5.556325545,0,6,1,clothing,1,branch,1,55,0.365749178,Asian,Female,France,,,,
14461,337.9677902,6.578992605,0,4,0,travel,22,mobile,0,18,0.959134309,Asian,Male,China,,,,
14462,127.9653722,8.351536384,0,2,1,luxury,15,web,1,57,0.274450145,Other,Other,Nigeria,,,,
14463,56.59734778,7.64472389,0,4,1,travel,22,web,0,25,0.926864746,White,Male,UK,,,,
14464,171.8464516,5.731400282,1,2,0,travel,16,web,1,74,0.181364686,Other,Female,France,,,,
14465,42.19555618,2.896071357,0,7,0,grocery,14,mobile,1,55,0.969812426,Black,Other,Brazil,,,,
14466,114.9602803,20.55186026,0,9,0,clothing,12,web,0,34,0.293604535,Asian,Male,UK,,,,
14467,207.5684443,4.209085153,0,2,1,travel,11,web,0,36,0.633092263,Other,Female,France,,,,
14468,37.66865363,1.13305534,0,9,0,electronics,6,web,1,50,0.069691224,Black,Female,Brazil,,,,
14469,262.099507,1.732299726,0,9,0,electronics,19,branch,0,32,0.299664171,White,Other,India,,,,
14470,178.7156521,5.913706579,0,8,0,grocery,19,branch,1,62,0.210710406,Black,Other,UK,,,,
14471,290.5370863,12.93400358,0,1,0,electronics,2,web,0,48,0.003416669,Asian,Male,UK,,,,
14472,288.30347,0.984456687,0,5,0,travel,8,web,1,38,0.156769788,Black,Other,India,,,,
14473,111.6723748,0.42967703,0,4,0,clothing,2,branch,0,20,0.59310365,Black,Male,UK,,,,
14474,114.2531082,10.66552181,0,7,0,grocery,15,branch,1,79,0.389920173,Black,Female,Nigeria,,,,
14475,235.8716984,12.34189861,1,8,1,grocery,19,mobile,1,19,0.722570981,White,Other,France,,,,
14476,64.13120667,1.617439908,0,8,0,luxury,2,branch,1,52,0.6710746,White,Female,Brazil,,,,
14477,64.53740846,2.36833746,0,2,0,luxury,7,web,0,58,0.799299509,White,Female,Brazil,,,,
14478,99.04858412,5.396813741,0,3,0,clothing,7,branch,1,76,0.867025023,White,Male,France,,,,
14479,46.18379219,2.001865628,0,7,1,clothing,23,web,0,33,0.819825503,Other,Other,Nigeria,,,,
14480,55.96832181,10.48431034,0,4,0,grocery,14,mobile,0,73,0.44806084,Black,Male,UK,,,,
14481,57.81522194,0.569084758,1,6,0,travel,4,branch,1,62,0.30872773,Asian,Other,India,,,,
14482,128.3439077,0.193611736,1,8,0,travel,12,mobile,1,68,0.502302463,Black,Male,India,,,,
14483,123.6099216,1.169039865,0,8,0,luxury,14,web,1,76,0.535128507,Other,Male,UK,,,,
14484,321.482537,1.684976314,0,7,0,clothing,6,web,0,67,0.313174517,Black,Male,China,,,,
14485,130.2062258,0.599137697,0,2,0,clothing,11,web,0,38,0.540006545,Black,Female,Brazil,,,,
14486,154.6586959,0.339737248,0,2,0,travel,2,web,0,29,0.105779652,Asian,Other,France,,,,
14487,504.7132272,7.044903066,0,3,0,luxury,7,mobile,0,45,0.231041795,Asian,Female,France,,,,
14488,12.36496107,0.897287705,0,4,0,travel,9,branch,1,78,0.746048087,Asian,Female,Brazil,,,,
14489,193.187266,12.26251865,1,1,0,travel,1,branch,1,29,0.182832228,Black,Male,France,,,,
14490,139.2176066,2.294326746,0,5,1,grocery,7,web,1,50,0.139037848,Other,Male,Brazil,,,,
14491,207.8020021,5.552500493,0,7,0,clothing,21,web,0,37,0.287343191,White,Female,Nigeria,,,,
14492,104.4342847,1.27705621,0,5,0,grocery,17,mobile,0,57,0.371049117,White,Other,UK,,,,
14493,129.537458,1.374308156,0,7,0,grocery,11,mobile,0,66,0.328548684,Black,Male,Brazil,,,,
14494,380.9713685,4.274910577,0,5,0,travel,21,web,0,38,0.374605385,White,Female,Nigeria,,,,
14495,233.5592293,4.112214071,0,8,0,luxury,17,web,0,77,0.139912343,White,Other,Brazil,,,,
14496,134.8149419,7.320830409,0,7,0,travel,18,branch,0,69,0.165395158,Black,Other,Nigeria,,,,
14497,85.36579622,7.090231931,0,1,0,luxury,4,branch,0,71,0.23583498,Black,Female,Nigeria,,,,
14498,63.91141078,5.553744673,0,1,1,clothing,15,branch,1,56,0.401992017,Other,Female,Nigeria,,,,
14499,110.0661118,2.981287298,0,5,1,electronics,16,web,1,58,0.335899102,White,Other,UK,,,,
14500,144.5366764,11.06556809,0,2,0,clothing,8,mobile,0,66,0.791334931,Black,Other,Brazil,,,,
14501,503.4636637,4.871963265,0,9,0,travel,9,mobile,1,76,0.525517913,White,Female,China,,,,
14502,182.896778,23.12609435,0,2,0,luxury,18,mobile,0,59,0.575701027,Asian,Female,Brazil,,,,
14503,94.50616865,8.556517654,0,9,0,electronics,11,web,0,53,0.560592934,Asian,Other,Brazil,,,,
14504,12.44880297,0.226607444,0,2,0,luxury,0,web,0,39,0.398775059,Other,Male,Nigeria,,,,
14505,83.22432236,1.932681276,0,4,0,luxury,21,mobile,1,43,0.980483299,Black,Other,France,,,,
14506,110.1908634,4.241708717,0,3,1,electronics,16,mobile,1,24,0.037328777,White,Other,France,,,,
14507,196.3101332,6.391139232,1,6,0,electronics,2,mobile,1,24,0.215837778,Asian,Other,Brazil,,,,
14508,113.5777447,3.996278744,0,4,0,clothing,6,web,0,25,0.284654699,Black,Other,France,,,,
14509,519.0563177,7.711944503,0,9,0,grocery,19,branch,1,79,0.881298067,Asian,Male,China,,,,
14510,136.7309915,1.660996463,0,9,0,electronics,8,branch,0,43,0.918869136,Asian,Female,France,,,,
14511,328.9933518,1.016165747,0,9,0,grocery,22,web,1,41,0.84610382,Black,Other,France,,,,
14512,34.32328151,0.277123209,0,3,1,grocery,4,branch,0,41,0.416950981,Asian,Female,Nigeria,,,,
14513,157.4055895,4.258531503,0,3,0,grocery,8,mobile,0,57,0.91462389,Black,Female,Brazil,,,,
14514,84.00392189,5.833377402,0,4,0,grocery,18,branch,1,65,0.098508096,Other,Female,China,,,,
14515,335.2361197,1.973736625,0,9,0,electronics,10,mobile,1,29,0.6524347,Black,Other,China,,,,
14516,119.8261044,4.75420624,1,6,0,luxury,13,web,0,64,0.937223778,Asian,Other,Brazil,,,,
14517,388.1834709,0.267833229,0,9,0,electronics,13,web,1,25,0.75489984,Asian,Other,China,,,,
14518,259.6262151,0.522878265,0,8,0,electronics,7,mobile,0,71,0.277867169,White,Male,India,,,,
14519,107.2765496,6.049196095,0,7,0,travel,23,mobile,1,26,0.717505818,Other,Female,India,,,,
14520,62.79197895,2.29488092,0,5,0,travel,19,branch,0,20,0.29476337,Asian,Male,France,,,,
14521,88.55683017,5.56356668,0,9,0,clothing,0,mobile,0,71,0.111582114,Other,Male,Brazil,,,,
14522,129.6612994,8.910663388,2,4,0,grocery,3,web,1,38,0.717221534,White,Other,France,,,,
14523,258.4510943,9.573787662,0,4,0,grocery,15,web,0,48,0.179226644,Other,Female,Nigeria,,,,
14524,161.5651372,0.944723077,0,8,0,travel,0,branch,1,65,0.111064939,Black,Female,Brazil,,,,
14525,291.7953018,3.330438781,0,4,0,luxury,18,mobile,0,64,0.551760055,Other,Other,China,,,,
14526,408.5563986,6.619917665,0,7,0,clothing,23,mobile,1,41,0.620625259,Asian,Other,Nigeria,,,,
14527,168.2028275,7.435672131,0,4,0,luxury,2,branch,0,21,0.051056284,Asian,M,Nigeria,,,,
14528,69.40563407,7.678056595,0,1,1,travel,1,web,0,37,0.004468888,Black,Other,Brazil,,,,
14529,214.8484512,1.294937534,0,9,0,luxury,16,mobile,0,78,0.88207033,Asian,Male,France,,,,
14530,556.9319305,1.069276714,0,4,0,grocery,10,branch,0,33,0.115252561,White,Female,India,,,,
14531,303.2460855,4.458142651,0,3,0,travel,2,branch,1,27,0.583898053,Asian,Male,France,,,,
14532,203.1676575,6.756292688,0,3,0,luxury,6,branch,0,60,0.953546247,White,Other,India,,,,
14533,77.84822693,1.921989312,1,9,0,clothing,9,branch,1,43,0.511910116,Other,Female,UK,,,,
14534,140.5846775,0.553010906,0,8,1,clothing,2,mobile,1,46,0.139798009,Other,Male,India,,,,
14535,36.77275016,6.307063046,0,7,0,electronics,7,branch,0,22,0.393484503,Asian,Male,Brazil,,,,
14536,59.29944308,1.781216838,0,7,1,travel,23,mobile,1,28,0.624042148,Asian,Female,India,,,,
14537,218.0599514,0.909784462,0,4,1,travel,4,web,0,46,0.762839637,Black,Male,UK,,,,
14538,28.58785987,0.799221538,0,3,1,travel,9,branch,0,62,0.606937995,Other,Male,China,,,,
14539,124.5466573,1.89102201,0,4,0,grocery,11,branch,0,32,0.034315735,White,Male,China,,,,
14540,53.2669296,4.490757067,0,6,0,grocery,17,web,0,23,0.143102865,Black,Other,India,,,,
14541,62.12021051,2.218968558,1,4,0,travel,5,branch,0,65,0.371801689,Black,Other,France,,,,
14542,170.5430046,0.104391471,1,4,0,luxury,7,mobile,1,32,0.705713685,Other,Other,India,,,,
14543,88.66297034,0.509656647,0,2,0,grocery,17,web,1,60,0.584327975,Black,Male,Brazil,,,,
14544,43.42921325,1.715996796,1,7,1,travel,5,web,1,37,0.044694984,White,Female,Brazil,,,,
14545,104.138268,5.389704344,0,6,1,grocery,22,mobile,0,51,0.796885908,Black,Male,Nigeria,,,,
14546,41.88489594,0.518559785,0,2,0,electronics,8,mobile,1,77,0.605124431,White,Male,France,,,,
14547,372.16222,4.112372582,1,5,0,clothing,15,web,0,77,0.887150036,White,Other,France,,,,
14548,268.5004332,0.638518438,0,6,0,electronics,10,branch,0,79,0.417653099,Asian,Other,India,,,,
14549,267.6658355,1.188845725,0,5,0,travel,1,mobile,0,19,0.490201781,Other,Male,India,,,,
14550,81.40776265,0.944849204,1,4,0,clothing,16,mobile,1,61,0.40555077,Other,Other,Brazil,,,,
14551,223.2529633,0.347975812,0,9,0,luxury,12,mobile,1,33,0.72245453,Other,Male,Nigeria,,,,
14552,189.5555183,5.563502577,0,3,0,travel,6,web,1,36,0.752130856,Other,Other,UK,,,,
14553,86.92100802,3.112544759,0,2,1,luxury,21,branch,0,51,0.723242394,White,Male,India,,,,
14554,153.8439122,8.890864162,0,9,0,luxury,9,mobile,1,66,0.2915993,Other,Male,France,,,,
14555,34.9053519,0.520644372,0,8,0,grocery,12,web,1,31,0.636031537,Other,Female,China,,,,
14556,64.36661648,0.781707501,0,9,0,grocery,9,web,1,41,0.338528166,White,Other,India,,,,
14557,150.5761735,1.829715457,0,3,1,clothing,3,branch,1,45,0.834200412,Asian,Female,Nigeria,,,,
14558,109.2036214,7.259308111,0,1,1,clothing,10,web,0,65,0.055116162,Other,Other,France,,,,
14559,209.3242348,1.824679309,0,1,0,grocery,8,web,0,49,0.037720753,Black,Other,China,,,,
14560,88.96474356,2.624780853,0,3,1,clothing,15,mobile,1,54,0.101708425,Asian,Other,China,,,,
14561,122.7476833,1.794841904,0,4,0,electronics,16,mobile,0,27,0.202363194,Asian,Female,Nigeria,,,,
14562,160.4419064,0.41812717,0,2,1,travel,22,mobile,1,66,0.037635359,Asian,Other,France,,,,
14563,82.63133191,14.02007687,0,8,0,electronics,4,web,1,62,0.071616689,Other,Male,India,,,,
14564,121.0538592,3.976331355,0,3,0,travel,4,branch,1,65,0.306056493,White,Male,Nigeria,,,,
14565,188.5794222,7.751912328,0,4,1,grocery,5,branch,1,26,0.099790682,Other,Other,Brazil,,,,
14566,443.7646432,5.369946083,0,6,0,electronics,1,branch,0,41,0.802073777,Other,Other,France,,,,
14567,83.06707394,3.61035,0,6,1,luxury,13,web,0,53,0.053867389,Asian,Other,Nigeria,,,,
14568,109.6385653,0.469785889,0,2,0,electronics,10,mobile,0,73,0.907929447,White,Other,Nigeria,,,,
14569,301.1832398,5.146367019,0,6,0,clothing,18,web,1,46,0.870839544,Other,Other,UK,,,,
14570,353.1978917,0.844285194,1,4,0,electronics,10,mobile,1,77,0.208384366,Other,Other,UK,,,,
14571,238.5929958,2.675447879,0,5,0,grocery,19,web,0,46,0.071527053,Other,Female,China,,,,
14572,347.0973268,4.959291159,0,7,1,grocery,5,web,1,75,0.105535045,Other,Male,India,,,,
14573,78.98655134,7.621556146,0,7,0,clothing,12,branch,1,65,0.559088237,White,Other,Brazil,,,,
14574,324.9323397,5.776630327,0,6,1,travel,18,web,1,40,0.60091574,White,Female,Brazil,,,,
14575,275.134822,5.566602567,0,6,0,clothing,2,branch,1,44,0.315582786,White,Female,Nigeria,,,,
14576,61.33037771,0.806963756,0,6,0,travel,15,web,0,48,0.296833668,Black,Other,Nigeria,,,,
14577,124.2041669,2.124222456,0,4,0,grocery,8,branch,0,60,0.531501268,White,Female,China,,,,
14578,16.86010323,0.219301113,0,3,0,grocery,2,web,1,24,0.305628044,White,Male,Nigeria,,,,
14579,178.475981,6.355495901,0,1,0,travel,18,web,0,66,0.934319495,Asian,Other,France,,,,
14580,320.9165031,15.24418671,0,3,0,electronics,14,mobile,1,71,0.382631779,Other,Other,India,,,,
14581,105.0240036,1.533375791,1,3,1,electronics,21,mobile,1,62,0.219813749,Other,Male,India,,,,
14582,68.22876941,0.458913942,0,9,0,clothing,12,mobile,0,21,0.145964847,Asian,Female,UK,,,,
14583,63.92330807,3.227217334,0,3,0,grocery,16,web,1,31,0.631708193,White,Other,China,,,,
14584,158.6162836,9.714012723,0,8,1,electronics,20,mobile,1,59,0.326661616,Other,Male,Nigeria,,,,
14585,237.0869869,4.014522242,0,8,0,grocery,7,mobile,1,59,0.188794833,Black,Male,Nigeria,,,,
14586,449.9740862,0.239532812,0,3,0,clothing,21,web,0,27,0.275815525,Black,Other,France,,,,
14587,15.04003844,18.30092367,0,6,0,luxury,13,web,1,76,0.307881573,Asian,Male,Nigeria,,,,
14588,414.0107296,8.820232526,0,8,0,grocery,8,mobile,1,61,0.625833471,Black,Other,Nigeria,,,,
14589,185.6853066,0.705480102,0,8,0,luxury,2,mobile,0,51,0.1746815,Asian,Female,India,,,,
14590,310.6139169,12.74228471,0,9,0,grocery,8,web,1,43,0.732803765,Black,Other,Nigeria,,,,
14591,264.0278663,2.995446091,0,9,0,travel,23,web,1,40,0.304882268,Black,Other,China,,,,
14592,166.1414184,2.325263452,0,8,0,luxury,11,branch,1,26,0.488309591,Black,Male,France,,,,
14593,161.3966122,3.090693282,0,7,0,travel,14,branch,1,78,0.65483901,Asian,Male,France,,,,
14594,213.6611309,8.996094817,1,3,0,travel,16,web,1,54,0.543620107,Other,Female,Brazil,,,,
14595,131.9632521,5.386402366,0,7,0,clothing,8,web,1,25,0.662233542,Asian,Other,Brazil,,,,
14596,140.4758585,0.305381022,0,4,0,clothing,23,mobile,1,70,0.322595504,White,Female,UK,,,,
14597,245.3444887,15.80355007,0,2,1,electronics,7,branch,1,31,0.963449919,White,Male,France,,,,
14598,82.8032091,0.799577099,0,8,0,luxury,5,mobile,1,24,0.458989722,Black,Female,China,,,,
14599,330.8152636,6.843607398,0,2,0,electronics,8,branch,1,24,0.32193361,Black,Other,France,,,,
14600,312.3931453,5.054882827,0,1,0,luxury,14,mobile,1,26,0.296393961,Other,Other,China,,,,
14601,110.1041598,1.03836943,0,5,0,clothing,23,branch,0,20,0.04269497,Other,Other,China,,,,
14602,247.0606987,0.936059934,0,9,0,clothing,17,web,0,31,0.684805869,Other,Male,India,,,,
14603,225.3488241,10.2137198,0,5,1,clothing,21,web,0,34,0.262515277,Black,Male,Brazil,,,,
14604,100.8647617,2.721006599,0,2,0,luxury,10,web,0,67,0.958930206,Asian,Other,China,,,,
14605,259.9206562,5.314920598,0,4,0,clothing,23,mobile,0,61,0.210444745,Black,Male,UK,,,,
14606,434.0575028,3.506612577,0,8,0,electronics,13,branch,1,39,0.529491194,White,Female,India,,,,
14607,338.4796033,6.497896286,0,7,0,travel,12,mobile,1,63,0.7354707,Black,Female,China,,,,
14608,42.92081312,3.262352783,0,5,1,luxury,12,web,0,43,0.870115295,Other,Other,India,,,,
14609,230.9528562,1.694034205,0,4,0,travel,21,branch,1,75,0.156460893,White,Male,Brazil,,,,
14610,302.3845105,2.257938214,0,5,0,electronics,12,branch,1,45,0.98540154,Black,Other,India,,,,
14611,95.41990038,9.797732825,0,7,0,grocery,15,mobile,0,62,0.906748985,Other,Female,Brazil,,,,
14612,330.8574146,3.15588502,0,5,0,clothing,11,web,1,31,0.962849766,Black,Female,France,,,,
14613,86.39831505,1.200490684,0,8,0,electronics,20,mobile,1,26,0.85267076,Black,Male,France,,,,
14614,130.8927719,13.63657705,0,7,0,grocery,23,mobile,0,68,0.877669228,Other,Female,Brazil,,,,
14615,89.34590547,7.962915199,0,7,0,luxury,17,web,1,43,0.598828916,White,Male,China,,,,
14616,77.10127217,0.286377583,1,9,0,electronics,11,web,1,19,0.845310063,White,Male,Nigeria,,,,
14617,213.4162878,34.26142302,0,8,0,luxury,4,mobile,1,28,0.534013358,Asian,Female,Nigeria,,,,
14618,47.00332115,5.936015959,0,8,0,travel,16,branch,1,34,0.538217171,White,Female,UK,,,,
14619,136.7314919,0.873354087,0,6,0,travel,20,web,1,51,0.562580092,Black,Other,Nigeria,,,,
14620,213.4941198,1.353585188,0,7,0,luxury,22,web,0,36,0.996317925,Other,Male,UK,,,,
14621,90.43301551,5.895514553,0,8,0,travel,0,web,1,56,0.10439484,White,Other,Brazil,,,,
14622,369.7837546,7.565211048,0,5,0,travel,12,web,0,35,0.805609978,Black,Male,China,,,,
14623,145.4282217,1.365845769,0,2,1,clothing,9,branch,0,30,0.273312523,Black,Female,Brazil,,,,
14624,479.968531,1.485086579,0,7,0,luxury,2,branch,1,22,0.361227083,White,Male,Brazil,,,,
14625,41.75905071,1.834497289,0,3,1,luxury,5,mobile,1,67,0.080533257,Other,Other,UK,,,,
14626,219.5526895,4.556744375,0,8,0,grocery,15,mobile,1,40,0.351573781,Other,Male,India,,,,
14627,189.0980761,0.942600712,0,6,0,clothing,0,web,0,75,0.990762697,Asian,Female,UK,,,,
14628,119.7455763,0.550431651,0,4,0,electronics,18,mobile,0,73,0.397069262,Other,Other,China,,,,
14629,166.8984912,5.679454235,0,2,1,clothing,7,branch,0,41,0.66968792,Other,Male,China,,,,
14630,243.1936759,7.550179211,0,7,0,electronics,8,web,1,46,0.120713188,White,Male,India,,,,
14631,276.0509442,3.475038596,0,1,0,luxury,22,web,1,65,0.92249721,White,Male,France,,,,
14632,149.1718332,2.26146858,0,7,0,clothing,19,web,0,64,0.82774538,Black,Male,France,,,,
14633,221.5854428,2.828545315,0,7,0,grocery,22,mobile,0,25,0.386294304,White,Male,India,,,,
14634,82.4503521,2.458448069,0,3,0,travel,6,web,0,43,0.348463333,Asian,Female,China,,,,
14635,279.755698,16.09249301,0,4,0,electronics,10,web,0,32,0.432267004,Black,Female,India,,,,
14636,418.6810349,7.307027525,0,4,0,travel,22,branch,0,74,0.401258183,Other,Other,Nigeria,,,,
14637,294.6369968,1.166520065,0,4,0,luxury,7,web,1,18,0.258050805,White,Male,India,,,,
14638,89.50898505,2.424077138,0,9,0,luxury,10,mobile,0,45,0.990846274,Asian,Female,India,,,,
14639,71.20124003,3.926447123,0,6,0,luxury,13,web,0,66,0.810546456,Black,Female,Brazil,,,,
14640,680.6350798,4.746470272,0,9,0,travel,13,mobile,1,79,0.26792326,Asian,Male,UK,,,,
14641,400.4177608,3.157287593,0,4,0,luxury,3,branch,0,64,0.981724801,Asian,Other,India,,,,
14642,276.7482739,8.306989645,0,7,0,luxury,19,branch,0,63,0.015530138,Other,Male,Brazil,,,,
14643,437.0579751,7.296605778,0,9,0,travel,8,web,1,31,0.437897637,Black,Other,India,,,,
14644,162.7901716,3.517582974,0,3,1,luxury,7,branch,0,59,0.569485197,White,Other,Nigeria,,,,
14645,273.2434614,9.635469979,1,3,0,electronics,14,web,1,51,0.037586622,Other,Female,India,,,,
14646,367.1784887,6.953310036,0,6,0,clothing,19,branch,0,76,0.161037191,Asian,Other,India,,,,
14647,131.9124187,7.53851139,0,8,0,electronics,5,branch,1,48,0.258131082,Black,Female,Brazil,,,,
14648,230.832414,15.66358003,0,1,0,luxury,15,mobile,0,23,0.720227058,Other,Female,India,,,,
14649,340.2225451,1.549413062,0,4,0,luxury,15,mobile,1,79,0.939743529,White,Male,Brazil,,,,
14650,66.69995329,1.55747114,0,8,0,luxury,13,web,1,66,0.624535087,Asian,Male,UK,,,,
14651,121.6240167,10.98897521,0,6,0,luxury,14,web,1,22,0.562661591,Black,Other,Brazil,,,,
14652,335.0887834,7.397015045,0,2,0,travel,21,mobile,0,48,0.53675912,Other,Male,China,,,,
14653,192.9029438,13.05544838,0,8,0,clothing,20,branch,0,54,0.35070365,Other,Male,UK,,,,
14654,174.4922362,0.326054591,0,1,0,travel,11,web,0,32,0.827714346,Asian,Other,China,,,,
14655,159.3109395,4.941043099,0,1,1,travel,22,branch,1,32,0.540767438,Other,Male,India,,,,
14656,358.7755678,0.781096061,0,7,0,luxury,17,mobile,1,69,0.230103179,White,Female,UK,,,,
14657,73.49360302,3.504860561,0,3,0,electronics,23,branch,0,60,0.136831208,White,Male,France,,,,
14658,115.0401321,0.846514928,1,8,0,electronics,10,branch,1,22,0.985512515,White,Male,China,,,,
14659,46.59695086,0.685279462,0,9,0,grocery,6,web,1,45,0.017473215,Black,Male,France,,,,
14660,128.6930457,0.061214929,0,8,1,clothing,5,branch,1,50,0.93344003,Other,Female,Brazil,,,,
14661,185.9998113,4.974489603,0,1,0,grocery,2,mobile,1,28,0.218303301,White,Other,Nigeria,,,,
14662,24.32993193,2.223805531,0,1,0,travel,8,branch,1,60,0.657549533,White,Female,India,,,,
14663,83.57951422,0.555709785,0,6,0,grocery,14,mobile,1,23,0.301532526,Black,Other,China,,,,
14664,192.6871576,1.949222077,0,1,1,grocery,1,mobile,1,40,0.859810412,Other,Female,France,,,,
14665,228.2463401,0.925291039,0,8,1,grocery,3,web,1,57,0.543445322,White,Male,Nigeria,,,,
14666,502.7574295,14.21032268,0,6,0,clothing,1,mobile,0,19,0.141057756,White,Female,Brazil,,,,
14667,252.8180936,1.928348329,0,5,0,electronics,5,mobile,0,32,0.269835,White,Other,UK,,,,
14668,144.7241824,2.03197913,0,6,0,electronics,11,web,1,40,0.320318574,Black,Male,India,,,,
14669,182.3128609,9.158471893,0,4,1,grocery,6,web,1,39,0.885922364,Other,Other,China,,,,
14670,186.987375,5.21715242,0,1,0,clothing,8,web,0,26,0.766738419,White,Male,UK,,,,
14671,115.1920706,6.192331404,0,7,0,electronics,5,mobile,1,64,0.829587313,Asian,Male,India,,,,
14672,198.7755354,5.053031837,0,9,1,luxury,21,web,1,57,0.052252188,Black,Female,France,,,,
14673,110.6615485,14.61206371,0,4,0,electronics,4,mobile,0,47,0.578782205,Asian,Other,Nigeria,,,,
14674,206.0620415,1.15966553,0,4,0,electronics,3,mobile,1,33,0.999176931,Other,Female,Brazil,,,,
14675,159.1861705,22.56716908,0,9,0,clothing,9,mobile,1,76,0.785199639,Black,Other,India,,,,
14676,139.7405936,8.887986466,0,4,1,clothing,19,web,1,63,0.120707681,Black,Female,France,,,,
14677,142.9004538,4.445476865,0,4,0,electronics,3,mobile,1,64,0.678818167,Black,Male,China,,,,
14678,282.4569417,5.429047344,0,8,0,luxury,4,mobile,1,69,0.745323821,Other,Other,Brazil,,,,
14679,264.0371658,5.232365501,0,4,0,luxury,16,web,0,47,0.514248356,Asian,Other,India,,,,
14680,134.1534521,0.300853565,0,9,0,grocery,17,web,1,62,0.078753148,White,Female,France,,,,
14681,274.9826447,1.229608183,1,8,1,grocery,2,mobile,1,26,0.034686235,Other,Other,Brazil,,,,
14682,156.8204829,16.28170539,1,5,0,electronics,22,mobile,1,18,0.937809697,White,Female,UK,,,,
14683,158.6782442,3.821759935,1,9,0,electronics,12,mobile,1,76,0.257513965,White,Female,Nigeria,,,,
14684,115.274646,2.376919209,0,8,0,electronics,0,web,1,55,0.378968127,White,Other,Nigeria,,,,
14685,468.4985114,7.178231146,0,4,0,luxury,18,web,1,25,0.795277541,Black,Female,China,,,,
14686,436.4101902,3.717141176,0,4,0,travel,22,branch,0,76,0.689260747,Black,Other,China,,,,
14687,95.98880404,0.066250842,0,1,0,grocery,21,web,0,76,0.9685657,Asian,Male,UK,,,,
14688,127.9532801,6.663532843,0,4,0,grocery,1,mobile,0,69,0.0928392,Other,Female,Nigeria,,,,
14689,217.6311773,6.587902097,0,8,0,travel,3,web,1,35,0.706919574,White,Male,Nigeria,,,,
14690,246.7736389,0.902508342,0,5,1,electronics,15,web,0,44,0.082228853,Other,Female,India,,,,
14691,67.98697812,15.69340662,0,6,0,grocery,15,branch,1,35,0.000165497,Other,Other,France,,,,
14692,78.85353368,1.267421893,0,4,0,luxury,16,branch,0,49,0.120230226,Other,Female,UK,,,,
14693,247.3209617,3.060134813,0,5,0,travel,20,mobile,1,75,0.616725848,Black,Female,China,,,,
14694,42.53788781,0.609346648,0,8,0,luxury,11,branch,0,66,0.67619275,White,Other,France,,,,
14695,96.69475293,4.622651917,0,9,1,electronics,1,mobile,1,49,0.438339872,White,Male,Nigeria,,,,
14696,304.2055025,2.35362841,0,3,0,grocery,23,mobile,1,70,0.04607071,Other,Other,France,,,,
14697,294.6809408,2.178385614,0,4,0,luxury,9,mobile,1,65,0.634059391,Asian,Male,Brazil,,,,
14698,451.6935841,8.771650179,0,1,1,travel,5,mobile,0,62,0.085817478,Black,Male,UK,,,,
14699,552.7006802,0.048038598,0,5,0,electronics,11,branch,1,71,0.141726332,Other,Female,UK,,,,
14700,861.7720425,7.996120529,0,4,0,grocery,11,mobile,0,53,0.512575685,Other,Female,UK,,,,
14701,124.9933993,4.236722574,0,6,0,grocery,16,mobile,1,53,0.340373271,White,Male,India,,,,
14702,102.2503098,21.3787975,0,6,0,electronics,17,web,1,38,0.464753927,Asian,Other,France,,,,
14703,223.6732129,4.45120521,0,6,0,electronics,3,mobile,0,63,0.635076904,Other,Male,France,,,,
14704,47.7327454,0.284858161,0,3,1,electronics,2,web,1,49,0.160007036,Asian,Female,China,,,,
14705,137.7048876,0.259864081,0,7,0,luxury,16,branch,0,48,0.89308674,White,Other,India,,,,
14706,185.6230608,10.73444888,0,3,0,clothing,22,web,0,54,0.559480065,White,Other,UK,,,,
14707,235.8592787,9.200994058,0,6,1,grocery,8,branch,1,33,0.022093276,Other,Female,India,,,,
14708,254.0902959,2.122399307,0,1,0,luxury,21,branch,0,63,0.628452842,Asian,Other,India,,,,
14709,134.391364,4.812098556,0,8,0,travel,11,web,1,79,0.463178932,Other,Other,Nigeria,,,,
14710,55.14817236,3.362718067,0,7,1,grocery,6,branch,1,63,0.701639111,Other,Male,UK,,,,
14711,67.13737249,17.08115742,0,9,0,clothing,15,branch,0,31,0.784033623,Other,Male,China,,,,
14712,20.86761878,14.97475298,0,3,0,travel,7,branch,0,74,0.938844853,Other,Female,Brazil,,,,
14713,105.3479473,20.62577438,0,8,1,grocery,2,web,1,41,0.998345794,Asian,Male,China,,,,
14714,46.6170321,10.06635105,0,2,0,clothing,20,branch,0,42,0.549616993,Other,Other,Nigeria,,,,
14715,111.4999358,12.01487827,0,9,0,electronics,12,mobile,0,78,0.561508353,White,Female,UK,,,,
14716,222.0709477,1.224893428,0,1,0,clothing,19,web,0,63,0.022445251,White,Female,UK,,,,
14717,56.41227617,8.889483682,0,7,0,grocery,8,mobile,0,68,0.865170473,Asian,Female,UK,,,,
14718,177.9629096,6.169705562,0,1,1,clothing,8,web,0,79,0.028717994,Other,Other,France,,,,
14719,133.2500353,16.45541959,0,6,0,grocery,3,mobile,0,52,0.632664807,Other,Male,UK,,,,
14720,213.7719538,4.234544345,0,1,0,grocery,13,branch,0,34,0.098576979,Black,Other,UK,,,,
14721,250.7303753,0.445069631,0,4,0,clothing,17,mobile,0,63,0.285838604,Other,Other,Brazil,,,,
14722,126.7415531,4.549045058,0,7,0,clothing,0,mobile,1,59,0.140329553,Asian,Male,UK,,,,
14723,166.9549339,5.801070479,0,2,0,travel,18,mobile,0,62,0.137394288,Asian,Male,India,,,,
14724,133.6651853,1.244365096,1,3,0,travel,1,web,1,71,0.074600982,Black,Other,UK,,,,
14725,114.3340901,2.50531206,1,4,0,luxury,4,branch,1,21,0.317881982,White,Male,UK,,,,
14726,92.59306818,4.562781244,0,6,0,grocery,21,branch,1,28,0.423651344,Asian,Other,China,,,,
14727,234.6298192,2.342869158,0,9,0,travel,13,mobile,1,64,0.464473193,Other,Male,UK,,,,
14728,399.5798733,2.349599902,0,4,0,luxury,8,mobile,1,32,0.439708039,Other,Other,France,,,,
14729,368.1791006,0.714081185,0,6,0,grocery,19,web,0,47,0.523692034,White,Male,Nigeria,,,,
14730,51.38463204,14.12967097,0,7,0,luxury,19,mobile,0,41,0.859786929,Black,Female,France,,,,
14731,394.6507272,6.941369285,0,4,0,travel,14,mobile,1,19,0.631796616,Asian,Male,Brazil,,,,
14732,74.91393766,0.006221063,0,6,0,luxury,19,mobile,1,60,0.017285671,Other,Other,China,,,,
14733,185.6763489,7.253914477,1,3,0,clothing,0,web,1,51,0.172952278,White,Male,China,,,,
14734,210.5374799,6.731427344,0,5,0,luxury,18,mobile,0,40,0.348949822,White,Male,Brazil,,,,
14735,39.08601099,0.048893077,0,4,0,electronics,3,mobile,1,78,0.949043709,White,Other,India,,,,
14736,145.1211612,2.307037789,0,7,0,electronics,13,mobile,0,48,0.078079397,Other,Male,India,,,,
14737,411.1514049,4.666519319,0,6,0,luxury,0,web,1,54,0.710119262,White,Female,Brazil,,,,
14738,12.99104127,3.014253669,0,7,0,electronics,4,web,0,30,0.033093132,White,Female,Nigeria,,,,
14739,714.5432784,7.525076854,0,6,0,luxury,9,branch,1,50,0.362537169,White,Female,China,,,,
14740,19.70542381,2.770913281,0,2,0,luxury,8,web,0,24,0.770148764,Asian,Female,Nigeria,,,,
14741,206.6848654,0.835369789,0,7,0,luxury,16,branch,0,49,0.343929336,Other,Male,Brazil,,,,
14742,41.11737755,18.73585416,0,8,0,electronics,13,branch,1,24,0.43028206,Asian,Female,UK,,,,
14743,230.9460595,1.385623278,0,7,0,grocery,6,mobile,1,59,0.905304528,Black,Male,France,,,,
14744,357.3094702,6.323788527,0,4,0,luxury,17,branch,1,55,0.066169091,White,Female,France,,,,
14745,293.7973864,0.772498855,0,4,1,luxury,9,mobile,1,69,0.527662325,Other,Female,UK,,,,
14746,327.4665213,1.995024703,0,5,0,clothing,3,web,1,61,0.366237559,Black,Other,Nigeria,,,,
14747,134.1418575,2.917228976,0,9,0,clothing,13,web,0,30,0.963811672,Asian,Male,France,,,,
14748,409.238429,1.06740198,0,5,0,travel,2,branch,0,41,0.793689829,Black,Male,France,,,,
14749,611.1622611,2.98881753,0,2,0,electronics,22,mobile,0,45,0.122076777,Asian,Male,India,,,,
14750,178.7354778,0.854907434,0,5,0,grocery,21,branch,1,49,0.927409757,Other,Other,Nigeria,,,,
14751,122.2169222,4.093626156,0,3,1,luxury,10,branch,1,60,0.211213297,Asian,Male,Brazil,,,,
14752,84.87582253,5.448955339,0,8,1,luxury,9,web,1,35,0.084817644,Black,Other,Brazil,,,,
14753,280.7506092,0.322342133,0,2,0,electronics,7,branch,1,51,0.54159328,Asian,Male,UK,,,,
14754,338.1889906,10.24483797,0,4,0,travel,8,mobile,1,65,0.73663157,Asian,Female,France,,,,
14755,122.2609208,1.023700229,0,5,0,travel,22,web,1,51,0.716050889,Black,Other,Brazil,,,,
14756,469.6393738,1.276800023,0,4,0,clothing,5,web,0,68,0.534056069,Black,Other,UK,,,,
14757,264.5186402,5.413938406,0,5,1,electronics,13,branch,1,55,0.492737474,White,Other,India,,,,
14758,177.1980287,3.162622774,0,4,0,travel,23,branch,0,18,0.969543897,Black,Male,Nigeria,,,,
14759,211.6265924,3.459695545,0,3,0,travel,8,branch,0,60,0.820558842,Asian,Female,France,,,,
14760,68.89732292,0.685718027,0,1,0,grocery,13,mobile,1,67,0.698640038,Other,Other,France,,,,
14761,278.521006,8.192681517,0,4,0,clothing,7,branch,1,59,0.195211464,Other,Other,UK,,,,
14762,73.20663475,4.799309673,0,9,1,clothing,5,mobile,1,48,0.819770691,White,Male,France,,,,
14763,109.6878921,0.727337691,1,1,1,clothing,23,branch,0,67,0.749780744,Asian,Male,Nigeria,,,,
14764,157.4366114,2.342019484,0,7,1,travel,5,branch,0,79,0.9920266,Black,Female,Brazil,,,,
14765,548.8970492,8.314455392,0,3,0,luxury,21,web,0,77,0.132995108,Asian,Other,UK,,,,
14766,199.3440621,4.200759472,0,8,0,travel,1,web,1,18,0.715295396,Black,Other,Nigeria,,,,
14767,79.98164163,0.57508371,0,6,0,travel,23,mobile,0,68,0.979083193,Black,Other,France,,,,
14768,212.2066358,2.332266064,0,1,0,electronics,4,branch,0,33,0.462593027,Black,Other,Brazil,,,,
14769,253.4143249,1.389942031,0,5,1,clothing,2,mobile,1,75,0.733410443,White,Other,Nigeria,,,,
14770,376.5916653,3.643514847,1,8,0,clothing,10,web,1,56,0.975370651,Black,Female,Brazil,,,,
14771,163.5509136,9.269061535,0,3,1,grocery,6,web,1,32,0.547484894,Asian,Other,Brazil,,,,
14772,91.00323744,2.865873915,0,4,0,clothing,8,web,1,78,0.699041595,White,Male,UK,,,,
14773,645.7000631,2.839996927,0,7,0,travel,12,web,0,50,0.02008481,White,Other,France,,,,
14774,212.5459647,11.78789467,0,6,0,electronics,15,mobile,0,40,0.519665106,Other,Other,India,,,,
14775,80.42936335,4.292296065,0,7,0,grocery,22,branch,0,70,0.255800406,White,Other,India,,,,
14776,162.4393757,4.175755677,0,9,0,travel,11,mobile,1,58,0.131244642,Asian,Other,India,,,,
14777,109.7346293,1.518446821,0,9,0,travel,7,branch,0,51,0.708598085,Other,Other,Nigeria,,,,
14778,392.0541364,4.678932066,0,2,0,grocery,13,web,1,34,0.039089489,Black,Female,India,,,,
14779,251.6974506,4.289053421,0,3,0,travel,13,mobile,0,42,0.904865152,Other,Male,China,,,,
14780,129.4540394,2.527958974,0,4,1,travel,4,branch,0,73,0.51777366,White,Female,China,,,,
14781,338.327571,23.38632104,0,6,0,electronics,9,branch,1,59,0.648230115,Black,Male,France,,,,
14782,152.4314828,10.68073528,0,5,1,electronics,21,web,1,23,0.253434799,Black,Male,India,,,,
14783,159.5596633,6.923204446,0,6,0,electronics,23,branch,1,48,0.182193019,Asian,Male,Brazil,,,,
14784,88.82282545,3.853874574,0,8,0,clothing,13,branch,1,22,0.243753621,White,Other,China,,,,
14785,88.20425413,3.100039405,0,2,1,grocery,22,mobile,1,57,0.232292991,Asian,Female,Brazil,,,,
14786,617.8130226,1.022206391,0,6,0,electronics,16,web,0,57,0.864501628,White,Male,Brazil,,,,
14787,327.4615175,1.824525552,0,9,0,travel,3,web,1,47,0.787339401,White,Male,India,,,,
14788,25.11551274,7.435234213,0,5,1,clothing,23,branch,0,22,0.852736534,Black,Other,France,,,,
14789,71.59504717,3.023383088,0,1,0,grocery,14,branch,0,29,0.734872044,Black,Other,France,,,,
14790,58.43819223,10.69678653,1,8,0,electronics,10,web,1,24,0.643550361,Other,Female,India,,,,
14791,174.5206401,0.800322288,0,4,0,electronics,8,web,1,62,0.52787469,White,Male,France,,,,
14792,118.6347985,3.549911456,0,8,0,grocery,14,web,1,30,0.265481826,White,Male,China,,,,
14793,445.483711,5.205950072,0,4,0,electronics,21,branch,0,66,0.705362958,Black,Male,India,,,,
14794,127.9569368,3.637124597,0,8,0,grocery,19,branch,0,21,0.136584405,White,Female,France,,,,
14795,576.8207311,11.00135619,0,9,0,grocery,1,web,1,67,0.511061544,White,Other,UK,,,,
14796,156.0826147,22.81212549,1,5,0,travel,0,web,1,59,0.195274769,White,Other,UK,,,,
14797,659.8725528,0.615555979,0,5,1,grocery,20,branch,1,20,0.504759305,Asian,Female,France,,,,
14798,141.8857616,0.696051171,0,2,0,luxury,23,branch,0,29,0.293907413,Other,Other,Brazil,,,,
14799,144.1114488,0.698173405,0,9,0,electronics,19,branch,1,18,0.05347967,Other,Male,China,,,,
14800,322.4904815,5.715597452,0,4,1,travel,16,mobile,0,44,0.503709013,White,Male,UK,,,,
14801,290.6999993,2.331461388,0,3,0,clothing,3,web,0,60,0.181830209,White,Female,China,,,,
14802,49.26072863,6.608429111,0,2,0,luxury,4,mobile,0,67,0.161155033,Black,Other,Nigeria,,,,
14803,177.7307393,2.599932895,0,3,0,grocery,4,mobile,0,30,0.384365898,Other,Female,China,,,,
14804,117.7340224,4.939023912,0,4,0,clothing,13,branch,0,34,0.361787158,Other,Female,India,,,,
14805,111.1568884,7.34529397,0,9,0,clothing,0,web,1,25,0.866957866,Black,Other,Nigeria,,,,
14806,177.0813962,3.972754459,0,6,0,clothing,1,branch,1,49,0.564637023,Other,Female,France,,,,
14807,132.1650369,3.877251101,0,5,1,clothing,21,branch,1,37,0.854567428,Asian,Male,France,,,,
14808,191.4275774,0.461861288,0,9,1,travel,9,branch,1,68,0.146835654,Black,Female,Brazil,,,,
14809,68.63536946,2.644793043,0,8,0,travel,4,branch,1,34,0.35731027,White,Male,UK,,,,
14810,38.18756641,3.945836747,0,6,0,clothing,8,web,0,51,0.555329618,Asian,Male,China,,,,
14811,331.0890197,3.099305397,1,3,1,luxury,12,web,1,52,0.153128069,Other,Female,UK,,,,
14812,366.7160379,11.55217916,1,7,0,electronics,22,branch,1,52,0.128057066,White,Male,China,,,,
14813,317.0091728,11.85060756,0,6,0,electronics,20,mobile,0,55,0.661401598,Other,Female,Nigeria,,,,
14814,171.1384969,8.627538412,0,8,0,travel,12,branch,1,59,0.653833971,Other,Female,UK,,,,
14815,124.1117737,2.352403318,0,6,0,luxury,8,mobile,0,41,0.234158664,White,Other,France,,,,
14816,98.9035904,6.316830068,0,4,1,luxury,13,mobile,0,71,0.227123555,White,Female,Brazil,,,,
14817,83.66728486,2.515018649,0,7,0,grocery,16,branch,1,35,0.745445779,Asian,Male,India,,,,
14818,156.2167751,1.3236938,0,7,0,travel,2,web,1,67,0.116987839,Other,Female,Nigeria,,,,
14819,360.5872793,2.099615441,1,8,0,luxury,17,branch,1,63,0.923263497,Black,Female,China,,,,
14820,91.87494343,0.368042356,0,2,1,luxury,11,web,1,65,0.943738521,Black,Other,Nigeria,,,,
14821,361.0104933,2.015670453,0,6,0,electronics,22,mobile,1,56,0.870992323,Black,Other,India,,,,
14822,40.36872794,3.087807806,0,3,0,luxury,8,web,0,50,0.210677299,Other,Male,France,,,,
14823,198.9027532,15.55918426,0,8,0,luxury,15,web,0,66,0.01680175,Other,Male,Nigeria,,,,
14824,230.2248168,1.880094082,0,4,0,clothing,12,web,0,40,0.936690842,White,Male,UK,,,,
14825,108.0512117,11.63713247,0,4,1,electronics,17,branch,0,42,0.343971827,Asian,Male,UK,,,,
14826,64.51115479,1.299415518,0,2,0,electronics,11,mobile,0,54,0.310410265,Other,Other,UK,,,,
14827,301.5017959,1.059589587,0,6,0,clothing,21,mobile,0,44,0.26167758,Black,Female,Brazil,,,,
14828,172.1341267,3.659392814,0,6,1,electronics,1,web,1,18,0.244536173,Other,Other,India,,,,
14829,791.3803734,5.5815097,0,1,0,grocery,18,mobile,0,38,0.73455329,Asian,Other,France,,,,
14830,364.3387329,0.226724845,0,8,0,grocery,0,web,0,76,0.907893628,Other,Other,UK,,,,
14831,366.3147563,1.249143937,0,3,1,travel,5,web,0,66,0.786056366,Asian,Female,UK,,,,
14832,9.242002161,3.041123529,0,1,0,electronics,17,web,1,27,0.674107966,White,Female,Brazil,,,,
14833,93.4798098,2.009888501,0,1,1,electronics,2,web,1,48,0.287757563,Asian,Other,UK,,,,
14834,57.45048443,6.234768265,0,1,0,grocery,21,branch,0,61,0.546963475,Black,Female,China,,,,
14835,19.43463532,3.578606304,0,5,0,travel,5,web,0,42,0.236967173,Other,Other,Brazil,,,,
14836,161.7678765,0.873904926,0,5,0,travel,3,mobile,1,37,0.111507104,Other,Other,China,,,,
14837,296.2894988,11.24358111,0,1,1,grocery,16,branch,0,74,0.120292962,Black,Male,India,,,,
14838,70.66525104,1.732956034,0,5,0,grocery,22,mobile,0,19,0.603769105,Asian,Other,Nigeria,,,,
14839,20.97652529,6.567657061,0,7,0,clothing,17,branch,1,72,0.038479659,Other,Other,UK,,,,
14840,76.23638664,7.568724918,0,5,0,travel,21,web,1,65,0.973254496,Other,Other,UK,,,,
14841,146.8821814,16.50554322,1,9,0,travel,6,branch,1,32,0.995466463,Asian,Male,India,,,,
14842,138.4427014,3.4508328,0,4,0,clothing,1,mobile,0,45,0.149424691,Asian,Female,Nigeria,,,,
14843,168.0318226,4.783422365,2,9,0,grocery,14,branch,1,30,0.42730241,Asian,Male,Brazil,,,,
14844,226.7755681,2.038911154,0,8,1,clothing,21,branch,1,67,0.768076019,Other,Female,Nigeria,,,,
14845,164.8692312,5.668803502,0,1,1,clothing,16,web,0,77,0.955066827,Black,Male,UK,,,,
14846,307.8509313,3.11235783,0,4,0,luxury,5,web,0,69,0.891321174,Black,Female,India,,,,
14847,71.90417864,2.878175261,0,7,0,travel,7,branch,1,71,0.254755184,White,Male,China,,,,
14848,133.8476942,9.671255423,0,1,0,grocery,7,web,0,31,0.085196934,Asian,Other,France,,,,
14849,254.1753445,0.257355201,0,8,1,luxury,6,web,1,67,0.288729361,Black,Female,India,,,,
14850,205.6678171,10.68376148,0,2,0,luxury,3,branch,1,19,0.437237443,Asian,Male,Brazil,,,,
14851,532.8477935,9.555074969,1,8,0,luxury,19,mobile,1,51,0.359938317,Other,Male,Brazil,,,,
14852,74.74081031,3.529807204,0,4,0,grocery,4,web,0,52,0.773869123,Black,Male,UK,,,,
14853,257.4539555,3.368711929,1,8,1,clothing,7,branch,1,54,0.257787888,Other,Female,India,,,,
14854,97.8422787,2.245575551,0,1,0,grocery,13,branch,1,42,0.858637116,White,Other,France,,,,
14855,88.71799309,25.72694432,0,5,1,travel,19,branch,0,65,0.225634428,Black,Male,India,,,,
14856,349.539123,0.589242686,0,9,0,travel,2,mobile,1,71,0.361352045,Black,Female,Brazil,,,,
14857,163.4359247,4.46061611,0,7,0,clothing,17,mobile,0,32,0.447809068,White,Female,India,,,,
14858,203.0889067,5.723515541,0,3,0,grocery,21,mobile,0,29,0.291218143,Asian,Other,UK,,,,
14859,104.4339299,13.61556602,0,4,0,clothing,14,web,0,79,0.766372237,Black,Other,Brazil,,,,
14860,109.6591763,7.575265732,0,7,0,clothing,20,branch,0,26,0.409547211,White,Other,India,,,,
14861,37.37900859,5.161977173,0,6,0,grocery,4,branch,0,75,0.887025773,Other,Female,India,,,,
14862,191.2980981,0.621087746,0,4,0,travel,14,mobile,0,48,0.963588659,White,Female,UK,,,,
14863,65.5088091,2.339896533,0,3,0,grocery,5,web,0,31,0.859807153,Other,Other,UK,,,,
14864,149.0333641,0.747384344,0,2,0,travel,9,web,0,46,0.522625172,White,Male,India,,,,
14865,307.6200767,10.65210527,1,9,0,electronics,22,branch,1,70,0.509808403,Black,Other,France,,,,
14866,26.75326234,6.923900652,0,3,0,electronics,19,mobile,0,65,0.215872647,Asian,Other,Brazil,,,,
14867,928.5047964,7.084526391,0,7,0,electronics,14,branch,1,60,0.592277662,Black,Other,India,,,,
14868,87.11312392,5.281450955,0,1,0,luxury,19,mobile,0,55,0.952725725,Black,Other,UK,,,,
14869,152.4278827,3.536672095,0,8,0,travel,8,mobile,1,59,0.080606528,Other,Male,Brazil,,,,
14870,202.9044634,0.812424412,0,1,0,travel,3,branch,0,77,0.752457414,Black,Male,UK,,,,
14871,84.54529562,2.000111386,0,2,0,grocery,7,mobile,0,25,0.869539554,White,Other,Brazil,,,,
14872,112.9801635,0.736215087,0,1,0,travel,12,mobile,0,65,0.986703484,Asian,Female,India,,,,
14873,357.3569345,6.453341935,0,4,1,grocery,16,mobile,0,20,0.334757716,Black,Female,China,,,,
14874,284.7470089,0.873128883,0,2,0,luxury,3,mobile,0,19,0.355574146,Asian,Male,China,,,,
14875,136.1339941,6.05521453,0,1,0,grocery,1,web,1,33,0.229775242,Other,Other,Nigeria,,,,
14876,166.4306864,5.892425135,0,1,0,electronics,4,mobile,0,36,0.789063626,Black,Female,China,,,,
14877,185.399313,3.074494832,1,2,0,grocery,1,mobile,1,47,0.1400396,Asian,Male,Nigeria,,,,
14878,249.4814704,0.726450735,1,6,0,grocery,15,mobile,1,58,0.267766961,White,Male,Brazil,,,,
14879,262.3336423,1.890228591,0,2,0,grocery,22,branch,0,33,0.295262358,Asian,Male,UK,,,,
14880,257.4443276,1.928997076,0,2,0,travel,22,web,0,48,0.374930619,White,Male,UK,,,,
14881,119.1384661,6.026287031,0,8,0,clothing,14,mobile,0,71,0.421664904,White,Other,UK,,,,
14882,180.9608287,0.603741623,0,5,1,clothing,3,mobile,1,75,0.559024965,Other,Male,India,,,,
14883,331.6041921,8.832466215,0,8,0,clothing,14,branch,1,45,0.948373321,Asian,Female,Brazil,,,,
14884,644.6221621,7.156611152,0,8,1,travel,4,web,1,21,0.247279748,Black,Other,India,,,,
14885,177.1623017,1.030860167,0,2,0,electronics,2,web,0,27,0.779220589,Black,Male,Nigeria,,,,
14886,106.1852443,6.349928847,0,7,1,clothing,13,web,1,68,0.676390289,Black,Female,Nigeria,,,,
14887,83.13103275,5.520836166,0,9,0,clothing,6,mobile,1,62,0.11605023,Black,Female,UK,,,,
14888,258.8646466,6.89402836,0,8,0,luxury,14,web,1,35,0.810376751,Asian,Female,UK,,,,
14889,35.52606944,1.046995672,0,9,0,luxury,4,branch,1,64,0.09061178,Other,Other,Brazil,,,,
14890,260.7172239,0.857444149,0,8,1,electronics,8,branch,1,49,0.73892623,Black,Other,Nigeria,,,,
14891,263.9660329,1.3491059,1,4,0,grocery,12,mobile,1,47,0.715786745,Black,Female,Brazil,,,,
14892,109.443277,2.27751992,0,7,0,grocery,6,mobile,0,53,0.689401862,White,Other,Nigeria,,,,
14893,199.5916667,7.891270628,0,9,0,luxury,3,mobile,0,26,0.276692343,Asian,Male,France,,,,
14894,139.7638938,6.695602512,0,9,0,luxury,6,mobile,1,53,0.573366989,White,Male,Brazil,,,,
14895,47.02939604,12.98153298,0,4,1,electronics,0,branch,1,46,0.761577791,White,Male,France,,,,
14896,247.3280452,0.302092748,0,7,0,electronics,14,mobile,1,33,0.637591945,Other,Other,India,,,,
14897,231.6817406,0.058117869,0,6,0,travel,14,mobile,0,45,0.804305721,Black,Other,Nigeria,,,,
14898,116.8202587,6.005531744,0,3,0,grocery,17,mobile,0,38,0.687882365,Black,Other,France,,,,
14899,638.0477914,1.637574836,0,6,0,travel,14,mobile,0,64,0.274449888,Asian,Female,India,,,,
14900,167.4918783,2.032920386,0,8,0,clothing,2,branch,0,73,0.153056545,White,Male,Brazil,,,,
14901,23.81276788,3.9571311,0,2,0,electronics,4,web,0,19,0.631978986,Black,Female,France,,,,
14902,343.5663943,0.540226823,0,3,0,grocery,4,mobile,1,77,0.759758381,Other,Female,France,,,,
14903,290.5534515,5.145819436,1,8,0,grocery,15,branch,1,76,0.142322952,White,Male,India,,,,
14904,314.7158477,1.966305254,0,4,0,travel,22,web,0,63,0.174820458,Other,Other,France,,,,
14905,68.95606577,5.00808752,0,4,1,luxury,9,branch,1,52,0.012069347,Other,Female,India,,,,
14906,195.679641,8.979045683,0,2,0,luxury,21,web,1,71,0.531749181,Other,Female,China,,,,
14907,165.3337609,0.938347156,0,1,0,electronics,22,branch,0,45,0.542291048,Black,Other,Nigeria,,,,
14908,145.2123094,13.35905615,0,7,0,luxury,12,mobile,0,72,0.500075792,Other,Other,Nigeria,,,,
14909,406.0868801,3.782438935,0,4,1,clothing,14,web,0,53,0.316010019,Other,Male,Nigeria,,,,
14910,169.2614231,12.81506091,0,6,0,grocery,7,branch,0,79,0.427811234,Black,Female,France,,,,
14911,120.1946015,1.1642657,0,8,0,luxury,19,mobile,1,48,0.76623677,Black,Male,France,,,,
14912,119.2095759,4.638814742,0,7,0,electronics,6,mobile,1,50,0.181796881,Black,Female,UK,,,,
14913,64.12289132,2.586626147,0,7,0,clothing,13,web,0,40,0.201547887,Asian,Male,UK,,,,
14914,181.9503292,7.44101955,0,6,0,travel,5,branch,0,77,0.666978265,White,Male,India,,,,
14915,427.1851676,4.655866439,0,4,1,travel,7,mobile,1,58,0.866900874,White,Other,France,,,,
14916,128.3303183,3.411189093,0,4,0,clothing,14,branch,1,34,0.340393468,Asian,Female,India,,,,
14917,203.8345883,12.20839716,0,9,0,electronics,16,mobile,1,63,0.932744325,Asian,Male,Brazil,,,,
14918,143.4159897,2.366983409,1,5,0,travel,4,mobile,0,66,0.057676074,Asian,Other,France,,,,
14919,155.7671249,1.242179906,0,9,0,grocery,11,mobile,1,18,0.11851932,Black,Other,China,,,,
14920,299.6589609,4.683758011,0,9,0,grocery,12,web,1,59,0.459959619,Other,Other,Brazil,,,,
14921,63.33322098,4.891208846,0,4,1,electronics,2,branch,1,40,0.723485228,Black,Female,France,,,,
14922,39.47749864,2.891015268,1,2,0,electronics,18,web,1,65,0.370836965,Other,Male,Nigeria,,,,
14923,343.9219454,3.333597869,0,2,0,grocery,14,web,0,44,0.55474729,White,Female,India,,,,
14924,106.9741094,16.03886523,0,9,0,electronics,17,web,1,42,0.028570686,Other,Female,China,,,,
14925,121.3672557,6.596650636,0,9,0,clothing,20,web,1,49,0.461834312,Asian,Other,UK,,,,
14926,728.6358949,0.586050851,0,3,1,electronics,19,web,1,36,0.242575534,White,Female,Nigeria,,,,
14927,289.2847437,1.192111337,0,5,0,grocery,6,mobile,1,41,0.516368841,Other,Female,China,,,,
14928,78.13537297,18.561075,0,5,0,luxury,13,mobile,0,74,0.525833205,Asian,Male,UK,,,,
14929,360.4640279,6.481638596,0,2,0,electronics,23,mobile,0,20,0.753158928,Other,Other,France,,,,
14930,294.0049841,12.3281753,0,2,1,travel,19,web,0,77,0.539841628,Other,Other,Brazil,,,,
14931,2.306423373,1.811032962,0,1,1,clothing,18,mobile,1,29,0.614269173,Other,Male,Brazil,,,,
14932,187.0222075,6.771398905,1,2,0,clothing,23,mobile,1,52,0.529646582,White,Female,China,,,,
14933,66.35798605,6.258864693,1,7,0,clothing,10,mobile,1,32,0.990377434,Other,Male,Nigeria,,,,
14934,155.5160722,1.745589179,0,1,0,travel,6,web,1,34,0.791619362,Asian,Male,UK,,,,
14935,645.9657088,4.001617001,0,1,0,travel,10,branch,1,67,0.755645028,Other,Female,China,,,,
14936,308.5088744,4.93645189,0,9,1,clothing,7,branch,1,49,0.627259461,Asian,Other,India,,,,
14937,337.6160791,3.280526994,0,2,0,clothing,23,mobile,0,24,0.528370699,Black,Male,India,,,,
14938,143.6453637,8.777486024,0,4,0,clothing,9,web,1,36,0.34475714,White,Female,India,,,,
14939,338.6874571,8.944887965,0,3,0,electronics,23,branch,1,24,0.783967926,Black,Other,UK,,,,
14940,89.79007828,9.505658382,0,4,0,travel,10,mobile,0,22,0.189609166,Black,Male,Brazil,,,,
14941,185.2432841,8.13351981,0,7,0,grocery,0,web,1,75,0.0365489,White,Male,Brazil,,,,
14942,298.7083436,3.347968543,1,2,0,electronics,19,branch,0,57,0.698172045,Black,Other,Nigeria,,,,
14943,292.389797,2.401791658,0,2,0,grocery,9,branch,0,38,0.144851697,Asian,Male,UK,,,,
14944,42.12890667,8.900427887,0,9,0,electronics,6,web,1,65,0.903826083,Asian,Male,France,,,,
14945,555.3023051,3.36869824,0,6,0,electronics,21,branch,0,65,0.770681387,Asian,Female,France,,,,
14946,75.18401617,1.414278017,0,7,0,grocery,2,mobile,0,68,0.602244378,Asian,Male,India,,,,
14947,814.0820144,3.53971584,0,5,0,clothing,18,mobile,0,74,0.313924654,Black,Male,China,,,,
14948,304.9273695,0.76488081,0,5,0,grocery,3,web,1,64,0.637942359,White,Female,China,,,,
14949,286.9859955,5.882266332,0,4,0,luxury,5,web,0,24,0.47685669,Black,Female,China,,,,
14950,81.21286346,2.046772924,0,8,0,travel,0,mobile,1,54,0.291148468,White,Other,Brazil,,,,
14951,110.7865516,1.509978787,0,7,1,luxury,3,web,1,40,0.945078977,White,Other,Brazil,,,,
14952,525.893418,15.67597712,0,2,0,electronics,6,branch,1,28,0.161889415,Black,Other,UK,,,,
14953,481.0713424,7.500249993,0,2,0,grocery,10,branch,1,27,0.753383749,Black,Female,UK,,,,
14954,146.8435,7.733947352,0,6,0,clothing,5,branch,1,74,0.800038568,Asian,Male,Nigeria,,,,
14955,137.1761101,4.887134827,0,1,0,clothing,4,branch,0,38,0.951794608,White,Male,UK,,,,
14956,140.3999992,9.137124238,0,7,0,luxury,11,web,1,72,0.54941643,White,Male,Nigeria,,,,
14957,362.1458573,7.118163843,0,8,1,luxury,1,branch,1,76,0.534875161,Other,Male,India,,,,
14958,338.4230339,4.56614841,1,8,0,electronics,17,web,1,58,0.920289209,White,Female,India,,,,
14959,221.9719928,16.23694261,2,3,0,travel,21,mobile,1,50,0.801093259,Asian,Other,Brazil,,,,
14960,186.6214682,1.063460231,0,7,0,electronics,8,branch,1,37,0.76363648,White,Other,Brazil,,,,
14961,145.5207873,14.35694018,0,1,0,clothing,13,web,0,50,0.789137054,Other,Other,Brazil,,,,
14962,772.1733889,2.566127188,0,3,1,grocery,11,mobile,0,57,0.493181091,Other,Female,France,,,,
14963,47.16572159,3.758109773,0,6,1,luxury,8,branch,1,52,0.041418618,White,Other,Nigeria,,,,
14964,122.6408385,0.654755448,0,9,0,clothing,0,branch,0,51,0.198264884,Asian,Female,China,,,,
14965,210.8914008,3.883811898,1,5,0,electronics,6,branch,0,79,0.642992088,Other,Male,China,,,,
14966,37.98591149,4.723537862,0,5,1,travel,6,web,0,53,0.396165918,Other,Female,India,,,,
14967,104.6308418,30.37758366,0,9,0,grocery,9,web,1,44,0.606770248,Other,Female,Nigeria,,,,
14968,640.48956,18.48302834,0,9,0,travel,1,mobile,1,36,0.551677903,Black,Other,France,,,,
14969,322.9974632,16.96574308,0,6,0,electronics,3,branch,1,60,0.438660306,Asian,Male,France,,,,
14970,103.9157732,2.141530392,0,5,0,electronics,7,mobile,0,22,0.234728021,Asian,Female,India,,,,
14971,101.2616074,23.70294465,1,2,0,clothing,21,web,0,46,0.718959891,Black,Female,India,,,,
14972,47.53264269,3.039236059,0,8,1,grocery,13,branch,1,73,0.90904513,White,Female,Brazil,,,,
14973,116.488082,9.547186285,0,8,0,electronics,12,mobile,1,27,0.769963719,Other,Female,France,,,,
14974,251.3844424,1.218772328,0,7,0,clothing,15,branch,1,73,0.120038236,Other,Other,Brazil,,,,
14975,221.1503615,3.524410629,0,8,1,electronics,6,web,1,76,0.537949738,Black,Other,India,,,,
14976,121.6334324,16.90875293,0,3,0,clothing,9,mobile,1,72,0.835366182,White,Other,China,,,,
14977,74.19359657,14.69027968,0,3,0,travel,10,branch,1,57,0.590981782,Asian,Male,France,,,,
14978,143.989184,5.755872115,0,2,0,clothing,10,branch,0,30,0.439569161,White,Other,France,,,,
14979,141.4801692,7.992844043,0,1,0,travel,5,branch,1,46,0.28454635,Asian,Female,UK,,,,
14980,294.5672205,0.970513594,1,3,0,luxury,11,mobile,1,22,0.330390751,Other,Female,France,,,,
14981,198.2609198,6.394533398,0,3,0,electronics,9,web,0,75,0.24215683,White,Male,Brazil,,,,
14982,178.9131125,4.812338427,0,7,0,luxury,8,web,0,75,0.195726451,Asian,Male,UK,,,,
14983,384.1176169,0.480086696,0,9,0,grocery,21,mobile,1,76,0.588865149,White,Female,France,,,,
14984,478.1203476,0.60044788,0,1,0,luxury,5,branch,1,29,0.509384804,White,Other,UK,,,,
14985,219.1948385,0.573932997,0,8,0,clothing,8,mobile,0,76,0.734833084,White,Other,France,,,,
14986,223.1819475,6.443242462,0,1,0,clothing,2,mobile,0,30,0.307929537,Black,Female,Nigeria,,,,
14987,151.9928534,0.764096547,0,3,1,grocery,6,web,1,39,0.460824081,Asian,Male,China,,,,
14988,80.25028635,3.153043332,1,4,0,grocery,2,mobile,0,57,0.680370219,Asian,Female,Brazil,,,,
14989,311.1240649,2.207911297,0,8,0,electronics,19,branch,1,32,0.963233785,Other,Male,Brazil,,,,
14990,270.1202608,3.998143185,0,1,0,clothing,7,web,0,30,0.348870402,Asian,Other,UK,,,,
14991,161.8484707,6.128987656,0,2,0,grocery,21,web,0,18,0.29820887,Other,Other,Nigeria,,,,
14992,198.7183127,5.771510968,1,5,0,luxury,21,branch,1,71,0.449288371,Black,Female,UK,,,,
14993,366.8425349,3.623394773,0,6,0,clothing,7,mobile,0,55,0.723873963,Other,Other,UK,,,,
14994,409.3143707,3.121230387,1,5,0,grocery,12,web,1,60,0.961550298,Other,Female,India,,,,
14995,9.840710316,2.535957801,0,3,0,electronics,1,mobile,1,62,0.536536323,Black,Female,UK,,,,
14996,98.11004256,9.899246291,0,7,0,travel,13,branch,0,70,0.81244024,Black,Male,France,,,,
14997,161.4398472,2.00874863,0,1,0,clothing,4,web,0,69,0.464399806,Black,Female,India,,,,
14998,64.00515706,1.501242307,0,2,0,clothing,12,branch,0,18,0.039857129,White,Female,India,,,,
14999,202.6490333,6.79953775,0,9,0,clothing,22,web,1,28,0.894211309,Asian,Other,UK,,,,
15000,102.6095217,2.229587899,0,4,0,clothing,12,branch,1,75,0.289878093,White,Male,India,,,,
15001,207.7465664,9.386541029,0,8,0,travel,18,mobile,1,60,0.138665641,Other,Male,Brazil,,,,
15002,105.2751398,1.986656775,0,9,0,travel,23,branch,1,57,0.996161494,Black,Male,China,,,,
15003,109.1091658,6.052383286,0,7,1,electronics,2,branch,1,39,0.347398996,Black,Other,India,,,,
15004,206.572252,0.230790439,0,1,0,clothing,13,branch,0,52,0.136538277,White,Male,India,,,,
15005,320.597657,2.435243412,0,5,0,grocery,3,branch,1,77,0.311542178,Other,Other,France,,,,
15006,259.0708041,2.102108321,0,6,0,luxury,9,branch,1,68,0.513837627,Asian,Male,Brazil,,,,
15007,162.5055504,8.482575711,0,8,1,clothing,5,mobile,0,61,0.087957087,Other,Female,India,,,,
15008,26.32439517,17.06464007,0,8,1,travel,5,mobile,1,23,0.352620834,Black,Male,France,,,,
15009,106.8915003,3.089097332,0,9,0,electronics,1,web,1,45,0.668856423,Other,Other,Brazil,,,,
15010,97.22837191,8.710170916,1,9,0,clothing,1,branch,1,48,0.915932005,White,Other,India,,,,
15011,281.8024182,6.014778292,1,4,1,electronics,18,mobile,1,72,0.397437685,Other,Female,UK,,,,
15012,187.8567265,17.11506628,0,6,0,grocery,2,branch,0,25,0.564564246,White,Female,India,,,,
15013,193.1234348,8.332912894,0,3,1,grocery,19,branch,0,22,0.6360622,Other,Other,China,,,,
15014,83.60520502,0.403220633,0,1,0,grocery,3,web,0,59,0.070753479,Other,Male,Brazil,,,,
15015,420.4721443,6.246275782,0,6,0,grocery,3,branch,0,71,0.342225042,White,Female,China,,,,
15016,192.1449706,3.83396554,0,1,1,luxury,10,mobile,0,65,0.684254015,White,Female,India,,,,
15017,79.16081309,0.082863142,0,9,0,electronics,2,web,0,61,0.735661086,Asian,Male,China,,,,
15018,84.34769965,1.447171091,0,6,0,clothing,16,web,1,34,0.35595211,Asian,Other,Brazil,,,,
15019,213.3634676,12.7395674,0,1,1,luxury,8,web,1,55,0.00673625,Other,Female,UK,,,,
15020,76.4777488,13.02259946,0,3,1,clothing,13,branch,1,26,0.0068656,Black,Female,India,,,,
15021,98.31495418,8.018533342,0,1,0,travel,1,web,1,27,0.538120018,Black,Other,Brazil,,,,
15022,61.08703537,20.02606807,0,2,0,luxury,13,mobile,1,37,0.551485897,Asian,Male,China,,,,
15023,280.1811015,8.213557564,0,6,0,luxury,2,mobile,1,31,0.555719432,Asian,Male,France,,,,
15024,78.12435371,0.051283035,1,7,0,travel,1,web,1,31,0.721753066,Other,Female,China,,,,
15025,467.6142456,1.697223633,0,1,0,luxury,21,web,1,43,0.921269396,White,Other,India,,,,
15026,233.1247709,0.155514507,1,5,0,electronics,21,web,1,46,0.990170208,White,Male,China,,,,
15027,60.85669118,0.494175754,0,6,0,grocery,0,branch,1,66,0.701066755,White,Other,China,,,,
15028,257.3859538,1.234881652,0,4,0,clothing,3,web,1,79,0.513998718,Black,Female,China,,,,
15029,420.9705578,3.501448603,0,6,0,travel,9,web,1,44,0.140994798,Black,Male,UK,,,,
15030,157.0872005,9.404002819,0,5,0,grocery,14,branch,0,42,0.384175179,Black,Other,France,,,,
15031,454.3938165,9.901303627,0,7,0,luxury,20,web,0,33,0.572456666,Black,Other,China,,,,
15032,236.3285651,4.78819269,0,4,0,electronics,11,web,0,53,0.999808481,White,Female,India,,,,
15033,102.7014251,13.16767874,0,1,0,luxury,5,mobile,0,51,0.126981623,Other,Male,Brazil,,,,
15034,647.1259597,3.466359208,0,2,0,travel,20,mobile,0,33,0.793076471,Other,Female,Nigeria,,,,
15035,46.1995178,10.99274926,0,6,0,luxury,2,mobile,0,50,0.998940198,Black,Female,China,,,,
15036,128.4838374,3.026279137,0,2,0,electronics,2,branch,0,20,0.805291283,Black,Male,France,,,,
15037,162.5084519,1.623286594,0,5,0,luxury,18,mobile,0,40,0.76714416,White,Other,Brazil,,,,
15038,576.3257338,12.40933147,1,4,0,luxury,21,mobile,1,28,0.258681137,White,Other,France,,,,
15039,284.7737174,2.454584583,0,7,0,luxury,19,web,1,65,0.003362507,Other,Other,India,,,,
15040,251.8085881,3.499893399,0,4,0,luxury,3,branch,1,75,0.225987088,Asian,Male,UK,,,,
15041,89.62627436,1.993892312,0,7,0,electronics,18,web,1,35,0.789800115,Other,Female,China,,,,
15042,152.4806391,5.435952832,0,8,0,clothing,13,web,0,64,0.107281199,Other,Other,UK,,,,
15043,104.7676561,26.52290975,0,7,0,grocery,3,branch,1,58,0.296118375,Other,Other,China,,,,
15044,245.7917393,0.129223318,1,2,1,travel,7,branch,1,61,0.562505271,White,Male,China,,,,
15045,376.5426618,11.50533154,0,1,1,clothing,18,web,0,46,0.5798103,Black,Male,France,,,,
15046,744.4811433,0.019668921,0,5,0,electronics,18,web,1,76,0.54298869,White,Female,Nigeria,,,,
15047,114.8950782,2.264575418,0,7,0,travel,21,web,0,67,0.980883495,Black,Female,India,,,,
15048,44.85705845,0.923262194,0,1,0,travel,0,branch,0,22,0.012285596,Asian,Other,Brazil,,,,
15049,130.2414894,7.080506653,1,8,0,luxury,21,web,1,41,0.48759851,Asian,Other,India,,,,
15050,341.9176724,0.259682457,1,3,1,grocery,14,web,1,46,0.50442062,Asian,Male,Nigeria,,,,
15051,80.18719724,4.031410903,0,7,0,grocery,10,mobile,1,46,0.293322133,Black,Female,Brazil,,,,
15052,167.0620383,1.747263535,0,3,0,electronics,8,mobile,1,77,0.525071276,Other,Other,Nigeria,,,,
15053,254.1072091,0.71744834,0,4,1,clothing,2,mobile,0,43,0.673279841,Black,Male,India,,,,
15054,116.8545233,7.388063262,0,8,0,luxury,17,mobile,1,57,0.672755908,Asian,Female,India,,,,
15055,198.4086766,1.225775401,0,2,0,grocery,18,mobile,0,20,0.087856976,Other,Female,France,,,,
15056,73.32258172,1.265921526,0,6,0,luxury,15,web,1,19,0.802459981,Asian,Female,China,,,,
15057,394.4742843,1.608447701,0,9,0,clothing,15,web,1,42,0.93070983,Black,Male,Nigeria,,,,
15058,138.2906377,4.418715545,0,9,0,travel,2,branch,1,36,0.123611858,Other,Female,UK,,,,
15059,194.1283929,5.38913795,0,5,0,clothing,17,branch,0,57,0.416640286,Black,Male,Nigeria,,,,
15060,27.65433584,0.088796453,0,3,1,travel,12,branch,0,19,0.511750228,Black,Male,Nigeria,,,,
15061,64.17667988,1.384499621,0,6,0,clothing,19,web,0,36,0.134821689,Black,Male,Brazil,,,,
15062,334.0940915,2.819118014,0,9,0,luxury,7,mobile,1,18,0.50338405,Other,Female,China,,,,
15063,115.488848,2.017163016,0,6,1,clothing,6,web,1,79,0.206858837,Asian,Other,Brazil,,,,
15064,76.76635796,10.77818683,0,4,0,grocery,23,web,0,44,0.935360957,Asian,Other,France,,,,
15065,41.17889293,7.748980182,0,5,0,grocery,22,branch,1,71,0.448470342,Other,Male,UK,,,,
15066,389.4280427,4.916029917,0,7,0,electronics,21,branch,0,62,0.994901251,White,Male,India,,,,
15067,276.1452513,2.062768988,0,3,0,grocery,18,branch,0,72,0.046511148,Other,Other,UK,,,,
15068,263.440442,6.031082345,0,9,0,grocery,19,branch,0,69,0.127580744,White,Female,UK,,,,
15069,495.9289398,9.277907646,0,1,0,travel,23,web,0,66,0.443210801,Black,Other,UK,,,,
15070,128.5890245,4.517247391,0,8,0,luxury,11,branch,1,52,0.874359285,Asian,Other,France,,,,
15071,45.41725204,7.673077888,0,5,0,luxury,17,mobile,0,58,0.55522579,Black,Female,France,,,,
15072,174.6378309,6.913603001,0,9,0,travel,14,web,1,22,0.732343221,White,Male,UK,,,,
15073,559.5406826,4.240092564,0,2,0,grocery,11,mobile,0,55,0.423563157,Other,Other,India,,,,
15074,177.3812435,1.8711639,0,1,0,clothing,5,web,0,21,0.040512036,Black,Male,India,,,,
15075,369.8769059,6.847818669,0,7,0,travel,16,web,1,34,0.647812558,Other,Female,India,,,,
15076,47.23356673,1.158376507,0,9,1,luxury,22,branch,1,79,0.634001457,Other,Female,France,,,,
15077,88.02735083,7.559023675,0,5,0,electronics,3,mobile,0,70,0.071428032,White,Female,Brazil,,,,
15078,320.4425543,8.162168813,0,4,0,luxury,11,web,0,38,0.170881469,Other,Female,India,,,,
15079,191.178634,8.633929951,0,4,0,clothing,16,mobile,0,70,0.476155799,White,Female,Brazil,,,,
15080,154.8353219,3.201976476,0,8,0,luxury,20,web,0,65,0.446637588,Other,Male,UK,,,,
15081,366.4080172,1.068942036,0,1,0,travel,4,web,0,48,0.7524175,Other,Female,India,,,,
15082,317.4729365,0.525267259,0,1,0,electronics,5,web,0,65,0.387413137,Other,Male,UK,,,,
15083,195.0578281,6.800429134,1,8,1,luxury,14,mobile,1,39,0.663300239,Asian,Female,UK,,,,
15084,10.04515432,10.86926155,0,2,0,travel,7,web,1,28,0.70442354,Other,Male,China,,,,
15085,169.0341718,5.261101544,0,6,0,travel,19,mobile,0,51,0.64500386,Black,Female,Nigeria,,,,
15086,231.1042024,0.778359534,0,2,0,travel,15,mobile,0,66,0.596125572,Asian,Female,UK,,,,
15087,28.54088047,13.65888088,0,5,1,electronics,12,branch,1,32,0.805683481,White,Male,UK,,,,
15088,225.4590152,22.59588663,0,3,0,travel,22,mobile,0,67,0.657106973,Other,Other,China,,,,
15089,377.8014094,2.840319703,0,7,1,electronics,14,web,1,78,0.834184346,White,Female,France,,,,
15090,168.789522,4.517184602,0,9,0,clothing,19,web,1,27,0.636685527,Black,Male,UK,,,,
15091,68.96348094,7.508043932,0,2,0,clothing,12,web,0,55,0.158973017,Black,Male,India,,,,
15092,12.13379424,6.666418722,0,7,1,clothing,14,web,0,49,0.309445406,Black,Other,France,,,,
15093,228.7317968,17.1769557,0,8,0,travel,1,mobile,0,70,0.330355332,Black,Female,Nigeria,,,,
15094,32.84459666,0.610177711,0,8,1,electronics,23,branch,1,65,0.093915471,Other,Other,Nigeria,,,,
15095,261.9012148,4.346139653,0,7,0,clothing,20,mobile,0,48,0.692306657,White,Male,UK,,,,
15096,541.7184784,5.887164287,0,4,0,grocery,19,web,1,54,0.595111146,White,Female,Brazil,,,,
15097,91.68095822,11.0408504,0,4,0,clothing,17,mobile,0,61,0.589754922,White,Other,Nigeria,,,,
15098,141.0713304,10.36171906,0,9,0,travel,6,branch,1,45,0.478517301,Asian,Female,Nigeria,,,,
15099,562.3168334,19.08351721,0,9,0,grocery,20,branch,1,48,0.543124627,Asian,Male,China,,,,
15100,184.8280093,3.588003262,0,5,0,luxury,8,branch,1,23,0.008087292,Other,Other,Nigeria,,,,
15101,116.4513241,8.882212875,0,7,0,grocery,6,branch,1,31,0.096248069,Asian,Male,India,,,,
15102,341.8994954,2.786806602,0,7,0,luxury,8,branch,0,75,0.68335297,Black,Male,Brazil,,,,
15103,121.8262033,2.743622995,0,9,1,grocery,11,mobile,1,40,0.261466806,Other,Other,UK,,,,
15104,86.36723779,1.46078277,0,7,0,electronics,9,branch,0,33,0.107911537,Other,Other,China,,,,
15105,259.0370902,8.525266087,0,8,0,grocery,9,branch,0,42,0.32865526,Other,Other,China,,,,
15106,360.9297657,21.27788835,0,7,0,clothing,12,web,1,56,0.25448255,White,Male,China,,,,
15107,85.81595762,1.48086831,0,4,1,luxury,4,branch,0,19,0.029372464,Asian,Female,UK,,,,
15108,196.5276797,0.288842583,0,2,0,luxury,21,mobile,1,55,0.410557803,Black,Female,France,,,,
15109,146.0452309,8.451679275,0,3,0,clothing,7,web,1,58,0.027029196,Other,Female,India,,,,
15110,165.1226091,4.840948055,0,7,0,electronics,9,mobile,0,56,0.000390856,Black,Female,China,,,,
15111,69.60488311,16.05687024,0,9,1,grocery,5,web,1,51,0.792473751,Other,Female,Brazil,,,,
15112,273.2223994,1.453360819,0,2,0,electronics,10,branch,0,68,0.31497163,Black,Female,France,,,,
15113,466.3240085,0.368381562,0,7,0,clothing,3,mobile,1,57,0.567586385,White,Other,Brazil,,,,
15114,84.06557194,3.390724014,0,4,0,grocery,1,web,0,60,0.297750769,Black,Female,Nigeria,,,,
15115,273.0625241,0.446703291,0,7,0,clothing,5,mobile,1,42,0.930023697,Asian,Male,Brazil,,,,
15116,336.477175,1.517634718,0,5,0,luxury,12,web,0,53,0.729181232,Black,Male,China,,,,
15117,195.4476935,0.673247864,0,7,0,luxury,11,branch,1,33,0.369170258,Other,Female,France,,,,
15118,264.9078596,1.26886554,0,6,0,luxury,13,mobile,1,74,0.210626917,Other,Male,India,,,,
15119,93.00122578,0.561056605,0,2,0,travel,7,mobile,0,35,0.137806383,White,Male,China,,,,
15120,448.8390734,15.38536238,0,7,1,travel,2,mobile,1,30,0.762418684,White,Female,India,,,,
15121,362.8152898,1.632549127,0,5,0,luxury,4,branch,1,76,0.453036757,Other,Other,Nigeria,,,,
15122,391.3300921,2.934014019,0,9,0,travel,21,branch,1,54,0.231963379,Other,Other,UK,,,,
15123,58.84392509,11.4439932,0,1,0,travel,6,web,0,44,0.919626071,Black,Female,France,,,,
15124,241.4414518,5.6554954,0,1,1,clothing,17,mobile,0,51,0.390096397,Other,Other,UK,,,,
15125,99.11285499,4.812163959,0,2,0,grocery,5,web,0,28,0.543492715,White,Other,Nigeria,,,,
15126,474.7178954,6.113454336,0,8,1,luxury,17,web,0,18,0.857799184,White,Female,Brazil,,,,
15127,85.67849277,8.825264151,0,9,0,travel,7,branch,1,30,0.833375063,Asian,Male,Brazil,,,,
15128,201.3909744,10.50513491,1,7,0,clothing,6,mobile,0,47,0.637953632,Asian,Other,Nigeria,,,,
15129,19.76084609,5.145053402,0,1,0,clothing,1,branch,1,22,0.888623783,Other,Female,India,,,,
15130,200.6173716,11.03670524,0,7,1,grocery,3,mobile,1,35,0.952098161,Black,Male,France,,,,
15131,59.51964772,3.832865684,0,8,1,clothing,22,web,1,31,0.935114135,Other,Other,Nigeria,,,,
15132,250.4026042,1.623742143,0,7,1,electronics,8,branch,1,30,0.349007336,White,Female,Nigeria,,,,
15133,149.509295,10.60451491,0,5,0,electronics,15,branch,1,49,0.397171096,White,Other,France,,,,
15134,124.8092883,3.898678625,0,7,0,luxury,18,mobile,0,24,0.240503865,White,Other,China,,,,
15135,482.7611226,11.82962633,0,2,0,grocery,9,web,0,25,0.836829844,Other,Female,India,,,,
15136,676.7864769,0.20498408,1,9,0,electronics,7,branch,1,67,0.121824606,Other,Male,India,,,,
15137,43.4232143,2.533468788,0,2,0,grocery,15,web,0,24,0.35508337,Asian,Female,France,,,,
15138,128.1470904,14.76384463,0,2,0,luxury,7,branch,0,69,0.009733197,White,Male,UK,,,,
15139,304.0991106,1.436078191,0,5,0,clothing,19,branch,1,66,0.594646244,Asian,Female,China,,,,
15140,221.4692629,14.19674154,0,8,0,clothing,3,branch,1,33,0.658384307,White,Female,Brazil,,,,
15141,292.4791224,15.38497859,0,6,0,clothing,22,web,0,60,0.248987501,Asian,Other,France,,,,
15142,158.1101078,10.69138718,0,9,1,electronics,19,web,1,48,0.736730652,Other,Male,India,,,,
15143,373.1302488,4.146759804,0,6,0,grocery,12,web,1,68,0.381536788,Black,Male,China,,,,
15144,194.9140355,5.205578522,0,5,1,electronics,9,web,0,44,0.311711078,Black,Male,UK,,,,
15145,231.0783627,10.18639497,0,1,0,travel,22,web,0,77,0.956165423,White,Other,Nigeria,,,,
15146,59.58959463,7.478249395,0,8,0,grocery,8,web,1,50,0.588692464,Other,Female,Nigeria,,,,
15147,180.2582944,4.972529763,0,3,1,luxury,11,web,1,70,0.252319396,White,Other,Nigeria,,,,
15148,306.4037029,20.15949962,0,2,0,electronics,14,mobile,0,46,0.983242152,Asian,Female,Brazil,,,,
15149,212.572692,5.786665012,0,7,0,clothing,21,web,0,25,0.387549638,Other,Female,China,,,,
15150,186.3843839,18.54173715,0,2,0,clothing,0,web,0,50,0.647829784,Asian,Female,India,,,,
15151,241.6464721,0.295505187,0,1,0,clothing,11,mobile,0,79,0.723853915,Asian,Female,UK,,,,
15152,194.091186,0.748073743,0,2,0,electronics,23,mobile,1,58,0.42229582,White,Female,India,,,,
15153,162.2441469,3.00246486,0,6,0,electronics,13,web,0,36,0.535916785,Asian,Other,China,,,,
15154,313.0699761,2.429685159,1,2,1,clothing,21,web,1,38,0.239781929,White,Male,Brazil,,,,
15155,153.6205573,7.633183711,0,1,1,clothing,22,web,1,58,0.465821756,Asian,Female,Brazil,,,,
15156,56.00026204,0.875423192,0,1,0,clothing,1,mobile,0,38,0.310800088,White,Other,China,,,,
15157,468.2570508,18.66837565,0,4,0,travel,2,branch,0,42,0.547457933,Asian,Other,France,,,,
15158,101.7220958,1.892163068,0,8,1,electronics,5,branch,1,59,0.669890339,Asian,Other,China,,,,
15159,41.15419287,2.801162333,0,6,0,clothing,18,branch,0,73,0.614005201,Asian,Other,India,,,,
15160,263.3780277,1.606160033,0,4,0,luxury,20,branch,0,40,0.776716761,White,Other,Nigeria,,,,
15161,508.5028978,4.329932588,0,6,0,clothing,12,branch,1,28,0.041530029,Other,Female,France,,,,
15162,267.8538736,0.302088187,0,6,1,electronics,19,web,1,50,0.078596761,Black,Male,India,,,,
15163,424.1728217,0.810697981,0,9,0,luxury,20,branch,1,37,0.205314106,Black,Female,France,,,,
15164,77.36552004,6.848124429,0,4,0,electronics,7,web,0,42,0.985802534,White,Female,France,,,,
15165,56.78982396,1.032050347,0,6,0,electronics,3,mobile,0,43,0.800268053,White,Male,China,,,,
15166,127.7663632,1.342760785,2,1,0,electronics,18,mobile,0,57,0.924121017,Black,Female,UK,,,,
15167,354.4738275,7.874753358,0,7,0,grocery,6,branch,0,69,0.272090352,Other,Male,France,,,,
15168,251.037807,0.48972472,0,7,0,luxury,6,mobile,1,29,0.573856496,Other,Female,China,,,,
15169,264.452019,2.876588043,0,1,0,travel,0,web,0,49,0.554884796,Black,Male,Brazil,,,,
15170,186.3007729,0.116667541,0,8,0,travel,18,branch,0,50,0.569518951,Asian,Other,Nigeria,,,,
15171,129.8172626,2.129416229,0,5,0,grocery,16,branch,0,27,0.717566941,Asian,Male,UK,,,,
15172,192.7034682,6.002916154,0,9,0,electronics,7,web,1,21,0.393980031,White,Female,France,,,,
15173,149.4379522,0.472120901,0,8,0,travel,20,web,1,32,0.67721036,Black,Female,UK,,,,
15174,122.5355554,10.96124309,0,3,0,luxury,14,web,0,68,0.788437044,Black,Male,China,,,,
15175,225.8957856,12.01197427,0,1,0,clothing,19,branch,0,23,0.289073236,White,Other,Nigeria,,,,
15176,138.3360656,0.554604034,0,3,0,luxury,18,mobile,1,44,0.945743199,Other,Female,Nigeria,,,,
15177,207.4010355,23.40617379,0,2,0,electronics,6,mobile,0,22,0.518048015,Other,Other,UK,,,,
15178,22.69541395,1.765759738,0,2,0,luxury,23,mobile,0,22,0.732762704,Black,Male,India,,,,
15179,194.8639755,0.439249576,0,4,0,electronics,23,mobile,0,35,0.7289249,Asian,Male,Nigeria,,,,
15180,137.6457241,0.025399979,0,2,0,luxury,12,branch,0,45,0.565243319,Black,Male,Brazil,,,,
15181,439.5843025,2.625661521,0,8,0,grocery,0,web,1,52,0.322683695,Black,Other,Brazil,,,,
15182,39.19451378,4.968694265,3,5,0,luxury,6,mobile,1,76,0.666939462,Asian,Other,France,,,,
15183,184.1736417,2.018677398,0,1,0,travel,4,branch,1,39,0.087284873,Black,Male,India,,,,
15184,308.9850788,9.061363128,0,6,0,clothing,17,branch,0,51,0.981435388,Other,Male,India,,,,
15185,154.1712084,6.304590479,0,7,0,grocery,7,mobile,0,21,0.183997261,Other,Male,China,,,,
15186,133.912381,2.155157288,0,1,0,luxury,14,web,0,35,0.275426186,Asian,Other,France,,,,
15187,308.2491389,6.627119043,0,3,0,electronics,17,web,1,58,0.954439137,Other,Other,Nigeria,,,,
15188,246.6509375,14.10786443,0,9,0,grocery,5,branch,1,68,0.186541377,Asian,Other,UK,,,,
15189,260.0461307,0.488593382,0,7,1,travel,4,web,1,43,0.170092698,Asian,Male,India,,,,
15190,122.7369936,1.827165641,0,4,1,clothing,21,branch,0,59,0.80453598,Black,Other,India,,,,
15191,110.354576,3.111821659,0,6,0,clothing,10,web,1,39,0.251288171,Asian,Female,China,,,,
15192,207.5882683,3.445677468,1,6,1,luxury,7,mobile,1,64,0.094726588,Other,Other,Nigeria,,,,
15193,326.1599951,3.906566792,1,3,0,travel,8,web,1,50,0.226643028,Other,Other,China,,,,
15194,49.13845224,1.78785463,0,2,0,travel,12,mobile,0,78,0.888373586,White,Female,UK,,,,
15195,158.4979258,5.501964054,0,5,1,clothing,2,mobile,1,60,0.280319185,Other,Other,Brazil,,,,
15196,114.5397432,5.17937778,0,8,0,clothing,2,branch,1,31,0.695060516,Black,Male,India,,,,
15197,173.5310262,4.311635417,0,3,0,travel,6,mobile,1,48,0.395139229,Asian,Female,China,,,,
15198,288.9737356,0.603847137,0,5,0,clothing,2,branch,0,27,0.262118767,Other,Male,Nigeria,,,,
15199,84.22678426,3.240562116,0,3,0,electronics,10,mobile,0,68,0.144047407,White,Female,China,,,,
15200,266.6743687,2.202044624,0,7,0,clothing,13,mobile,0,41,0.972191729,White,Other,India,,,,
15201,126.1554783,3.376914223,0,6,0,electronics,20,mobile,1,38,0.521115544,Asian,Female,Brazil,,,,
15202,361.8880361,12.74667776,0,6,1,clothing,9,web,1,65,0.114754993,Other,Other,France,,,,
15203,88.67482053,3.274744018,0,1,0,grocery,19,web,0,25,0.198813976,Other,Other,China,,,,
15204,323.043992,0.070397218,0,2,0,grocery,8,mobile,0,49,0.407297078,White,Male,Nigeria,,,,
15205,54.54960435,2.888716982,0,6,1,grocery,11,branch,0,48,0.544170527,Other,Female,UK,,,,
15206,197.471322,8.592029638,0,8,0,electronics,7,mobile,0,51,0.181796798,Other,Female,France,,,,
15207,270.6437173,7.572023473,0,5,0,electronics,11,branch,0,40,0.277728358,Asian,Other,China,,,,
15208,90.77082968,3.601462246,0,2,0,luxury,8,mobile,0,42,0.783706325,Other,Male,UK,,,,
15209,117.7124837,1.436870685,0,5,0,luxury,21,mobile,0,24,0.4174816,Other,Male,Brazil,,,,
15210,174.9639038,3.128271354,0,9,1,clothing,17,branch,1,36,0.001402368,White,Other,UK,,,,
15211,133.531925,4.147151429,0,6,0,electronics,23,branch,1,24,0.053940288,Black,Male,India,,,,
15212,108.717878,44.79550706,0,5,0,grocery,16,web,1,64,0.439328446,Other,Male,Brazil,,,,
15213,311.488169,5.166624633,0,6,0,grocery,10,branch,0,25,0.060117738,Asian,Other,France,,,,
15214,387.1291563,5.925181683,0,9,0,grocery,20,mobile,1,31,0.173904412,White,Male,India,,,,
15215,371.8286057,3.380999439,0,7,0,clothing,1,branch,0,18,0.727876443,White,Other,China,,,,
15216,239.3548682,2.188569405,0,3,0,electronics,22,web,0,78,0.480383825,Asian,Male,India,,,,
15217,262.83771,8.381976347,0,5,0,clothing,20,mobile,0,30,0.482461933,Black,Other,Brazil,,,,
15218,77.93303596,3.415314237,0,4,0,travel,18,mobile,1,20,0.598218092,Other,Female,UK,,,,
15219,162.8631661,26.1909396,0,5,1,travel,13,mobile,0,70,0.788518668,Other,Male,China,,,,
15220,185.991964,3.054340179,0,8,0,luxury,22,branch,1,45,0.158585951,Asian,Male,UK,,,,
15221,213.1217719,0.352113843,0,6,0,electronics,2,mobile,0,55,0.173047594,White,Male,France,,,,
15222,210.408138,5.73761796,0,4,0,grocery,5,mobile,0,68,0.12140385,Asian,Male,Brazil,,,,
15223,175.2982251,0.238821071,0,5,0,electronics,3,branch,0,32,0.936829277,Black,Male,France,,,,
15224,237.3812382,1.44175546,0,7,0,luxury,11,mobile,1,53,0.577290224,White,Other,Nigeria,,,,
15225,203.6372592,2.182753379,0,8,0,grocery,1,branch,0,70,0.092640423,Black,Male,Brazil,,,,
15226,203.2963999,6.725447044,0,5,0,clothing,5,branch,1,20,0.220645561,Black,Other,Nigeria,,,,
15227,96.13705812,3.408424881,0,2,0,grocery,4,web,0,21,0.72559005,White,Female,France,,,,
15228,62.41046413,0.145321169,0,6,0,travel,4,mobile,0,22,0.028991679,Black,Female,Nigeria,,,,
15229,213.8928185,4.796641667,0,9,0,clothing,7,branch,1,67,0.725655558,White,Other,Nigeria,,,,
15230,121.9691679,2.650350053,0,3,0,grocery,4,web,1,43,0.911464418,Black,Female,India,,,,
15231,100.0274483,12.74463516,0,7,0,clothing,23,branch,0,42,0.056381766,Black,Other,India,,,,
15232,275.5261777,3.461360929,0,8,1,travel,7,mobile,1,27,0.186420446,White,Male,France,,,,
15233,164.2101724,6.171733032,0,6,0,travel,0,web,1,25,0.002378602,Black,Other,France,,,,
15234,425.4602256,1.235058798,0,3,0,electronics,19,branch,1,29,0.109030515,Black,Female,UK,,,,
15235,255.3904344,7.155905623,0,1,0,travel,8,web,1,71,0.616991521,Other,Other,China,,,,
15236,91.06969964,6.381916663,0,3,0,travel,13,mobile,0,75,0.044817796,Black,Female,Nigeria,,,,
15237,277.8963601,11.7212929,0,6,1,travel,1,branch,1,76,0.425835075,Asian,Other,China,,,,
15238,229.4023593,0.17203413,0,4,1,luxury,10,mobile,0,20,0.503401767,Black,Female,UK,,,,
15239,88.09736287,2.966515541,0,1,0,travel,3,branch,0,44,0.906629098,Asian,Male,UK,,,,
15240,110.1454147,5.683991969,0,6,1,electronics,3,web,0,67,0.474290356,White,Other,Brazil,,,,
15241,268.8270189,0.500007284,0,1,0,clothing,16,mobile,0,40,0.142545519,White,Male,UK,,,,
15242,30.87630373,2.643285546,0,8,0,luxury,15,web,1,57,0.289292215,Other,Male,UK,,,,
15243,18.7976064,14.24921554,0,3,0,clothing,6,branch,1,75,0.672195366,White,Male,Nigeria,,,,
15244,194.9673064,2.862924417,0,3,1,clothing,11,branch,0,50,0.11211581,Asian,Female,UK,,,,
15245,184.3777123,21.1353072,0,1,0,electronics,16,mobile,0,31,0.231742768,White,Female,Nigeria,,,,
15246,207.8650519,0.29259172,0,3,1,luxury,4,mobile,1,71,0.995777121,White,Male,China,,,,
15247,184.7689457,6.326223797,0,7,0,grocery,7,branch,0,40,0.005534571,Black,Other,Nigeria,,,,
15248,235.230516,4.349615549,0,8,0,travel,19,web,0,48,0.152183313,Asian,Female,UK,,,,
15249,390.6954399,3.471135589,0,8,0,clothing,4,branch,1,30,0.843685841,Asian,Female,Nigeria,,,,
15250,172.4847434,17.67605614,0,3,0,clothing,10,web,1,74,0.101382023,Asian,Male,France,,,,
15251,45.19672,0.694301548,0,5,0,electronics,18,mobile,0,29,0.033641006,White,Female,France,,,,
15252,26.75227556,11.3167715,1,1,0,electronics,20,web,0,52,0.121312304,Asian,Other,Nigeria,,,,
15253,130.7852928,5.875961672,0,9,0,electronics,18,branch,1,35,0.693597189,White,Female,China,,,,
15254,133.5257153,1.498746773,0,8,1,luxury,3,web,1,38,0.993110532,White,Female,China,,,,
15255,53.3030067,11.59708711,0,2,0,travel,10,mobile,0,62,0.590635566,Other,Other,France,,,,
15256,14.51015675,2.804413482,1,1,0,luxury,18,web,1,64,0.124316269,Other,Other,Brazil,,,,
15257,123.1851436,8.416157733,0,4,0,electronics,4,branch,1,59,0.183778771,White,Female,China,,,,
15258,506.7868223,2.461953947,0,9,0,electronics,1,branch,0,18,0.537682009,White,Other,India,,,,
15259,228.4064314,9.516724177,1,8,0,clothing,18,web,1,78,0.715658187,Black,Female,France,,,,
15260,214.3369211,5.06165627,0,3,0,luxury,16,branch,1,55,0.662912183,Other,Other,UK,,,,
15261,150.6339862,0.760203233,0,6,1,luxury,20,mobile,1,58,0.574726498,Asian,Male,France,,,,
15262,130.6101846,5.244300986,0,9,0,travel,19,web,0,59,0.986269776,Other,Female,Brazil,,,,
15263,245.0245303,1.061913059,0,8,1,luxury,17,web,1,64,0.19803395,Other,Male,Brazil,,,,
15264,59.64988876,2.654483773,0,5,1,travel,14,web,0,26,0.172903991,Other,Female,Brazil,,,,
15265,594.8085083,0.933428836,0,9,0,grocery,15,branch,0,40,0.85906121,Asian,Other,China,,,,
15266,64.02711902,0.111310436,1,9,0,travel,11,web,1,31,0.290821729,White,Male,China,,,,
15267,260.7865167,1.19056607,0,3,0,electronics,7,web,0,28,0.332526377,Other,Female,France,,,,
15268,69.70611001,3.843364118,0,8,1,grocery,5,web,1,24,0.54866814,Other,Other,India,,,,
15269,188.225301,3.284664216,0,4,0,clothing,23,web,1,48,0.381274799,White,Other,UK,,,,
15270,280.5381057,3.480729316,0,7,0,clothing,17,mobile,0,41,0.287640432,White,Male,India,,,,
15271,36.53644189,1.423013283,0,8,0,clothing,10,branch,0,43,0.917175261,Black,Female,China,,,,
15272,76.94490455,5.778472596,1,7,0,electronics,5,mobile,1,47,0.129274213,Other,Male,China,,,,
15273,81.6103022,6.091428515,0,5,0,clothing,16,web,1,51,0.404289783,White,Female,France,,,,
15274,139.5003646,2.215584303,0,1,0,travel,9,branch,0,63,0.002967059,Asian,Other,India,,,,
15275,205.7932272,10.65031062,0,8,0,electronics,18,web,1,55,0.80745366,Asian,Other,Nigeria,,,,
15276,513.5896471,5.164448828,0,5,0,luxury,14,mobile,1,22,0.168418846,Black,Other,UK,,,,
15277,109.3377866,6.242049601,0,3,0,electronics,15,web,0,22,0.772989997,Other,Female,Nigeria,,,,
15278,492.117074,1.624081583,0,2,0,electronics,22,mobile,0,78,0.148603114,White,Female,Nigeria,,,,
15279,222.6889059,0.003059111,0,3,0,luxury,16,mobile,0,36,0.416738848,Asian,Other,India,,,,
15280,61.98651769,10.02633345,0,9,0,travel,21,branch,1,68,0.728184939,Black,Female,Nigeria,,,,
15281,151.1784196,8.641793792,0,2,0,grocery,6,web,0,55,0.270808803,Other,Female,UK,,,,
15282,46.00324534,0.657335555,0,1,0,luxury,18,web,0,45,0.313917126,Asian,Other,Nigeria,,,,
15283,130.8452237,2.342864346,0,2,0,electronics,7,web,1,43,0.667322495,Black,Other,France,,,,
15284,123.7046511,5.413782913,1,2,0,clothing,7,branch,0,78,0.187700984,White,Female,UK,,,,
15285,190.5438953,5.279357026,1,5,1,luxury,4,mobile,1,59,0.951784383,Asian,Female,France,,,,
15286,261.4020482,9.84309192,0,1,1,luxury,10,branch,0,40,0.188787684,Other,Male,France,,,,
15287,160.449985,0.755673771,0,8,0,grocery,1,branch,0,63,0.74999546,Asian,Female,China,,,,
15288,68.84982902,2.81006609,1,2,0,electronics,17,mobile,1,66,0.802598869,White,Male,Brazil,,,,
15289,424.2603918,0.511406406,0,6,0,clothing,20,web,0,47,0.37437044,White,Female,Brazil,,,,
15290,535.4448319,2.468165074,0,5,0,clothing,3,mobile,1,20,0.156239141,Black,Male,France,,,,
15291,148.5975426,0.076113628,0,2,0,grocery,11,mobile,0,45,0.165903516,White,Male,China,,,,
15292,215.6586027,11.42731582,0,1,1,clothing,3,mobile,0,50,0.985450364,Other,Other,Nigeria,,,,
15293,142.266035,3.743764557,1,6,0,travel,4,web,1,59,0.725409937,Other,Female,France,,,,
15294,191.6845489,9.479012959,0,6,0,luxury,16,mobile,1,20,0.450047437,Asian,Other,France,,,,
15295,199.2671716,0.308870135,0,3,1,luxury,22,branch,1,22,0.257349789,Asian,Other,Brazil,,,,
15296,54.13196924,1.290345229,0,8,0,clothing,18,mobile,0,74,0.018910123,White,Female,India,,,,
15297,132.8203864,1.501337996,0,9,1,clothing,9,mobile,1,36,0.670463857,White,Other,India,,,,
15298,342.4537003,2.444435991,0,3,1,clothing,13,branch,0,59,0.956916347,White,Other,China,,,,
15299,322.457054,8.119367337,0,9,0,luxury,14,web,1,79,0.106843208,White,Other,China,,,,
15300,130.8728364,2.443346765,0,8,0,clothing,13,branch,0,75,0.754491247,Asian,Other,India,,,,
15301,202.0637389,1.144887238,0,5,0,travel,15,web,0,74,0.153236887,Other,Male,France,,,,
15302,138.8767634,0.335991665,0,6,1,travel,7,web,1,65,0.792105183,Black,Female,France,,,,
15303,268.4685576,0.41414657,0,1,0,luxury,8,web,0,18,0.370572845,Asian,Female,Nigeria,,,,
15304,36.19260967,7.136565332,0,5,0,electronics,7,web,0,55,0.712061578,Asian,Other,China,,,,
15305,245.4968866,2.942161286,0,7,1,electronics,10,branch,0,26,0.926282404,Other,Female,Brazil,,,,
15306,443.2495659,6.476442102,0,1,1,electronics,11,web,1,77,0.620139195,Black,Male,China,,,,
15307,95.2430004,5.733036013,0,9,0,travel,13,branch,1,22,0.920699024,Other,Other,France,,,,
15308,403.7663958,0.727224454,0,7,0,grocery,17,mobile,1,76,0.235024376,White,Other,UK,,,,
15309,209.5307394,0.770933018,0,4,0,electronics,22,branch,0,63,0.978133809,Black,Other,China,,,,
15310,160.1392666,7.039470125,0,4,0,grocery,11,mobile,1,59,0.872848072,Asian,Male,UK,,,,
15311,130.064815,6.387527926,1,7,0,luxury,3,branch,1,51,0.107573334,White,Female,Brazil,,,,
15312,413.2589612,2.374323259,0,6,0,travel,12,mobile,0,54,0.413539744,White,Male,UK,,,,
15313,139.2338598,0.402918196,0,3,0,electronics,20,branch,0,50,0.927029524,White,Female,UK,,,,
15314,487.7059366,0.060858992,0,9,0,travel,15,branch,1,42,0.078115365,White,Male,Brazil,,,,
15315,451.1177768,1.699489133,0,6,0,luxury,9,branch,1,59,0.453762762,White,Male,China,,,,
15316,115.5708604,0.04632531,0,2,0,travel,20,branch,0,46,0.723593762,White,Other,France,,,,
15317,147.4880821,1.307295409,0,2,0,clothing,10,mobile,0,75,0.03344731,Black,Other,France,,,,
15318,25.0678659,2.719333765,0,1,0,electronics,11,web,0,42,0.752830904,White,Other,Nigeria,,,,
15319,164.1851035,0.647217456,0,5,0,travel,17,branch,0,71,0.361202578,Black,Male,France,,,,
15320,180.1343506,0.550624558,0,6,0,travel,1,mobile,1,76,0.249371817,Black,Male,UK,,,,
15321,367.3291976,11.33789682,0,3,1,travel,18,branch,1,26,0.575972251,Other,Female,UK,,,,
15322,467.3380052,4.403050003,0,4,0,luxury,4,web,0,79,0.544331217,Other,Male,Nigeria,,,,
15323,286.2940899,13.62514414,0,5,0,electronics,19,mobile,0,20,0.873939286,Black,Female,Brazil,,,,
15324,347.199044,2.121910791,0,4,0,electronics,9,mobile,0,32,0.676002936,White,Other,UK,,,,
15325,147.3961504,5.652758894,0,9,0,clothing,15,mobile,1,21,0.421864342,Other,Other,France,,,,
15326,57.55896953,1.145127044,0,3,0,clothing,11,branch,0,62,0.650138412,White,Male,France,,,,
15327,209.2468897,4.816129752,0,5,0,travel,8,branch,0,55,0.750148035,White,Female,France,,,,
15328,363.1631565,0.693930041,0,7,0,electronics,2,web,1,37,0.93732858,Other,Female,UK,,,,
15329,7.092074936,0.010414034,2,7,0,electronics,0,web,1,66,0.70426159,Other,Other,India,,,,
15330,186.6253837,13.40692948,0,6,0,travel,4,branch,1,40,0.543872356,Other,Male,UK,,,,
15331,29.4106696,4.04721834,0,9,0,grocery,7,branch,1,54,0.372980083,White,Female,UK,,,,
15332,88.66870731,13.08241665,0,7,0,electronics,16,mobile,1,79,0.891483632,Asian,Female,India,,,,
15333,192.2241461,2.031063365,0,4,1,travel,0,branch,1,64,0.792519635,Asian,Female,India,,,,
15334,472.3928261,1.985893198,0,9,0,travel,12,mobile,1,25,0.077181267,Other,Other,France,,,,
15335,172.8477841,2.559589448,0,6,1,grocery,5,web,0,74,0.699541205,White,Male,France,,,,
15336,273.3952852,6.121574613,0,1,1,clothing,14,branch,0,54,0.538749579,Asian,Female,France,,,,
15337,207.7590937,4.171349535,0,9,0,travel,6,web,1,73,0.103643927,Other,Male,UK,,,,
15338,93.43901961,12.97505246,0,7,1,electronics,23,branch,1,62,0.564960884,White,Female,China,,,,
15339,238.1316609,0.128850583,0,6,1,clothing,7,branch,1,50,0.192505933,White,Other,Brazil,,,,
15340,56.04293478,6.158363612,0,6,1,clothing,2,mobile,0,50,0.708144885,White,Male,China,,,,
15341,170.9664119,2.004833874,0,4,0,clothing,14,branch,0,24,0.278461306,White,Female,Nigeria,,,,
15342,408.0416999,0.993679603,0,4,1,travel,3,web,1,39,0.150343934,White,Other,Brazil,,,,
15343,196.235437,3.570788034,0,3,0,electronics,8,branch,1,22,0.081972919,White,Other,India,,,,
15344,207.825013,3.516631908,0,8,1,grocery,10,web,1,63,0.490799463,White,Other,UK,,,,
15345,130.6917449,0.736766837,0,8,0,luxury,20,branch,1,32,0.199634774,Other,Female,China,,,,
15346,39.0941478,1.127582173,0,2,1,luxury,13,web,0,38,0.855127837,Other,Other,UK,,,,
15347,142.9317475,2.622634165,0,5,0,clothing,8,web,0,79,0.003001105,Black,Other,Nigeria,,,,
15348,311.3200496,2.628101067,0,9,0,luxury,11,web,1,42,0.84363879,Other,Other,Brazil,,,,
15349,227.3499365,1.910389709,0,9,1,luxury,4,branch,1,34,0.521092406,Other,Other,India,,,,
15350,59.29660122,0.804044031,0,7,0,travel,20,mobile,1,73,0.922145544,Black,Other,Nigeria,,,,
15351,27.66320522,0.021916358,0,4,0,grocery,5,web,0,67,0.204611257,Other,Female,UK,,,,
15352,92.4915133,17.57212085,0,4,0,luxury,18,web,0,24,0.102273799,Asian,Male,Nigeria,,,,
15353,144.0768766,14.36750504,0,7,1,grocery,4,mobile,0,71,0.624958209,Asian,Female,France,,,,
15354,152.2626648,3.304855916,0,3,1,luxury,0,web,1,75,0.70672742,Other,Female,Brazil,,,,
15355,153.8296659,26.54360981,0,3,0,clothing,9,web,1,67,0.37258506,Other,Female,India,,,,
15356,171.5619077,5.598990622,0,5,1,clothing,13,branch,0,77,0.013680174,Other,Male,France,,,,
15357,232.7966563,0.356714963,0,6,0,grocery,22,mobile,1,78,0.406962458,Other,Male,Brazil,,,,
15358,123.6270959,0.626218859,0,8,0,grocery,16,web,1,36,0.233786924,Black,Other,France,,,,
15359,75.6457944,12.39129461,0,1,0,grocery,10,branch,0,69,0.347469641,Black,Male,Nigeria,,,,
15360,252.2008151,4.971966851,0,7,0,grocery,3,branch,1,24,0.506754459,Other,Female,India,,,,
15361,316.4745314,9.263398773,0,8,0,electronics,17,branch,0,57,0.702341829,Other,Other,China,,,,
15362,108.0838956,11.42714795,0,5,0,clothing,18,branch,1,62,0.963225286,Black,Male,Nigeria,,,,
15363,597.4838368,2.970510931,0,2,0,luxury,3,mobile,1,76,0.143999844,Asian,Female,Nigeria,,,,
15364,455.7192122,0.248714335,0,4,0,electronics,11,mobile,0,67,0.679899427,White,Other,Brazil,,,,
15365,63.47148202,1.043001278,0,6,0,grocery,13,branch,1,41,0.233211452,Other,Other,India,,,,
15366,30.10221127,0.344456958,0,9,1,luxury,17,mobile,1,28,0.220704704,Asian,Other,India,,,,
